season,position,full_name,team,age,games_played,total_points,passing_yds,passing_td,passing_int,rushing_yds,rushing_td,targets,receiving_rec,receiving_yds,receiving_td,reception_pct,fumbles,off_snaps,team_off_snaps,snap_pct,pat_made,pat_missed,fg_made,def_sacks,def_ints,def_fum_rec,def_td,def_safeties,def_blocked_kicks,pts_allowed,yds_allowed,weekly_pts_std,floor,ceiling,games_over_10,games_over_20
2020,QB,Josh Allen,BUF,24,16,397.06,4544,37,10,421,8,1,1,12,1,100.0,6,1061,1117,95.0,0,0,0,0,0,0,0,0,0,0,0,7.81,15.1,34.86,16,10
2020,QB,Aaron Rodgers,PIT,36,16,384.26,4299,48,5,149,3,1,1,-6,0,100.0,2,1030,1054,97.7,0,0,0,0,0,0,0,0,0,0,0,5.99,16.22,30.04,15,13
2020,QB,Kyler Murray,MIN,23,16,381.74,3971,26,12,819,11,0,0,0,0,0.0,4,1141,1173,97.3,0,0,0,0,0,0,0,0,0,0,0,9.31,11.12,34.58,14,11
2020,RB,Alvin Kamara,NO,25,15,376.8,0,0,0,932,16,107,83,756,5,77.6,0,671,1032,65.0,0,0,0,0,0,0,0,0,0,0,0,12.75,12.58,43.53,14,9
2020,QB,Patrick Mahomes,KC,24,15,375.4,4740,38,6,308,2,2,0,0,0,0.0,2,1053,1077,97.8,0,0,0,0,0,0,0,0,0,0,0,7.27,17.79,34.71,15,12
2020,QB,Deshaun Watson,CLE,24,16,368.32,4823,33,7,444,3,0,0,0,0,0.0,3,999,1002,99.7,0,0,0,0,0,0,0,0,0,0,0,5.73,16.11,30.84,16,10
2020,QB,Russell Wilson,,31,16,365.78,4212,40,13,513,2,0,0,0,0,0.0,4,1069,1087,98.3,0,0,0,0,0,0,0,0,0,0,0,7.75,13.35,33.73,16,9
2020,WR,Davante Adams,LAR,27,14,357.4,0,0,0,0,0,149,115,1374,18,77.2,1,786,928,84.7,0,0,0,0,0,0,0,0,0,0,0,12.06,11.63,40.88,13,8
2020,QB,Tom Brady,,43,16,345.92,4633,40,12,6,3,0,0,0,0,0.0,1,1035,1086,95.3,0,0,0,0,0,0,0,0,0,0,0,8.98,10.45,33.36,14,9
2020,QB,Ryan Tannehill,,32,16,345.36,3819,33,7,266,7,1,1,0,0,100.0,1,1081,1107,97.7,0,0,0,0,0,0,0,0,0,0,0,7.19,13.41,31.06,16,7
2020,QB,Justin Herbert,LAC,22,15,334.84,4336,31,10,234,5,0,0,0,0,0.0,1,1036,1188,87.2,0,0,0,0,0,0,0,0,0,0,0,7.74,12.81,31.54,14,10
2020,RB,Dalvin Cook,,25,14,332.8,0,0,0,1557,16,54,44,361,1,81.5,3,684,972,70.4,0,0,0,0,0,0,0,0,0,0,0,9.81,14.0,35.83,13,8
2020,QB,Lamar Jackson,BAL,23,15,331.78,2757,26,9,1005,7,0,0,0,0,0.0,4,940,998,94.2,0,0,0,0,0,0,0,0,0,0,0,6.21,14.51,29.47,15,9
2020,RB,Derrick Henry,BAL,26,16,330.1,0,0,0,2027,17,31,19,114,0,61.3,2,723,1107,65.3,0,0,0,0,0,0,0,0,0,0,0,11.22,7.48,37.03,12,7
2020,WR,Tyreek Hill,,26,15,328.9,0,0,0,123,2,135,87,1276,15,64.4,0,925,1077,85.9,0,0,0,0,0,0,0,0,0,0,0,11.67,11.8,36.03,14,7
2020,WR,Stefon Diggs,,26,16,328.6,0,0,0,1,0,166,127,1535,8,76.5,0,991,1117,88.7,0,0,0,0,0,0,0,0,0,0,0,7.76,12.8,31.4,16,7
2020,TE,Travis Kelce,KC,30,15,311.76,4,0,0,0,0,145,105,1416,11,72.4,1,926,1130,81.9,0,0,0,0,0,0,0,0,0,0,0,6.39,11.75,26.99,13,10
2020,QB,Kirk Cousins,LV,32,16,310.2,4265,35,13,156,1,0,0,0,0,0.0,5,1107,1109,99.8,0,0,0,0,0,0,0,0,0,0,0,7.19,10.0,27.24,15,9
2020,QB,Matt Ryan,,35,16,287.44,4581,26,11,92,2,0,0,0,0,0.0,3,1130,1142,98.9,0,0,0,0,0,0,0,0,0,0,0,7.45,9.1,28.23,14,6
2020,WR,DeAndre Hopkins,,28,16,284.8,0,0,0,1,0,160,115,1407,6,71.9,2,1081,1173,92.2,0,0,0,0,0,0,0,0,0,0,0,7.82,8.23,27.23,13,8
2020,WR,Calvin Ridley,TEN,25,14,280.5,0,0,0,1,0,143,90,1374,9,62.9,1,833,1070,77.9,0,0,0,0,0,0,0,0,0,0,0,7.75,11.65,30.63,12,5
2020,TE,Darren Waller,,27,16,276.6,0,0,0,0,0,146,107,1196,9,73.3,2,1005,1100,91.4,0,0,0,0,0,0,0,0,0,0,0,10.48,5.9,32.3,12,5
2020,WR,Justin Jefferson,MIN,21,16,273.2,0,0,0,2,0,125,88,1400,7,70.4,0,908,1109,81.9,0,0,0,0,0,0,0,0,0,0,0,9.86,5.73,30.85,10,6
2020,QB,Ben Roethlisberger,PIT,38,15,272.22,3803,33,10,11,0,0,0,0,0,0.0,1,1025,1048,97.8,0,0,0,0,0,0,0,0,0,0,0,5.8,11.13,25.32,14,5
2020,WR,DK Metcalf,PIT,22,16,270.3,0,0,0,0,0,129,83,1303,10,64.3,1,1001,1087,92.1,0,0,0,0,0,0,0,0,0,0,0,9.3,5.88,29.73,12,4
2020,QB,Derek Carr,,29,16,270.12,4103,27,9,140,3,0,0,0,0,0.0,8,1021,1100,92.8,0,0,0,0,0,0,0,0,0,0,0,8.8,4.86,26.7,13,6
2020,QB,Matthew Stafford,LAR,32,16,268.56,4084,26,10,112,0,1,0,0,0,0.0,1,951,1035,91.9,0,0,0,0,0,0,0,0,0,0,0,6.5,8.02,24.27,14,5
2020,QB,Cam Newton,,31,15,264.98,2657,8,10,592,12,2,2,35,1,100.0,1,883,945,93.4,0,0,0,0,0,0,0,0,0,0,0,10.21,5.73,31.08,11,5
2020,WR,Tyler Lockett,,27,16,264.4,0,0,0,0,0,132,100,1054,10,75.8,0,965,1087,88.8,0,0,0,0,0,0,0,0,0,0,0,13.18,6.48,36.17,9,4
2020,RB,David Montgomery,HOU,23,15,263.8,0,0,0,1070,8,68,54,438,2,79.4,1,785,1057,74.3,0,0,0,0,0,0,0,0,0,0,0,7.99,7.68,27.45,12,7
2020,WR,Allen Robinson,,27,16,262.9,0,0,0,-1,0,151,102,1250,6,67.5,0,940,1107,84.9,0,0,0,0,0,0,0,0,0,0,0,7.2,8.15,26.53,14,6
2020,RB,Aaron Jones,MIN,25,14,256.9,0,0,0,1104,9,63,47,355,2,74.6,0,546,914,59.7,0,0,0,0,0,0,0,0,0,0,0,8.84,11.3,29.08,12,4
2020,WR,Adam Thielen,,30,15,254.0,0,0,0,15,0,108,74,925,14,68.5,0,946,1030,91.8,0,0,0,0,0,0,0,0,0,0,0,9.53,6.13,29.7,9,7
2020,RB,Jonathan Taylor,IND,21,15,251.8,0,0,0,1169,11,39,36,299,1,92.3,1,520,1034,50.3,0,0,0,0,0,0,0,0,0,0,0,8.64,7.03,27.73,11,3
2020,QB,Philip Rivers,,38,16,248.96,4169,24,11,-8,0,0,0,0,0,0.0,1,1058,1108,95.5,0,0,0,0,0,0,0,0,0,0,0,5.23,9.34,22.41,14,3
2020,QB,Baker Mayfield,TB,25,16,248.62,3563,26,8,165,1,1,1,6,0,100.0,4,1077,1097,98.2,0,0,0,0,0,0,0,0,0,0,0,8.39,5.68,27.56,11,4
2020,WR,Mike Evans,SF,27,16,248.6,0,0,0,0,0,109,70,1006,13,64.2,0,869,1086,80.0,0,0,0,0,0,0,0,0,0,0,0,8.97,5.63,27.18,11,3
2020,RB,James Robinson,,22,14,247.4,0,0,0,1070,7,60,49,344,3,81.7,1,628,906,69.3,0,0,0,0,0,0,0,0,0,0,0,7.24,10.68,27.83,12,5
2020,QB,Teddy Bridgewater,DET,27,15,246.22,3733,15,11,279,5,0,0,0,0,0.0,3,949,989,96.0,0,0,0,0,0,0,0,0,0,0,0,6.58,8.11,24.2,12,5
2020,QB,Jared Goff,DET,25,15,245.98,3952,20,13,99,4,0,0,0,0,0.0,4,1075,1076,99.9,0,0,0,0,0,0,0,0,0,0,0,6.83,8.59,25.2,13,5
2020,WR,A.J. Brown,NE,23,14,245.5,0,0,0,0,0,106,70,1075,11,66.0,1,782,965,81.0,0,0,0,0,0,0,0,0,0,0,0,8.1,7.25,27.1,10,7
2020,WR,Robert Woods,,28,16,243.1,0,0,0,155,2,129,90,936,6,69.8,1,1031,1153,89.4,0,0,0,0,0,0,0,0,0,0,0,7.3,7.2,25.25,10,4
2020,WR,Keenan Allen,,28,14,242.1,0,0,0,-1,0,147,100,992,8,68.0,2,883,1057,83.5,0,0,0,0,0,0,0,0,0,0,0,8.29,7.75,27.63,11,6
2020,WR,Amari Cooper,,26,16,236.8,0,0,0,14,0,130,92,1114,5,70.8,0,948,1155,82.1,0,0,0,0,0,0,0,0,0,0,0,7.72,4.5,23.9,13,3
2020,WR,Brandin Cooks,,26,14,232.0,0,0,0,0,0,119,81,1150,6,68.1,0,818,934,87.6,0,0,0,0,0,0,0,0,0,0,0,9.53,7.68,29.65,11,4
2020,WR,JuJu Smith-Schuster,NYG,23,16,231.1,0,0,0,0,0,128,97,831,9,75.8,1,938,1117,84.0,0,0,0,0,0,0,0,0,0,0,0,7.16,4.2,23.13,11,4
2020,RB,Josh Jacobs,GB,22,15,229.3,0,0,0,1065,12,45,33,238,0,73.3,2,629,1022,61.5,0,0,0,0,0,0,0,0,0,0,0,8.66,6.43,27.23,11,5
2020,WR,Marvin Jones,,30,16,227.8,0,0,0,0,0,115,76,978,9,66.1,0,935,1035,90.3,0,0,0,0,0,0,0,0,0,0,0,9.6,4.43,28.6,9,4
2020,WR,Robbie Chosen,,27,16,223.1,0,0,0,15,0,136,95,1096,3,69.9,1,827,1064,77.7,0,0,0,0,0,0,0,0,0,0,0,5.53,6.73,20.55,12,1
2020,WR,Terry McLaurin,WAS,24,15,222.8,0,0,0,30,0,134,87,1118,4,64.9,1,972,1045,93.0,0,0,0,0,0,0,0,0,0,0,0,6.64,6.13,23.45,12,4
2020,WR,Diontae Johnson,,24,15,219.8,0,0,0,15,0,144,88,923,7,61.1,1,743,1052,70.6,0,0,0,0,0,0,0,0,0,0,0,8.92,2.83,24.73,10,6
2020,RB,Ezekiel Elliott,,25,15,217.7,0,0,0,979,6,71,52,338,2,73.2,5,788,1097,71.8,0,0,0,0,0,0,0,0,0,0,0,6.94,6.05,22.73,9,3
2020,RB,Kareem Hunt,,25,16,216.5,0,0,0,841,6,51,38,304,5,74.5,0,563,1097,51.3,0,0,0,0,0,0,0,0,0,0,0,6.62,6.2,22.6,9,2
2020,WR,CeeDee Lamb,DAL,21,16,215.7,0,0,0,82,1,111,74,935,5,66.7,1,731,1155,63.3,0,0,0,0,0,0,0,0,0,0,0,6.39,5.98,22.13,11,3
2020,WR,DJ Moore,BUF,23,15,212.5,0,0,0,22,0,118,66,1193,4,55.9,0,858,996,86.1,0,0,0,0,0,0,0,0,0,0,0,6.23,7.13,21.68,9,2
2020,WR,Chase Claypool,,22,16,211.9,0,0,0,16,2,109,62,873,9,56.9,1,706,1117,63.2,0,0,0,0,0,0,0,0,0,0,0,9.9,3.13,25.78,9,3
2020,WR,Curtis Samuel,,24,15,211.1,0,0,0,200,2,97,77,851,3,79.4,0,677,992,68.2,0,0,0,0,0,0,0,0,0,0,0,6.6,6.43,22.6,9,4
2020,QB,Drew Brees,,41,12,209.48,2942,24,6,-2,2,0,0,0,0,0.0,2,725,815,89.0,0,0,0,0,0,0,0,0,0,0,0,5.04,11.49,22.25,11,5
2020,WR,Cooper Kupp,SEA,27,15,207.7,0,0,0,33,0,124,92,974,3,74.2,1,864,1076,80.3,0,0,0,0,0,0,0,0,0,0,0,6.33,6.78,22.73,10,3
2020,WR,Cole Beasley,,31,15,207.5,20,1,0,0,0,107,82,967,4,76.6,0,704,1053,66.9,0,0,0,0,0,0,0,0,0,0,0,7.28,6.28,24.33,9,3
2020,RB,Nick Chubb,,24,12,206.7,0,0,0,1067,12,18,16,150,0,88.9,1,423,857,49.4,0,0,0,0,0,0,0,0,0,0,0,7.28,8.73,25.3,10,4
2020,RB,Mike Davis,,27,14,205.5,0,0,0,642,6,70,59,373,2,84.3,1,596,1001,59.5,0,0,0,0,0,0,0,0,0,0,0,7.33,8.45,25.35,8,4
2020,QB,Carson Wentz,MIN,27,12,203.4,2620,16,15,276,5,0,0,0,0,0.0,4,829,1099,75.4,0,0,0,0,0,0,0,0,0,0,0,7.52,8.32,25.28,9,4
2020,RB,Antonio Gibson,,22,14,200.2,0,0,0,795,11,44,36,247,0,81.8,2,414,969,42.7,0,0,0,0,0,0,0,0,0,0,0,8.45,6.6,25.18,9,3
2020,RB,Melvin Gordon,,27,15,194.4,0,0,0,986,9,44,32,158,1,72.7,4,638,1034,61.7,0,0,0,0,0,0,0,0,0,0,0,6.89,4.8,22.08,9,3
2020,WR,Tee Higgins,CIN,21,14,193.6,0,0,0,28,0,108,67,908,6,62.0,1,833,1117,74.6,0,0,0,0,0,0,0,0,0,0,0,5.65,7.03,20.8,10,3
2020,RB,Nyheim Miller-Hines,,23,16,193.2,0,0,0,380,3,76,63,482,4,82.9,0,399,1108,36.0,0,0,0,0,0,0,0,0,0,0,0,7.56,4.6,23.63,9,3
2020,WR,Tyler Boyd,,25,14,191.64,16,0,0,49,0,110,79,841,4,71.8,0,772,1040,74.2,0,0,0,0,0,0,0,0,0,0,0,7.06,5.55,22.51,9,3
2020,WR,Corey Davis,,25,12,190.4,0,0,0,0,0,92,65,984,5,70.7,1,738,961,76.8,0,0,0,0,0,0,0,0,0,0,0,8.18,8.5,25.03,9,3
2020,WR,Chris Godwin,TB,24,12,190.0,0,0,0,0,0,84,65,840,7,77.4,0,682,804,84.8,0,0,0,0,0,0,0,0,0,0,0,6.79,8.5,22.95,9,2
2020,RB,Kenyan Drake,,26,15,189.2,0,0,0,955,10,31,25,137,0,80.6,1,627,1102,56.9,0,0,0,0,0,0,0,0,0,0,0,6.52,5.68,20.8,9,2
2020,WR,William Fuller,,26,10,188.9,0,0,0,0,0,75,53,879,8,70.7,0,589,679,86.7,0,0,0,0,0,0,0,0,0,0,0,7.07,12.68,25.8,9,4
2020,RB,J.D. McKissic,,27,16,188.4,0,0,0,365,1,110,80,589,2,72.7,1,656,1116,58.8,0,0,0,0,0,0,0,0,0,0,0,6.63,4.5,21.0,8,2
2020,QB,Drew Lock,SEA,23,13,188.32,2933,16,15,160,3,0,0,0,0,0.0,3,850,918,92.6,0,0,0,0,0,0,0,0,0,0,0,8.36,5.56,24.73,9,4
2020,RB,D'Andre Swift,CHI,21,13,186.8,0,0,0,521,8,57,46,357,2,80.7,2,391,826,47.3,0,0,0,0,0,0,0,0,0,0,0,6.94,6.88,22.6,10,3
2020,RB,Chris Carson,,25,12,186.8,0,0,0,681,5,46,37,287,4,80.4,0,408,815,50.1,0,0,0,0,0,0,0,0,0,0,0,6.13,8.73,22.13,10,2
2020,WR,Jarvis Landry,,27,15,185.96,74,1,0,10,1,101,72,840,3,71.3,0,722,1015,71.1,0,0,0,0,0,0,0,0,0,0,0,6.25,6.28,21.06,8,2
2020,WR,Nelson Agholor,,27,15,185.6,0,0,0,0,0,82,48,896,8,58.5,0,740,1100,67.3,0,0,0,0,0,0,0,0,0,0,0,7.18,4.15,22.5,8,4
2020,WR,Brandon Aiyuk,SF,22,12,184.5,0,0,0,77,2,96,60,748,5,62.5,0,744,856,86.9,0,0,0,0,0,0,0,0,0,0,0,7.02,6.2,22.1,8,5
2020,RB,Ronald Jones,,23,14,184.3,0,0,0,978,7,42,28,165,1,66.7,2,459,939,48.9,0,0,0,0,0,0,0,0,0,0,0,6.65,5.53,21.5,10,2
2020,WR,Marquise Brown,PHI,23,15,183.0,0,0,0,1,0,100,58,769,8,58.0,0,826,1055,78.3,0,0,0,0,0,0,0,0,0,0,0,5.36,5.2,18.8,9,1
2020,WR,Russell Gage,,24,16,181.06,39,1,0,9,0,110,72,786,4,65.5,0,776,1142,68.0,0,0,0,0,0,0,0,0,0,0,0,6.8,3.8,20.54,9,2
2020,QB,Daniel Jones,IND,23,14,179.02,2943,11,10,423,1,0,0,0,0,0.0,6,892,927,96.2,0,0,0,0,0,0,0,0,0,0,0,5.93,5.77,20.11,10,2
2020,RB,David Johnson,,28,12,177.5,0,0,0,691,6,46,33,314,2,71.7,1,563,755,74.6,0,0,0,0,0,0,0,0,0,0,0,7.16,7.55,23.28,10,3
2020,TE,Logan Thomas,,29,16,176.62,28,0,0,5,0,110,72,670,6,65.5,0,1036,1116,92.8,0,0,0,0,0,0,0,0,0,0,0,6.59,2.95,19.4,10,2
2020,TE,Robert Tonyan,PIT,26,15,176.6,0,0,0,0,0,59,52,586,11,88.1,0,646,1054,61.3,0,0,0,0,0,0,0,0,0,0,0,7.62,3.73,20.73,9,1
2020,RB,Clyde Edwards-Helaire,,21,13,176.0,0,0,0,803,4,54,36,297,1,66.7,0,555,1006,55.2,0,0,0,0,0,0,0,0,0,0,0,5.01,7.83,19.95,10,2
2020,TE,T.J. Hockenson,MIN,23,16,174.3,0,0,0,0,0,101,67,723,6,66.3,1,763,1035,73.7,0,0,0,0,0,0,0,0,0,0,0,4.77,3.97,16.3,10,0
2020,WR,Michael Gallup,,24,15,173.3,0,0,0,0,0,105,59,843,5,56.2,0,1003,1155,86.8,0,0,0,0,0,0,0,0,0,0,0,7.77,4.6,22.65,7,3
2020,WR,Jamison Crowder,,27,12,172.02,43,1,0,14,0,89,59,699,6,66.3,0,608,763,79.7,0,0,0,0,0,0,0,0,0,0,0,8.83,4.63,25.28,8,4
2020,QB,Joe Burrow,CIN,23,10,169.72,2688,13,5,142,3,0,0,0,0,0.0,4,741,761,97.4,0,0,0,0,0,0,0,0,0,0,0,7.17,10.57,23.36,9,3
2020,K,Jason Sanders,NYJ,24,16,169.0,0,0,0,0,0,0,0,0,0,0.0,0,0,1089,0.0,36,0,36,0,0,0,0,0,0,0,0,5.33,3.75,17.25,8,1
2020,TE,Mark Andrews,BAL,24,14,168.1,0,0,0,0,0,88,58,701,7,65.9,0,617,942,65.5,0,0,0,0,0,0,0,0,0,0,0,6.78,4.35,20.43,8,3
2020,RB,J.K. Dobbins,DEN,21,15,166.5,0,0,0,805,9,24,18,120,0,75.0,0,467,998,46.8,0,0,0,0,0,0,0,0,0,0,0,6.44,3.88,18.7,8,1
2020,RB,Miles Sanders,,23,12,166.4,0,0,0,867,6,52,28,197,0,53.8,2,626,881,71.1,0,0,0,0,0,0,0,0,0,0,0,7.29,6.75,22.5,7,2
2020,RB,Chase Edmonds,,24,16,166.0,0,0,0,448,1,67,53,402,4,79.1,0,551,1173,47.0,0,0,0,0,0,0,0,0,0,0,0,5.74,3.63,18.08,8,2
2020,WR,DeVante Parker,,27,13,165.3,0,0,0,0,0,103,63,793,4,61.2,0,743,951,78.1,0,0,0,0,0,0,0,0,0,0,0,5.21,6.6,19.15,8,1
2020,RB,Austin Ekeler,,25,10,164.3,0,0,0,530,1,65,54,403,2,83.1,0,390,722,54.0,0,0,0,0,0,0,0,0,0,0,0,7.85,8.7,24.15,8,3
2020,WR,T.Y. Hilton,,30,15,164.2,0,0,0,0,0,93,56,762,5,60.2,0,699,1038,67.3,0,0,0,0,0,0,0,0,0,0,0,6.89,4.18,20.6,6,2
2020,WR,Emmanuel Sanders,,33,14,163.8,0,0,0,12,0,82,61,726,5,74.4,0,566,951,59.5,0,0,0,0,0,0,0,0,0,0,0,6.35,3.65,18.85,10,2
2020,K,Younghoe Koo,,26,15,163.0,0,0,0,0,0,0,0,0,0,0.0,0,1,1071,0.1,33,3,37,0,0,0,0,0,0,0,0,5.61,3.75,17.75,9,1
2020,RB,James Conner,ARI,25,13,162.6,0,0,0,721,6,43,35,215,0,81.4,0,571,907,63.0,0,0,0,0,0,0,0,0,0,0,0,6.77,3.83,19.95,9,2
2020,WR,Sterling Shepard,,27,12,162.5,0,0,0,49,1,90,66,656,3,73.3,0,581,798,72.8,0,0,0,0,0,0,0,0,0,0,0,7.82,6.5,22.4,8,2
2020,RB,Myles Gaskin,,23,10,162.2,0,0,0,584,3,47,41,388,2,87.2,2,461,668,69.0,0,0,0,0,0,0,0,0,0,0,0,6.66,11.3,22.08,9,2
2020,RB,Todd Gurley,,26,15,161.2,0,0,0,678,9,34,25,164,0,73.5,0,514,1064,48.3,0,0,0,0,0,0,0,0,0,0,0,6.71,3.7,19.93,7,2
2020,WR,Tim Patrick,NYJ,26,14,161.2,0,0,0,0,0,79,51,742,6,64.6,0,763,1033,73.9,0,0,0,0,0,0,0,0,0,0,0,5.68,5.58,18.73,8,2
2020,QB,Gardner Minshew,ARI,24,9,160.66,2259,16,5,153,1,1,1,0,0,100.0,4,537,766,70.1,0,0,0,0,0,0,0,0,0,0,0,4.42,13.9,21.56,8,3
2020,DST,BAL Defense,BAL,,16,160.0,0,0,0,0,0,0,0,0,0,0.0,0,0,0,0.0,0,0,0,39,10,11,3,2,0,291,5276,6.75,2.75,19.25,6,1
2020,QB,Ryan Fitzpatrick,,37,9,159.74,2091,13,8,151,2,1,1,0,0,100.0,0,504,1005,50.1,0,0,0,0,0,0,0,0,0,0,0,7.86,10.26,25.11,7,4
2020,TE,Mike Gesicki,CIN,24,14,159.3,0,0,0,0,0,85,53,703,6,62.4,0,634,1015,62.5,0,0,0,0,0,0,0,0,0,0,0,7.67,4.08,22.1,5,3
2020,WR,Laviska Shenault,,21,14,158.1,0,0,0,91,0,79,58,600,5,73.4,0,579,902,64.2,0,0,0,0,0,0,0,0,0,0,0,5.86,4.78,18.02,8,1
2020,DST,LAR Defense,LAR,,15,158.0,0,0,0,0,0,0,0,0,0,0.0,0,0,0,0.0,0,0,0,53,14,8,4,1,1,278,4511,5.91,4.0,18.5,8,2
2020,RB,Giovani Bernard,,28,16,157.1,0,0,0,416,3,59,47,355,3,79.7,1,539,1117,48.3,0,0,0,0,0,0,0,0,0,0,0,7.43,1.58,21.55,5,4
2020,DST,PIT Defense,PIT,,16,156.0,0,0,0,0,0,0,0,0,0,0.0,0,0,0,0.0,0,0,0,56,18,8,3,1,0,306,4893,5.8,3.0,18.0,6,1
2020,QB,Mitchell Trubisky,TEN,26,10,155.8,2055,16,8,196,1,0,0,0,0,0.0,2,590,912,64.7,0,0,0,0,0,0,0,0,0,0,0,7.0,9.12,22.41,9,3
2020,WR,Mike Williams,,25,14,155.7,0,0,0,1,0,85,48,756,5,56.5,0,764,1134,67.4,0,0,0,0,0,0,0,0,0,0,0,8.0,2.93,22.23,7,3
2020,WR,Jerry Jeudy,CLE,21,15,155.6,0,0,0,0,0,113,52,856,3,46.0,0,818,1099,74.4,0,0,0,0,0,0,0,0,0,0,0,6.98,3.4,19.43,8,2
2020,WR,Keelan Cole,,27,16,155.4,0,0,0,2,0,88,55,642,5,62.5,0,780,1027,75.9,0,0,0,0,0,0,0,0,0,0,0,6.83,2.42,19.88,6,2
2020,DST,MIA Defense,MIA,,16,154.0,0,0,0,0,0,0,0,0,0,0.0,0,0,0,0.0,0,0,0,41,18,9,2,0,1,330,5886,5.93,2.75,16.75,8,1
2020,WR,DJ Chark,,23,13,153.6,0,0,0,0,0,93,53,706,5,57.0,0,688,827,83.2,0,0,0,0,0,0,0,0,0,0,0,7.97,4.47,21.43,6,2
2020,DST,IND Defense,IND,,15,152.0,0,0,0,0,0,0,0,0,0,0.0,0,0,0,0.0,0,0,0,40,15,9,4,3,1,348,5314,6.42,2.75,17.75,7,1
2020,WR,Darnell Mooney,NYG,22,16,151.1,0,0,0,20,0,98,61,631,4,62.2,0,807,1107,72.9,0,0,0,0,0,0,0,0,0,0,0,4.92,4.07,16.58,5,1
2020,K,Daniel Carlson,,25,16,151.0,0,0,0,0,0,0,0,0,0,0.0,0,1,1100,0.1,45,2,33,0,0,0,0,0,0,0,0,2.6,6.5,13.0,5,0
2020,TE,Noah Fant,NO,22,14,149.3,0,0,0,0,0,93,62,673,3,66.7,0,749,1034,72.4,0,0,0,0,0,0,0,0,0,0,0,5.13,5.35,17.52,5,1
2020,TE,Hayden Hurst,,27,15,149.1,0,0,0,0,0,88,56,571,6,63.6,0,797,1142,69.8,0,0,0,0,0,0,0,0,0,0,0,4.97,3.3,15.7,8,0
2020,K,Tyler Bass,BUF,23,16,149.0,0,0,0,0,0,0,0,0,0,0.0,0,0,1117,0.0,57,2,28,0,0,0,0,0,0,0,0,4.67,5.0,16.25,5,1
2020,TE,Taysom Hill,,30,16,148.62,928,4,2,457,8,12,8,98,1,66.7,5,485,1097,44.2,0,0,0,0,0,0,0,0,0,0,0,7.7,0.15,20.06,8,2
2020,TE,Rob Gronkowski,,31,15,148.3,0,0,0,0,0,77,45,623,7,58.4,0,818,1086,75.3,0,0,0,0,0,0,0,0,0,0,0,5.94,3.18,17.85,7,0
2020,WR,Julio Jones,,31,9,146.1,0,0,0,0,0,68,51,771,3,75.0,0,477,662,72.1,0,0,0,0,0,0,0,0,0,0,0,8.99,8.23,24.2,6,3
2020,TE,Dalton Schultz,HOU,24,16,145.5,0,0,0,0,0,89,63,615,4,70.8,1,974,1155,84.3,0,0,0,0,0,0,0,0,0,0,0,5.01,3.25,16.13,5,1
2020,WR,Christian Kirk,SF,23,14,145.4,0,0,0,3,0,79,48,621,6,60.8,0,816,1054,77.4,0,0,0,0,0,0,0,0,0,0,0,7.16,2.88,20.3,6,3
2020,TE,Hunter Henry,NE,25,14,145.3,0,0,0,0,0,93,60,613,4,64.5,0,923,1057,87.3,0,0,0,0,0,0,0,0,0,0,0,4.27,5.0,15.08,8,0
2020,K,Greg Zuerlein,,32,16,143.0,0,0,0,0,0,0,0,0,0,0.0,0,0,1155,0.0,33,3,34,0,0,0,0,0,0,0,0,4.92,2.75,14.75,8,0
2020,K,Rodrigo Blankenship,,23,16,143.0,0,0,0,0,0,0,0,0,0,0.0,0,1,1108,0.1,43,2,32,0,0,0,0,0,0,0,0,4.21,3.5,14.25,8,0
2020,QB,Andy Dalton,PHI,32,10,142.86,2169,14,8,114,0,1,1,-3,0,100.0,1,630,1002,62.9,0,0,0,0,0,0,0,0,0,0,0,7.39,7.6,20.92,8,2
2020,TE,Jimmy Graham,,33,14,142.6,0,0,0,0,0,76,50,456,8,65.8,0,657,1107,59.3,0,0,0,0,0,0,0,0,0,0,0,6.63,3.28,18.93,6,2
2020,RB,Devin Singletary,NYG,22,16,142.6,0,0,0,687,2,50,38,269,0,76.0,1,637,1117,57.0,0,0,0,0,0,0,0,0,0,0,0,4.94,3.25,15.88,7,0
2020,WR,Jakobi Meyers,JAX,23,12,141.52,43,2,0,9,0,81,59,729,0,72.8,1,673,945,71.2,0,0,0,0,0,0,0,0,0,0,0,6.99,5.13,19.53,7,1
2020,QB,Sam Darnold,SEA,23,12,141.02,2208,9,11,217,2,0,0,0,0,0.0,2,752,757,99.3,0,0,0,0,0,0,0,0,0,0,0,5.84,5.4,18.18,7,1
2020,K,Justin Tucker,,30,16,141.0,0,0,0,0,0,0,0,0,0,0.0,0,0,1055,0.0,52,1,26,0,0,0,0,0,0,0,0,3.28,5.5,12.75,2,0
2020,TE,Eric Ebron,PIT,27,14,140.8,0,0,0,0,0,91,56,558,5,61.5,1,778,1048,74.2,0,0,0,0,0,0,0,0,0,0,0,4.47,4.45,15.13,8,0
2020,RB,Jeff Wilson,,24,11,140.3,0,0,0,600,7,28,13,133,3,46.4,2,317,842,37.6,0,0,0,0,0,0,0,0,0,0,0,10.98,1.73,26.28,5,4
2020,TE,Jonnu Smith,,25,14,140.2,0,0,0,4,1,65,41,448,8,63.1,0,765,1033,74.1,0,0,0,0,0,0,0,0,0,0,0,6.56,2.58,17.75,8,2
2020,TE,Evan Engram,DEN,25,16,140.0,0,0,0,26,1,109,63,654,1,57.8,1,858,1040,82.5,0,0,0,0,0,0,0,0,0,0,0,4.33,3.48,14.55,6,0
2020,WR,Darius Slayton,NYG,23,15,140.0,0,0,0,-1,0,96,50,751,3,52.1,1,899,1040,86.4,0,0,0,0,0,0,0,0,0,0,0,7.04,3.18,18.8,6,2
2020,QB,Tua Tagovailoa,ATL,22,10,139.46,1814,11,5,109,3,0,0,0,0,0.0,1,582,1016,57.3,0,0,0,0,0,0,0,0,0,0,0,8.07,5.32,21.85,6,2
2020,K,Ryan Succop,,33,16,137.0,0,0,0,0,0,0,0,0,0,0.0,0,0,1086,0.0,52,5,28,0,0,0,0,0,0,0,0,4.06,4.0,14.75,4,0
2020,WR,Zach Pascal,,25,16,136.9,0,0,0,0,0,71,44,629,5,62.0,0,849,1108,76.6,0,0,0,0,0,0,0,0,0,0,0,5.76,3.15,16.65,5,1
2020,QB,Dak Prescott,DAL,27,5,136.64,1856,9,4,93,3,1,1,11,1,100.0,3,354,380,93.2,0,0,0,0,0,0,0,0,0,0,0,9.92,24.46,30.55,5,3
2020,WR,Marquez Valdes-Scantling,DAL,25,13,136.3,0,0,0,13,0,63,33,690,6,52.4,1,804,1054,76.3,0,0,0,0,0,0,0,0,0,0,0,8.34,1.33,21.08,5,2
2020,K,Cairo Santos,CHI,28,16,136.0,0,0,0,0,0,0,0,0,0,0.0,0,0,1107,0.0,36,1,30,0,0,0,0,0,0,0,0,4.06,4.25,14.25,4,0
2020,WR,Gabe Davis,,21,14,135.9,0,0,0,0,0,62,35,599,7,56.5,0,816,1117,73.1,0,0,0,0,0,0,0,0,0,0,0,5.67,2.8,17.1,7,0
2020,RB,Wayne Gallman,,25,14,135.6,0,0,0,682,6,27,21,114,0,77.8,0,393,975,40.3,0,0,0,0,0,0,0,0,0,0,0,5.8,3.28,17.05,7,0
2020,RB,Latavius Murray,,30,15,135.2,0,0,0,656,4,26,23,176,1,88.5,0,370,1032,35.9,0,0,0,0,0,0,0,0,0,0,0,6.13,3.88,17.35,5,2
2020,DST,WAS Defense,WAS,,15,134.0,0,0,0,0,0,0,0,0,0,0.0,0,0,0,0.0,0,0,0,47,16,7,3,1,0,317,4873,6.9,2.0,18.75,5,1
2020,K,Jason Myers,SEA,29,16,134.0,0,0,0,0,0,0,0,0,0,0.0,0,1,1087,0.1,49,4,24,0,0,0,0,0,0,0,0,3.0,4.0,12.0,4,0
2020,RB,Leonard Fournette,,25,12,132.0,0,0,0,367,6,47,36,233,0,76.6,0,385,891,43.2,0,0,0,0,0,0,0,0,0,0,0,7.39,4.2,20.1,6,2
2020,WR,Greg Ward,,25,16,131.1,15,0,0,-4,0,79,53,419,6,67.1,0,821,1168,70.3,0,0,0,0,0,0,0,0,0,0,0,5.93,2.23,17.0,5,1
2020,RB,Darrell Henderson,,23,15,130.3,0,0,0,624,5,24,16,159,1,66.7,0,356,1076,33.1,0,0,0,0,0,0,0,0,0,0,0,7.07,1.08,19.08,5,2
2020,DST,NO Defense,NO,,16,130.0,0,0,0,0,0,0,0,0,0,0.0,0,0,0,0.0,0,0,0,45,18,5,1,1,1,337,4974,6.14,1.25,16.5,6,0
2020,DST,TB Defense,TB,,15,130.0,0,0,0,0,0,0,0,0,0,0.0,0,0,0,0.0,0,0,0,48,15,10,1,1,1,343,5234,5.36,3.75,16.75,4,0
2020,K,Graham Gano,,33,16,130.0,0,0,0,0,0,0,0,0,0,0.0,0,1,1040,0.1,21,2,31,0,0,0,0,0,0,0,0,4.9,2.75,15.25,4,0
2020,WR,Kendrick Bourne,ARI,25,14,129.7,0,0,0,0,0,74,49,667,2,66.2,0,704,1060,66.4,0,0,0,0,0,0,0,0,0,0,0,4.19,5.18,14.58,6,0
2020,WR,Hunter Renfrow,,24,16,129.6,0,0,0,0,0,77,56,656,2,72.7,1,560,1100,50.9,0,0,0,0,0,0,0,0,0,0,0,4.42,3.93,14.25,3,1
2020,K,Wil Lutz,DEN,26,16,129.0,0,0,0,0,0,0,0,0,0,0.0,0,1,1097,0.1,57,1,23,0,0,0,0,0,0,0,0,3.98,2.75,13.0,4,0
2020,DST,BUF Defense,BUF,,16,129.0,0,0,0,0,0,0,0,0,0,0.0,0,0,0,0.0,0,0,0,38,15,11,3,0,0,375,5640,5.8,1.75,15.75,5,1
2020,TE,Tyler Higbee,LAR,27,15,128.2,0,0,0,1,0,60,44,521,5,73.3,0,841,1080,77.9,0,0,0,0,0,0,0,0,0,0,0,6.42,3.3,16.63,3,1
2020,RB,Gus Edwards,,25,16,128.2,0,0,0,723,6,13,9,129,0,69.2,1,355,1055,33.6,0,0,0,0,0,0,0,0,0,0,0,4.74,2.15,14.33,4,0
2020,RB,Jamaal Williams,,25,14,127.1,0,0,0,505,2,35,31,236,1,88.6,0,424,922,46.0,0,0,0,0,0,0,0,0,0,0,0,6.12,3.13,17.85,4,1
2020,K,Brandon McManus,,29,14,127.0,0,0,0,0,0,0,0,0,0,0.0,0,0,1034,0.0,24,3,28,0,0,0,0,0,0,0,0,5.68,4.0,16.5,4,1
2020,TE,Jared Cook,,33,13,126.4,0,0,0,0,0,60,37,504,7,61.7,1,478,1027,46.5,0,0,0,0,0,0,0,0,0,0,0,4.7,3.15,14.15,8,0
2020,RB,Jerick McKinnon,,28,14,126.2,0,0,0,319,5,46,33,253,1,71.7,0,380,1118,34.0,0,0,0,0,0,0,0,0,0,0,0,6.62,2.05,17.27,6,1
2020,WR,Mecole Hardman,BUF,22,15,126.1,0,0,0,31,0,62,41,560,4,66.1,2,482,1130,42.7,0,0,0,0,0,0,0,0,0,0,0,5.77,2.05,16.02,4,1
2020,K,Harrison Butker,KC,25,16,126.0,0,0,0,0,0,0,0,0,0,0.0,0,0,1130,0.0,48,6,25,0,0,0,0,0,0,0,0,3.69,3.75,13.0,3,0
2020,TE,George Kittle,SF,26,8,125.1,0,0,0,17,0,63,48,634,2,76.2,0,449,538,83.5,0,0,0,0,0,0,0,0,0,0,0,10.55,8.53,22.75,5,2
2020,K,Ka'imi Fairbairn,HOU,26,15,125.0,0,0,0,0,0,0,0,0,0,0.0,0,1,1002,0.1,37,3,27,0,0,0,0,0,0,0,0,4.3,2.5,13.5,5,0
2020,RB,Adrian Peterson,,35,16,124.5,0,0,0,604,7,18,12,101,0,66.7,0,303,1035,29.3,0,0,0,0,0,0,0,0,0,0,0,5.52,1.83,15.6,5,0
2020,WR,Josh Reynolds,,25,16,122.3,0,0,0,5,0,81,52,618,2,64.2,1,826,1153,71.6,0,0,0,0,0,0,0,0,0,0,0,4.55,2.58,14.52,4,0
2020,QB,Nick Mullens,JAX,25,10,122.28,2437,12,12,8,0,0,0,0,0,0.0,4,618,931,66.4,0,0,0,0,0,0,0,0,0,0,0,6.02,6.84,17.59,7,1
2020,RB,Tony Pollard,TEN,23,16,120.7,0,0,0,435,4,40,28,192,1,70.0,0,374,1155,32.4,0,0,0,0,0,0,0,0,0,0,0,6.97,2.15,16.55,4,1
2020,DST,ARI Defense,ARI,,16,120.0,0,0,0,0,0,0,0,0,0,0.0,0,0,0,0.0,0,0,0,48,11,7,0,1,2,345,5631,5.65,2.0,15.75,4,1
2020,WR,David Moore,CAR,25,15,119.8,0,0,0,61,0,47,35,417,6,74.5,0,490,1087,45.1,0,0,0,0,0,0,0,0,0,0,0,5.74,1.45,15.75,5,0
2020,K,Joey Slye,TEN,24,16,119.0,0,0,0,0,0,0,0,0,0,0.0,0,1,1064,0.1,33,3,29,0,0,0,0,0,0,0,0,3.48,3.0,11.5,3,0
2020,K,Dustin Hopkins,,29,16,119.0,0,0,0,0,0,0,0,0,0,0.0,0,0,1116,0.0,30,2,27,0,0,0,0,0,0,0,0,3.57,2.75,11.75,3,0
2020,K,Nick Folk,ATL,35,16,118.0,0,0,0,0,0,0,0,0,0,0.0,0,0,1022,0.0,30,3,26,0,0,0,0,0,0,0,0,3.9,3.0,12.75,3,0
2020,WR,Rashard Higgins,,25,12,117.9,0,0,0,0,0,52,37,599,4,71.2,0,518,873,59.3,0,0,0,0,0,0,0,0,0,0,0,5.88,3.58,16.6,5,1
2020,WR,Antonio Brown,,32,8,117.1,0,0,0,-2,0,61,45,483,4,73.8,0,327,525,62.3,0,0,0,0,0,0,0,0,0,0,0,9.71,8.15,21.13,5,2
2020,DST,SEA Defense,SEA,,16,117.0,0,0,0,0,0,0,0,0,0,0.0,0,0,0,0.0,0,0,0,46,14,8,0,3,2,365,6089,3.04,3.25,11.0,2,0
2020,TE,Dallas Goedert,PHI,25,11,116.4,0,0,0,0,0,65,46,524,3,70.8,0,624,819,76.2,0,0,0,0,0,0,0,0,0,0,0,7.02,4.5,18.73,4,2
2020,K,Mason Crosby,,35,16,116.0,0,0,0,0,0,0,0,0,0,0.0,0,0,1054,0.0,59,4,16,0,0,0,0,0,0,0,0,3.72,3.25,12.75,4,0
2020,WR,Travis Fulgham,,24,11,115.9,0,0,0,0,0,67,38,539,4,56.7,0,575,933,61.6,0,0,0,0,0,0,0,0,0,0,0,9.23,2.42,21.05,5,1
2020,RB,James White,,28,14,115.6,0,0,0,121,2,62,49,375,1,79.0,0,332,881,37.7,0,0,0,0,0,0,0,0,0,0,0,4.83,2.5,14.35,5,0
2020,TE,Austin Hooper,ATL,25,13,113.5,0,0,0,0,0,70,46,435,4,65.7,0,705,905,77.9,0,0,0,0,0,0,0,0,0,0,0,4.47,3.55,14.33,6,0
2020,DST,CLE Defense,CLE,,16,113.0,0,0,0,0,0,0,0,0,0,0.0,0,0,0,0.0,0,0,0,38,11,11,2,2,3,405,5735,5.71,1.5,15.25,3,1
2020,DST,PHI Defense,PHI,,14,113.0,0,0,0,0,0,0,0,0,0,0.0,0,0,0,0.0,0,0,0,49,8,10,2,1,2,408,5810,5.7,2.25,15.25,3,1
2020,DST,KC Defense,KC,,16,113.0,0,0,0,0,0,0,0,0,0,0.0,0,0,0,0.0,0,0,0,32,16,6,2,1,1,352,5733,7.24,0.25,17.5,3,2
2020,WR,Damiere Byrd,,27,15,111.9,0,0,0,15,0,77,47,604,1,61.0,0,906,1022,88.6,0,0,0,0,0,0,0,0,0,0,0,6.51,1.1,16.0,4,1
2020,WR,A.J. Green,,32,11,111.3,0,0,0,0,0,104,47,523,2,45.2,0,850,1117,76.1,0,0,0,0,0,0,0,0,0,0,0,5.36,4.28,16.27,6,0
2020,QB,Nick Foles,,31,9,110.18,1852,10,8,1,1,0,0,0,0,0.0,0,511,1037,49.3,0,0,0,0,0,0,0,0,0,0,0,7.05,5.57,18.76,6,1
2020,K,Stephen Gostkowski,,36,14,109.0,0,0,0,0,0,0,0,0,0,0.0,0,1,1034,0.1,46,2,18,0,0,0,0,0,0,0,0,5.82,2.0,14.5,3,1
2020,RB,Malcolm Brown,,27,15,108.1,0,0,0,419,5,33,23,162,0,69.7,1,482,1153,41.8,0,0,0,0,0,0,0,0,0,0,0,6.82,1.9,16.88,4,1
2020,DST,NYG Defense,NYG,,16,108.0,0,0,0,0,0,0,0,0,0,0.0,0,0,0,0.0,0,0,0,40,11,9,2,0,0,349,5589,4.7,1.25,13.25,4,0
2020,DST,CAR Defense,CAR,,15,108.0,0,0,0,0,0,0,0,0,0,0.0,0,0,0,0.0,0,0,0,29,7,13,3,0,1,402,5761,6.53,2.25,17.5,4,1
2020,K,Michael Badgley,,25,16,108.0,0,0,0,0,0,0,0,0,0,0.0,0,1,1188,0.1,36,3,24,0,0,0,0,0,0,0,0,4.52,1.0,12.5,3,0
2020,RB,Rex Burkhead,,30,10,107.6,0,0,0,274,3,33,25,192,3,75.8,0,274,668,41.0,0,0,0,0,0,0,0,0,0,0,0,10.12,2.98,20.5,3,2
2020,K,Matt Prater,,36,16,107.0,0,0,0,0,0,0,0,0,0,0.0,0,1,1035,0.1,38,3,21,0,0,0,0,0,0,0,0,5.05,1.0,14.0,4,0
2020,DST,NE Defense,NE,,15,107.0,0,0,0,0,0,0,0,0,0,0.0,0,0,0,0.0,0,0,0,24,18,4,2,0,2,341,5660,7.69,1.5,16.75,3,1
2020,WR,Anthony Miller,,25,15,106.7,0,0,0,12,0,76,49,485,2,64.5,1,612,1107,55.3,0,0,0,0,0,0,0,0,0,0,0,4.56,3.05,13.95,4,0
2020,WR,Danny Amendola,,34,14,106.4,0,0,0,2,0,69,46,602,0,66.7,0,466,897,52.0,0,0,0,0,0,0,0,0,0,0,0,3.9,3.13,12.45,3,0
2020,WR,Demarcus Robinson,SF,25,14,105.6,0,0,0,0,0,59,45,466,3,76.3,1,683,1130,60.4,0,0,0,0,0,0,0,0,0,0,0,4.3,2.4,12.73,5,0
2020,QB,Jalen Hurts,PHI,22,14,104.44,1061,6,4,357,3,1,1,3,0,100.0,2,353,1098,32.1,0,0,0,0,0,0,0,0,0,0,0,10.46,-0.22,22.24,5,1
2020,K,Cody Parkey,,28,15,103.0,0,0,0,0,0,0,0,0,0,0.0,0,4,1020,0.4,43,4,19,0,0,0,0,0,0,0,0,3.9,2.0,12.0,4,0
2020,WR,Scotty Miller,CHI,23,13,102.5,0,0,0,14,0,53,33,501,3,62.3,0,444,1086,40.9,0,0,0,0,0,0,0,0,0,0,0,6.94,1.68,16.73,5,1
2020,WR,Tre'Quan Smith,,24,12,102.1,0,0,0,3,0,50,34,448,4,68.0,0,687,957,71.8,0,0,0,0,0,0,0,0,0,0,0,5.49,2.58,14.48,3,1
2020,RB,Zack Moss,,22,13,101.6,0,0,0,481,4,18,14,95,1,77.8,0,413,916,45.1,0,0,0,0,0,0,0,0,0,0,0,5.37,2.3,14.33,5,1
2020,WR,Larry Fitzgerald,,37,13,100.9,0,0,0,0,0,72,54,409,1,75.0,0,773,979,79.0,0,0,0,0,0,0,0,0,0,0,0,4.39,2.42,13.23,4,0
2020,RB,Cam Akers,,21,11,100.8,0,0,0,625,2,14,11,123,1,78.6,1,308,876,35.2,0,0,0,0,0,0,0,0,0,0,0,5.69,4.13,15.45,3,1
2020,WR,Randall Cobb,,30,10,100.1,0,0,0,0,0,48,38,441,3,79.2,0,374,620,60.3,0,0,0,0,0,0,0,0,0,0,0,4.84,5.53,14.65,5,0
2020,K,Robbie Gould,,37,15,100.0,0,0,0,0,0,0,0,0,0,0.0,0,2,1052,0.2,36,2,19,0,0,0,0,0,0,0,0,4.03,1.25,11.5,2,0
2020,WR,Isaiah McKenzie,,25,15,99.58,12,1,0,9,0,34,30,282,5,88.2,0,275,1117,24.6,0,0,0,0,0,0,0,0,0,0,0,7.23,1.27,15.48,3,1
2020,WR,James Washington,,24,12,99.2,0,0,0,0,0,56,30,392,5,53.6,0,494,1117,44.2,0,0,0,0,0,0,0,0,0,0,0,4.63,3.78,14.03,4,0
2020,RB,Frank Gore,,37,15,99.2,0,0,0,653,2,19,16,89,0,84.2,1,389,946,41.1,0,0,0,0,0,0,0,0,0,0,0,4.36,1.67,12.8,4,0
2020,WR,Breshad Perriman,,26,12,99.1,0,0,0,6,0,60,30,505,3,50.0,0,667,739,90.3,0,0,0,0,0,0,0,0,0,0,0,6.94,2.53,15.95,5,1
2020,DST,CHI Defense,CHI,,16,99.0,0,0,0,0,0,0,0,0,0,0.0,0,0,0,0.0,0,0,0,35,10,6,1,1,1,358,5519,5.71,-0.25,14.25,5,0
2020,DST,SF Defense,SF,,15,99.0,0,0,0,0,0,0,0,0,0,0.0,0,0,0,0.0,0,0,0,30,12,7,1,0,1,366,5030,6.59,-1.0,16.0,4,0
2020,WR,Michael Pittman,PIT,22,13,98.9,0,0,0,26,0,61,40,503,1,65.6,0,715,915,78.1,0,0,0,0,0,0,0,0,0,0,0,4.79,3.33,13.5,2,0
2020,RB,Raheem Mostert,,28,8,98.7,0,0,0,521,2,19,16,156,1,84.2,1,241,570,42.3,0,0,0,0,0,0,0,0,0,0,0,6.3,7.6,17.08,3,1
2020,RB,Joe Mixon,,24,6,98.6,0,0,0,428,3,26,21,138,1,80.8,1,299,465,64.3,0,0,0,0,0,0,0,0,0,0,0,12.03,10.28,21.25,4,1
2020,TE,Irv Smith,,22,11,98.5,0,0,0,0,0,43,30,365,5,69.8,0,555,860,64.5,0,0,0,0,0,0,0,0,0,0,0,6.7,2.58,16.52,5,1
2020,DST,GB Defense,GB,,15,98.0,0,0,0,0,0,0,0,0,0,0.0,0,0,0,0.0,0,0,0,41,11,7,2,1,0,363,5345,3.69,3.0,11.0,2,0
2020,WR,Allen Lazard,,24,10,97.8,0,0,0,17,0,46,33,451,3,71.7,0,475,655,72.5,0,0,0,0,0,0,0,0,0,0,0,7.15,3.7,16.88,4,1
2020,WR,Braxton Berrios,NYG,24,12,97.3,0,0,0,29,0,55,37,394,3,67.3,0,296,1010,29.3,0,0,0,0,0,0,0,0,0,0,0,5.54,2.32,15.18,4,0
2020,WR,Jalen Guyton,,23,15,97.1,0,0,0,0,0,55,28,511,3,50.9,0,878,1188,73.9,0,0,0,0,0,0,0,0,0,0,0,4.68,1.6,13.13,3,0
2020,WR,John Brown,,30,7,96.8,0,0,0,0,0,52,33,458,3,63.5,0,467,603,77.4,0,0,0,0,0,0,0,0,0,0,0,5.62,10.43,18.08,5,0
2020,WR,Chris Conley,,27,14,96.1,0,0,0,0,0,63,40,471,2,63.5,1,435,960,45.3,0,0,0,0,0,0,0,0,0,0,0,4.2,1.43,11.63,2,0
2020,K,Chris Boswell,PIT,29,13,95.0,0,0,0,0,0,0,0,0,0,0.0,0,2,906,0.2,34,4,19,0,0,0,0,0,0,0,0,3.02,4.0,10.5,1,0
2020,TE,Dan Arnold,,25,14,94.8,0,0,0,0,0,45,31,438,4,68.9,1,490,1173,41.8,0,0,0,0,0,0,0,0,0,0,0,4.56,2.48,11.78,2,1
2020,K,Randy Bullock,,30,11,94.0,0,0,0,0,0,0,0,0,0,0.0,0,0,866,0.0,24,1,21,0,0,0,0,0,0,0,0,4.42,3.75,13.25,4,0
2020,RB,Boston Scott,,25,16,93.6,0,0,0,374,1,36,25,212,1,69.4,0,393,1168,33.6,0,0,0,0,0,0,0,0,0,0,0,5.33,0.4,13.05,2,0
2020,RB,Brian Hill,,24,16,93.4,0,0,0,465,1,30,25,199,0,83.3,1,337,1142,29.5,0,0,0,0,0,0,0,0,0,0,0,4.21,2.1,12.03,2,0
2020,WR,Willie Snead,,27,11,93.2,0,0,0,0,0,48,33,432,3,68.8,0,548,866,63.3,0,0,0,0,0,0,0,0,0,0,0,6.52,3.5,15.77,3,1
2020,RB,Kalen Ballage,,24,11,92.9,0,0,0,303,3,37,29,166,0,78.4,0,278,780,35.6,0,0,0,0,0,0,0,0,0,0,0,4.83,3.35,13.98,4,0
2020,TE,Gerald Everett,,26,15,91.9,0,0,0,2,1,62,41,417,1,66.1,1,652,1153,56.5,0,0,0,0,0,0,0,0,0,0,0,3.41,2.63,11.1,3,0
2020,K,Zane Gonzalez,MIA,25,12,91.0,0,0,0,0,0,0,0,0,0,0.0,0,2,877,0.2,38,1,16,0,0,0,0,0,0,0,0,4.41,3.5,13.0,3,0
2020,RB,Christian McCaffrey,SF,24,3,90.4,0,0,0,225,5,19,17,149,1,89.5,0,176,231,76.2,0,0,0,0,0,0,0,0,0,0,0,5.15,30.13,30.13,3,3
2020,RB,Damien Harris,,23,10,90.3,0,0,0,691,2,7,5,52,0,71.4,0,255,643,39.7,0,0,0,0,0,0,0,0,0,0,0,3.58,5.53,12.68,3,0
2020,DST,DAL Defense,DAL,,16,90.0,0,0,0,0,0,0,0,0,0,0.0,0,0,0,0.0,0,0,0,31,10,11,2,0,1,449,6183,7.01,-1.75,16.0,4,0
2020,DST,DEN Defense,DEN,,16,89.0,0,0,0,0,0,0,0,0,0,0.0,0,0,0,0.0,0,0,0,42,10,5,0,0,2,418,5887,5.07,-0.25,12.75,3,0
2020,WR,Sammy Watkins,,27,10,88.4,0,0,1,3,0,55,37,421,2,67.3,1,540,739,73.1,0,0,0,0,0,0,0,0,0,0,0,5.35,4.33,13.78,3,1
2020,WR,KJ Hamler,,21,12,88.1,0,0,0,40,0,56,30,381,3,53.6,0,530,891,59.5,0,0,0,0,0,0,0,0,0,0,0,6.32,1.08,14.23,3,1
2020,RB,Alexander Mattison,,22,13,86.9,0,0,0,434,2,15,13,125,1,86.7,0,232,869,26.7,0,0,0,0,0,0,0,0,0,0,0,8.1,0.6,16.45,3,1
2020,WR,Odell Beckham,NYG,27,6,86.82,18,0,0,72,1,43,23,319,3,53.5,0,325,465,69.9,0,0,0,0,0,0,0,0,0,0,0,11.52,7.76,19.28,3,1
2020,WR,Golden Tate,,32,12,86.52,18,0,0,0,0,52,35,388,2,67.3,0,439,765,57.4,0,0,0,0,0,0,0,0,0,0,0,2.78,4.08,10.26,2,0
2020,WR,Jakeem Grant,,27,14,86.3,0,0,0,20,0,54,36,373,1,66.7,0,379,931,40.7,0,0,0,0,0,0,0,0,0,0,0,3.42,2.15,10.23,1,0
2020,WR,Cam Sims,,24,11,86.2,0,0,0,5,0,48,32,477,1,66.7,0,660,1116,59.1,0,0,0,0,0,0,0,0,0,0,0,3.94,3.3,11.73,2,0
2020,DST,ATL Defense,ATL,,14,86.0,0,0,0,0,0,0,0,0,0,0.0,0,0,0,0.0,0,0,0,29,12,9,1,0,0,414,6374,7.61,0.75,13.25,1,1
2020,WR,Jalen Reagor,MIA,21,11,85.2,0,0,0,26,0,54,31,396,1,57.4,0,532,796,66.8,0,0,0,0,0,0,0,0,0,0,0,2.88,4.53,10.45,2,0
2020,RB,Devontae Booker,,28,15,84.7,0,0,0,423,3,21,17,84,0,81.0,0,241,1100,21.9,0,0,0,0,0,0,0,0,0,0,0,5.14,1.45,12.25,2,1
2020,RB,Carlos Hyde,,29,10,83.9,0,0,0,356,4,20,16,93,0,80.0,0,266,698,38.1,0,0,0,0,0,0,0,0,0,0,0,5.34,3.73,14.18,3,0
2020,WR,Michael Thomas,,27,7,83.9,0,0,0,1,0,55,40,438,0,72.7,0,358,487,73.5,0,0,0,0,0,0,0,0,0,0,0,5.96,7.15,16.35,4,0
2020,TE,Jordan Akins,,28,13,83.7,0,0,0,4,0,49,37,403,1,75.5,0,414,800,51.8,0,0,0,0,0,0,0,0,0,0,0,4.25,1.7,11.93,3,0
2020,TE,Anthony Firkser,DET,25,14,83.7,0,0,0,0,0,53,39,387,1,73.6,0,359,1107,32.4,0,0,0,0,0,0,0,0,0,0,0,5.93,1.9,12.8,2,1
2020,TE,Trey Burton,,28,11,83.3,0,0,0,3,2,47,28,250,3,59.6,0,379,899,42.2,0,0,0,0,0,0,0,0,0,0,0,5.87,2.28,13.93,4,1
2020,WR,Keke Coutee,,23,8,83.0,0,0,0,0,0,40,33,400,3,82.5,3,302,617,48.9,0,0,0,0,0,0,0,0,0,0,0,6.14,5.8,14.95,3,1
2020,TE,Tyler Eifert,,29,14,82.9,0,0,0,0,0,60,36,349,2,60.0,0,564,963,58.6,0,0,0,0,0,0,0,0,0,0,0,3.38,2.6,10.63,3,0
2020,WR,Henry Ruggs,,21,13,82.1,0,0,0,49,0,43,26,452,2,60.5,2,589,889,66.3,0,0,0,0,0,0,0,0,0,0,0,5.4,1.45,13.05,2,0
2020,RB,Duke Johnson,,26,11,81.4,0,0,0,235,1,35,28,249,1,80.0,2,360,703,51.2,0,0,0,0,0,0,0,0,0,0,0,4.6,2.95,12.18,2,0
2020,WR,Deebo Samuel,SF,24,7,80.7,0,0,0,26,0,44,33,391,1,75.0,0,313,502,62.4,0,0,0,0,0,0,0,0,0,0,0,7.49,6.2,17.02,4,1
2020,DST,NYJ Defense,NYJ,,14,80.0,0,0,0,0,0,0,0,0,0,0.0,0,0,0,0.0,0,0,0,31,10,9,1,1,2,437,6201,4.15,0.25,10.25,2,0
2020,WR,Tyron Billy-Johnson,,24,11,79.5,0,0,0,17,0,26,20,398,3,76.9,0,225,863,26.1,0,0,0,0,0,0,0,0,0,0,0,5.4,2.08,13.3,3,0
2020,TE,Mo Alie-Cox,IND,26,13,79.4,0,0,0,0,0,39,31,394,2,79.5,1,511,1045,48.9,0,0,0,0,0,0,0,0,0,0,0,4.34,2.23,11.43,2,0
2020,RB,Joshua Kelley,,22,13,79.2,0,0,0,354,2,23,23,148,0,100.0,2,299,1055,28.3,0,0,0,0,0,0,0,0,0,0,0,4.23,1.85,11.63,4,0
2020,DST,LAC Defense,LAC,,16,78.0,0,0,0,0,0,0,0,0,0,0.0,0,0,0,0.0,0,0,0,27,12,5,2,1,2,424,5495,3.41,1.25,9.75,1,0
2020,TE,Drew Sample,CIN,24,14,77.9,0,0,0,0,0,53,40,349,1,75.5,1,894,1117,80.0,0,0,0,0,0,0,0,0,0,0,0,3.58,1.53,10.35,3,0
2020,QB,Alex Smith,,36,8,77.58,1582,6,8,3,0,0,0,0,0,0.0,0,476,690,69.0,0,0,0,0,0,0,0,0,0,0,0,5.63,5.06,14.33,4,0
2020,TE,Zach Ertz,,29,11,77.5,0,0,0,0,0,72,36,335,1,50.0,0,659,807,81.7,0,0,0,0,0,0,0,0,0,0,0,3.42,3.53,10.73,2,0
2020,K,Dan Bailey,,32,16,77.0,0,0,0,0,0,0,0,0,0,0.0,0,2,1109,0.2,37,6,15,0,0,0,0,0,0,0,0,3.57,0.5,9.5,1,0
2020,TE,Darren Fells,TB,34,10,76.2,0,0,0,0,0,29,21,312,4,72.4,0,549,1002,54.8,0,0,0,0,0,0,0,0,0,0,0,5.55,3.25,13.43,3,1
2020,RB,Sony Michel,,25,8,75.3,0,0,0,449,1,9,7,114,1,77.8,0,183,560,32.7,0,0,0,0,0,0,0,0,0,0,0,6.51,4.45,14.38,2,1
2020,WR,Preston Williams,,23,8,74.8,0,0,0,0,0,35,18,288,4,51.4,0,338,513,65.9,0,0,0,0,0,0,0,0,0,0,0,5.63,4.93,13.78,2,1
2020,DST,TEN Defense,TEN,,15,74.0,0,0,0,0,0,0,0,0,0,0.0,0,0,0,0.0,0,0,0,19,15,7,1,0,1,437,6372,4.77,-1.25,10.25,1,0
2020,RB,Benny Snell,,22,14,73.9,0,0,0,368,4,14,10,61,0,71.4,1,285,1117,25.5,0,0,0,0,0,0,0,0,0,0,0,5.72,0.08,12.85,3,0
2020,RB,Le'Veon Bell,TB,28,11,73.6,0,0,0,328,2,20,16,138,0,80.0,0,277,826,33.5,0,0,0,0,0,0,0,0,0,0,0,3.36,3.83,10.1,2,0
2020,TE,Jordan Reed,,30,9,73.1,0,0,0,0,0,46,26,231,4,56.5,0,257,766,33.6,0,0,0,0,0,0,0,0,0,0,0,6.74,2.9,14.3,3,1
2020,TE,N'Keal Harry,,22,12,72.9,0,0,0,0,0,57,33,309,2,57.9,1,588,874,67.3,0,0,0,0,0,0,0,0,0,0,0,4.43,1.23,11.23,2,0
2020,TE,Chris Herndon,,24,11,71.7,0,0,0,0,0,46,31,287,3,67.4,2,686,1010,67.9,0,0,0,0,0,0,0,0,0,0,0,5.83,0.95,12.93,3,0
2020,RB,Kerryon Johnson,,23,13,70.8,0,0,0,181,2,26,19,187,1,73.1,1,301,1035,29.1,0,0,0,0,0,0,0,0,0,0,0,3.44,1.73,9.75,1,0
2020,TE,Richard Rodgers,,28,8,70.5,0,0,0,0,0,31,24,345,2,77.4,0,279,1018,27.4,0,0,0,0,0,0,0,0,0,0,0,4.43,4.72,12.9,3,0
2020,WR,Miles Boykin,,23,12,69.6,0,0,0,0,0,33,19,266,4,57.6,0,558,1055,52.9,0,0,0,0,0,0,0,0,0,0,0,3.51,2.08,9.98,2,0
2020,RB,Cordarrelle Patterson,,29,15,69.4,0,0,0,232,1,25,21,132,0,84.0,0,208,1107,18.8,0,0,0,0,0,0,0,0,0,0,0,3.94,1.33,10.43,2,0
2020,QB,Dwayne Haskins,PIT,23,7,69.16,1439,5,7,46,1,0,0,0,0,0.0,3,434,794,54.7,0,0,0,0,0,0,0,0,0,0,0,6.28,5.72,14.25,5,0
2020,RB,Salvon Ahmed,CHI,21,6,69.0,0,0,0,319,3,14,11,61,0,78.6,0,208,413,50.4,0,0,0,0,0,0,0,0,0,0,0,7.0,7.83,15.98,4,1
2020,TE,Cameron Brate,,29,12,68.2,0,0,0,0,0,34,28,282,2,82.4,0,320,1086,29.5,0,0,0,0,0,0,0,0,0,0,0,3.38,1.78,9.57,1,0
2020,K,Jake Elliott,PHI,25,16,68.0,0,0,0,0,0,0,0,0,0,0.0,0,1,1168,0.1,24,2,14,0,0,0,0,0,0,0,0,3.23,1.0,8.25,1,0
2020,QB,Jimmy Garoppolo,,28,6,67.34,1096,7,5,25,0,0,0,0,0,0.0,0,310,403,76.9,0,0,0,0,0,0,0,0,0,0,0,8.53,6.14,16.38,3,1
2020,WR,Quintez Cephus,,22,11,66.9,0,0,0,0,0,35,20,349,2,57.1,0,371,865,42.9,0,0,0,0,0,0,0,0,0,0,0,4.12,2.35,10.78,2,0
2020,RB,Phillip Lindsay,,26,11,66.0,0,0,0,502,1,14,7,28,0,50.0,0,277,721,38.4,0,0,0,0,0,0,0,0,0,0,0,4.24,1.78,10.45,2,0
2020,DST,MIN Defense,MIN,,14,66.0,0,0,0,0,0,0,0,0,0,0.0,0,0,0,0.0,0,0,0,23,15,4,0,1,2,453,6292,3.92,0.5,9.5,1,0
2020,TE,Jacob Hollister,,26,13,65.9,0,0,0,0,0,40,25,209,3,62.5,0,382,1087,35.1,0,0,0,0,0,0,0,0,0,0,0,3.41,1.68,9.88,1,0
2020,WR,Kenny Golladay,,26,4,65.8,0,0,0,0,0,32,20,338,2,62.5,0,207,301,68.8,0,0,0,0,0,0,0,0,0,0,0,1.26,16.45,16.45,4,0
2020,RB,Samaje Perine,CIN,24,10,65.7,0,0,0,301,3,12,11,66,0,91.7,0,216,1117,19.3,0,0,0,0,0,0,0,0,0,0,0,8.21,1.23,13.15,2,1
2020,RB,Justin Jackson,,24,8,65.3,0,0,0,270,0,24,19,173,0,79.2,0,168,653,25.7,0,0,0,0,0,0,0,0,0,0,0,6.14,2.45,13.88,4,0
2020,TE,Dawson Knox,BUF,23,11,64.8,0,0,0,0,0,44,24,288,3,54.5,2,496,862,57.5,0,0,0,0,0,0,0,0,0,0,0,3.45,2.83,9.9,2,0
2020,TE,Kyle Rudolph,,30,10,64.4,0,0,0,0,0,37,28,334,1,75.7,1,589,814,72.4,0,0,0,0,0,0,0,0,0,0,0,3.28,3.43,9.48,1,0
2020,K,Matt Gay,LV,26,7,64.0,0,0,0,0,0,0,0,0,0,0.0,0,0,507,0.0,16,0,14,0,0,0,0,0,0,0,0,1.88,8.0,10.5,1,0
2020,QB,Mike Glennon,,30,5,63.58,1072,7,5,17,0,0,0,0,0,0.0,2,295,1027,28.7,0,0,0,0,0,0,0,0,0,0,0,5.4,11.4,15.3,4,0
2020,RB,Ty Johnson,BUF,22,9,63.3,0,0,0,254,1,21,16,99,1,76.2,0,180,814,22.1,0,0,0,0,0,0,0,0,0,0,0,6.6,1.85,12.93,2,0
2020,TE,Jack Doyle,IND,30,10,63.1,0,0,0,0,0,33,23,251,3,69.7,1,551,964,57.2,0,0,0,0,0,0,0,0,0,0,0,2.76,3.13,8.9,0,0
2020,DST,JAX Defense,JAX,,14,63.0,0,0,0,0,0,0,0,0,0,0.0,0,0,0,0.0,0,0,0,18,12,5,1,0,1,488,6683,4.2,1.0,9.5,2,0
2020,WR,Richie James,,24,6,62.4,0,0,0,0,0,35,23,394,1,65.7,2,413,765,54.0,0,0,0,0,0,0,0,0,0,0,0,10.52,4.85,13.98,1,1
2020,WR,DaeSean Hamilton,,25,10,61.3,0,0,0,0,0,44,23,293,2,52.3,1,546,1099,49.7,0,0,0,0,0,0,0,0,0,0,0,5.36,2.13,11.45,3,0
2020,RB,Jordan Wilkins,,26,12,61.3,0,0,0,308,1,16,12,105,0,75.0,0,186,1041,17.9,0,0,0,0,0,0,0,0,0,0,0,5.15,1.13,10.07,1,1
2020,TE,Will Dissly,,24,14,61.1,0,0,0,0,0,29,24,251,2,82.8,0,567,1087,52.2,0,0,0,0,0,0,0,0,0,0,0,2.54,2.25,7.95,1,0
2020,TE,Cole Kmet,CHI,21,11,61.0,0,0,0,-3,0,44,28,243,2,63.6,1,622,1107,56.2,0,0,0,0,0,0,0,0,0,0,0,4.11,1.73,10.23,1,0
2020,WR,Denzel Mims,DAL,22,8,60.7,0,0,0,0,0,44,23,357,0,52.3,0,452,548,82.5,0,0,0,0,0,0,0,0,0,0,0,2.71,5.38,9.8,3,0
2020,WR,Marvin Hall,,27,9,60.3,0,0,0,1,0,32,18,302,2,56.3,0,362,860,42.1,0,0,0,0,0,0,0,0,0,0,0,4.78,2.78,11.15,2,0
2020,TE,Harrison Bryant,,22,11,59.8,0,0,0,0,0,38,24,238,3,63.2,2,607,1031,58.9,0,0,0,0,0,0,0,0,0,0,0,5.69,1.33,10.83,1,1
2020,WR,Collin Johnson,,22,9,59.2,0,0,0,0,0,31,18,272,2,58.1,0,230,906,25.4,0,0,0,0,0,0,0,0,0,0,0,6.19,1.83,12.38,3,0
2020,TE,Durham Smythe,BAL,25,12,58.8,0,0,0,0,0,29,26,208,2,89.7,0,464,1020,45.5,0,0,0,0,0,0,0,0,0,0,0,2.29,2.7,7.65,0,0
2020,WR,Donovan Peoples-Jones,,21,6,58.4,0,0,0,0,0,20,14,304,2,70.0,0,277,813,34.1,0,0,0,0,0,0,0,0,0,0,0,5.54,6.65,13.18,3,0
2020,WR,Adam Humphries,,27,6,57.8,0,0,0,0,0,35,23,228,2,65.7,0,233,502,46.4,0,0,0,0,0,0,0,0,0,0,0,6.1,5.9,13.25,3,0
2020,DST,HOU Defense,HOU,,15,57.0,0,0,0,0,0,0,0,0,0,0.0,0,0,0,0.0,0,0,0,34,3,7,1,0,2,454,6668,5.21,-0.75,10.0,2,0
2020,RB,DeeJay Dallas,JAX,21,8,56.9,0,0,0,108,2,20,17,111,1,85.0,0,153,826,18.5,0,0,0,0,0,0,0,0,0,0,0,6.64,2.98,11.25,2,1
2020,QB,Joe Flacco,CIN,35,5,56.76,864,6,3,22,0,0,0,0,0,0.0,0,258,824,31.3,0,0,0,0,0,0,0,0,0,0,0,7.41,8.82,14.03,3,1
2020,RB,Ito Smith,DAL,24,12,56.3,0,0,0,268,1,26,17,75,0,65.4,0,228,998,22.8,0,0,0,0,0,0,0,0,0,0,0,4.23,1.43,8.5,1,0
2020,WR,Julian Edelman,,34,6,56.22,38,0,0,22,0,39,21,315,0,53.8,0,267,392,68.1,0,0,0,0,0,0,0,0,0,0,0,8.13,4.33,12.43,2,1
2020,WR,Isaiah Ford,,24,9,55.6,0,0,0,0,0,44,28,276,0,63.6,0,380,730,52.1,0,0,0,0,0,0,0,0,0,0,0,3.64,3.25,9.45,1,0
2020,RB,Peyton Barber,,26,14,55.0,0,0,0,258,4,7,4,12,0,57.1,0,202,1116,18.1,0,0,0,0,0,0,0,0,0,0,0,3.92,0.55,8.88,1,0
2020,RB,Darrel Williams,,25,13,54.5,0,0,0,169,1,26,18,116,0,69.2,0,283,1130,25.0,0,0,0,0,0,0,0,0,0,0,0,3.45,0.8,8.23,2,0
2020,TE,James O'Shaughnessy,,28,13,54.2,0,0,0,0,0,38,28,262,0,73.7,0,450,966,46.6,0,0,0,0,0,0,0,0,0,0,0,2.25,1.63,7.05,0,0
2020,RB,Dion Lewis,,29,16,54.2,0,0,0,115,2,30,19,127,1,63.3,2,319,1040,30.7,0,0,0,0,0,0,0,0,0,0,0,3.81,0.18,8.23,1,0
2020,TE,Greg Olsen,,35,9,53.9,0,0,0,0,0,37,24,239,1,64.9,0,444,748,59.4,0,0,0,0,0,0,0,0,0,0,0,3.51,3.15,9.32,2,0
2020,WR,Andy Isabella,,23,10,53.8,0,0,0,-6,0,35,21,224,2,60.0,0,317,930,34.1,0,0,0,0,0,0,0,0,0,0,0,5.44,1.9,10.28,1,1
2020,WR,Lynn Bowden,,22,8,53.58,32,0,0,32,0,37,28,211,0,75.7,0,340,723,47.0,0,0,0,0,0,0,0,0,0,0,0,5.68,1.35,12.05,3,0
2020,WR,Olamide Zaccheaus,ATL,23,7,53.4,0,0,0,0,0,32,20,274,1,62.5,0,317,809,39.2,0,0,0,0,0,0,0,0,0,0,0,7.21,2.1,11.83,2,1
2020,WR,Steven Sims,,23,11,53.3,0,0,0,18,0,37,27,265,1,73.0,2,385,844,45.6,0,0,0,0,0,0,0,0,0,0,0,3.05,1.7,8.28,1,0
2020,WR,Devin Duvernay,ARI,22,14,53.1,0,0,0,70,0,26,20,201,0,76.9,0,359,1055,34.0,0,0,0,0,0,0,0,0,0,0,0,2.75,1.0,7.55,0,0
2020,RB,Mark Ingram,,30,10,52.9,0,0,0,299,2,8,6,50,0,75.0,0,166,716,23.2,0,0,0,0,0,0,0,0,0,0,0,4.35,2.03,9.25,2,0
2020,QB,Brandon Allen,NYG,27,5,52.7,925,5,4,27,0,1,0,0,0,0.0,1,280,298,94.0,0,0,0,0,0,0,0,0,0,0,0,7.73,7.39,13.15,2,1
2020,WR,Cedrick Wilson,DET,24,10,52.62,23,1,0,-12,0,28,17,189,2,60.7,0,240,1155,20.8,0,0,0,0,0,0,0,0,0,0,0,8.16,0.14,11.94,2,1
2020,RB,La'Mical Perine,,22,9,52.5,0,0,0,232,2,15,11,63,0,73.3,0,202,649,31.1,0,0,0,0,0,0,0,0,0,0,0,3.51,3.2,8.57,1,0
2020,TE,David Njoku,LAC,24,10,52.3,0,0,0,0,0,29,19,213,2,65.5,0,422,896,47.1,0,0,0,0,0,0,0,0,0,0,0,3.99,1.93,9.53,1,0
2020,DST,LV Defense,LV,,15,51.0,0,0,0,0,0,0,0,0,0,0.0,0,0,0,0.0,0,0,0,21,10,4,0,0,2,460,6225,5.55,-2.5,10.75,1,0
2020,RB,Jalen Richard,LV,26,12,50.1,0,0,0,123,1,23,19,138,0,82.6,0,193,906,21.3,0,0,0,0,0,0,0,0,0,0,0,2.35,2.08,7.23,0,0
2020,TE,Ross Dwelley,,25,10,49.5,0,0,0,0,0,24,19,245,1,79.2,0,510,1118,45.6,0,0,0,0,0,0,0,0,0,0,0,2.63,2.5,7.65,0,0
2020,QB,C.J. Beathard,,26,5,49.28,787,6,0,28,0,0,0,0,0,0.0,3,188,779,24.1,0,0,0,0,0,0,0,0,0,0,0,5.0,7.8,11.13,2,0
2020,K,Sam Sloman,,22,8,49.0,0,0,0,0,0,0,0,0,0,0.0,0,0,551,0.0,23,3,10,0,0,0,0,0,0,0,0,2.37,4.75,7.5,1,0
2020,DST,CIN Defense,CIN,,16,49.0,0,0,0,0,0,0,0,0,0,0.0,0,0,0,0.0,0,0,0,17,11,6,0,0,0,412,6230,3.88,-2.5,8.0,0,0
2020,K,Sam Ficken,,27,8,49.0,0,0,0,0,0,0,0,0,0,0.0,0,0,607,0.0,12,3,13,0,0,0,0,0,0,0,0,5.71,1.75,10.5,2,0
2020,WR,Chad Beebe,,26,9,48.1,0,0,0,0,0,30,20,201,2,66.7,1,328,1001,32.8,0,0,0,0,0,0,0,0,0,0,0,4.98,2.1,9.1,2,0
2020,DST,DET Defense,DET,,16,48.0,0,0,0,0,0,0,0,0,0,0.0,0,0,0,0.0,0,0,0,24,7,5,0,1,4,501,6716,3.14,-1.0,6.5,0,0
2020,WR,Chad Hansen,,25,5,46.6,0,0,0,0,0,24,17,236,1,70.8,0,289,323,89.5,0,0,0,0,0,0,0,0,0,0,0,5.49,7.88,11.2,3,0
2020,WR,Van Jefferson,WAS,24,10,45.9,0,0,0,-1,0,31,19,220,1,61.3,0,264,1153,22.9,0,0,0,0,0,0,0,0,0,0,0,3.11,1.42,7.95,0,0
2020,WR,Dontrelle Inman,,31,7,45.3,0,0,0,0,0,28,18,163,2,64.3,0,328,686,47.8,0,0,0,0,0,0,0,0,0,0,0,5.33,2.78,9.57,1,0
2020,TE,Adam Shaheen,,25,9,45.0,0,0,0,0,0,22,12,150,3,54.5,0,375,1089,34.4,0,0,0,0,0,0,0,0,0,0,0,3.89,2.03,8.43,1,0
2020,QB,Kyle Allen,BUF,24,4,45.0,610,4,1,26,1,0,0,0,0,0.0,1,181,530,34.2,0,0,0,0,0,0,0,0,0,0,0,5.78,11.25,11.25,2,0
2020,WR,DeSean Jackson,,33,5,44.8,0,0,0,12,0,26,14,236,1,53.8,0,188,398,47.2,0,0,0,0,0,0,0,0,0,0,0,4.27,7.43,10.43,2,0
2020,WR,Deonte Harty,,22,9,44.7,0,0,0,51,0,25,20,186,1,80.0,1,171,611,28.0,0,0,0,0,0,0,0,0,0,0,0,3.67,2.6,7.68,1,0
2020,WR,Marquez Callaway,,22,7,44.3,0,0,0,0,0,27,21,213,0,77.8,0,271,750,36.1,0,0,0,0,0,0,0,0,0,0,0,4.34,3.33,9.15,1,0
2020,WR,Isaiah Wright,,23,10,44.3,0,0,0,16,0,35,27,197,0,77.1,1,354,977,36.2,0,0,0,0,0,0,0,0,0,0,0,3.35,1.6,8.1,1,0
2020,WR,Mohamed Sanu,,31,7,44.0,0,0,0,3,0,24,17,187,1,70.8,0,288,678,42.5,0,0,0,0,0,0,0,0,0,0,0,4.02,3.83,8.57,1,0
2020,RB,Jeremy McNichols,WAS,24,14,43.9,0,0,0,204,1,17,12,55,0,70.6,0,279,1107,25.2,0,0,0,0,0,0,0,0,0,0,0,2.95,0.77,7.05,1,0
2020,TE,Donald Parham,,23,6,43.9,0,0,0,0,0,20,10,159,3,50.0,0,185,950,19.5,0,0,0,0,0,0,0,0,0,0,0,3.44,5.5,9.38,1,0
2020,TE,Tyler Conklin,DET,25,7,43.4,0,0,0,0,0,26,19,194,1,73.1,0,468,1109,42.2,0,0,0,0,0,0,0,0,0,0,0,4.31,3.15,9.2,1,0
2020,WR,Freddie Swain,,22,8,42.9,0,0,0,0,0,21,13,159,2,61.9,0,360,1087,33.1,0,0,0,0,0,0,0,0,0,0,0,2.94,2.93,7.8,1,0
2020,RB,Chris Thompson,,29,6,42.6,0,0,0,20,0,23,20,146,1,87.0,0,159,508,31.3,0,0,0,0,0,0,0,0,0,0,0,2.93,5.53,8.88,1,0
2020,TE,Pharaoh Brown,,26,7,42.3,0,0,0,0,0,16,14,163,2,87.5,0,280,814,34.4,0,0,0,0,0,0,0,0,0,0,0,4.76,2.9,8.73,2,0
2020,TE,Tyler Kroft,,27,6,41.9,0,0,0,0,0,16,12,119,3,75.0,0,306,690,44.3,0,0,0,0,0,0,0,0,0,0,0,6.01,3.28,9.52,2,0
2020,WR,Byron Pringle,,26,6,41.0,0,0,0,0,0,17,13,160,1,76.5,0,200,919,21.8,0,0,0,0,0,0,0,0,0,0,0,3.88,4.8,8.25,1,0
2020,WR,Tyler Johnson,DAL,22,7,40.9,0,0,0,0,0,18,12,169,2,66.7,0,269,953,28.2,0,0,0,0,0,0,0,0,0,0,0,2.79,3.68,7.93,1,0
2020,RB,Alfred Morris,,31,9,40.7,0,0,0,238,1,4,3,19,1,75.0,0,113,602,18.8,0,0,0,0,0,0,0,0,0,0,0,5.06,1.25,8.23,1,0
2020,WR,Marcus Johnson,,26,6,40.5,0,0,0,0,0,28,14,255,0,50.0,0,308,762,40.4,0,0,0,0,0,0,0,0,0,0,0,4.45,4.1,8.6,1,0
2020,RB,AJ Dillon,CAR,22,9,40.3,0,0,0,242,2,2,2,21,0,100.0,0,98,728,13.5,0,0,0,0,0,0,0,0,0,0,0,7.69,0.78,8.88,1,1
2020,RB,Matt Breida,,25,10,40.0,0,0,0,254,0,10,9,96,0,90.0,1,156,810,19.3,0,0,0,0,0,0,0,0,0,0,0,2.84,1.08,6.9,0,0
2020,TE,Ian Thomas,LV,24,12,39.5,0,0,0,0,0,31,20,145,1,64.5,0,689,1064,64.8,0,0,0,0,0,0,0,0,0,0,0,2.36,1.2,6.3,0,0
2020,TE,Jesse James,,26,11,38.9,0,0,0,0,0,22,14,129,2,63.6,0,451,1035,43.6,0,0,0,0,0,0,0,0,0,0,0,3.23,1.2,6.78,1,0
2020,TE,Marcedes Lewis,,36,9,38.7,0,0,0,0,0,17,10,107,3,58.8,0,424,991,42.8,0,0,0,0,0,0,0,0,0,0,0,3.16,1.68,7.53,0,0
2020,TE,Adam Trautman,DEN,23,9,38.1,0,0,0,0,0,16,15,171,1,93.8,0,402,1021,39.4,0,0,0,0,0,0,0,0,0,0,0,3.37,2.05,6.75,1,0
2020,TE,O.J. Howard,,25,4,37.6,0,0,0,0,0,19,11,146,2,57.9,0,134,280,47.9,0,0,0,0,0,0,0,0,0,0,0,4.86,9.4,9.4,2,0
2020,TE,Nick Boyle,,27,8,37.3,0,0,0,0,0,17,14,113,2,82.4,0,393,600,65.5,0,0,0,0,0,0,0,0,0,0,0,3.94,1.65,7.68,1,0
2020,RB,Royce Freeman,,24,11,37.1,0,0,0,170,0,13,12,81,0,92.3,0,198,1099,18.0,0,0,0,0,0,0,0,0,0,0,0,1.43,1.83,4.85,0,0
2020,WR,Mack Hollins,NE,26,9,36.6,0,0,0,0,0,25,16,176,1,64.0,1,292,1089,26.8,0,0,0,0,0,0,0,0,0,0,0,3.8,0.75,7.45,1,0
2020,RB,Josh Adams,,23,5,36.6,0,0,0,157,2,8,6,29,0,75.0,0,77,497,15.5,0,0,0,0,0,0,0,0,0,0,0,4.67,5.68,9.13,2,0
2020,WR,Zay Jones,,25,10,36.56,29,0,0,0,0,19,14,154,1,73.7,0,292,1100,26.5,0,0,0,0,0,0,0,0,0,0,0,2.64,1.32,6.65,0,0
2020,WR,Bryan Edwards,,21,8,36.3,0,0,0,0,0,15,11,193,1,73.3,0,266,812,32.8,0,0,0,0,0,0,0,0,0,0,0,3.77,1.9,7.18,1,0
2020,RB,Devonta Freeman,,28,5,36.0,0,0,0,172,1,10,7,58,0,70.0,0,139,302,46.0,0,0,0,0,0,0,0,0,0,0,0,6.05,4.83,8.8,2,0
2020,RB,Rodney Smith,,24,7,35.5,0,0,0,156,1,11,9,59,0,81.8,0,135,459,29.4,0,0,0,0,0,0,0,0,0,0,0,3.28,2.65,7.33,1,0
2020,K,Aldrick Rosas,,25,6,35.0,0,0,0,0,0,0,0,0,0,0.0,0,0,388,0.0,9,0,8,0,0,0,0,0,0,0,0,4.3,3.25,8.0,1,0
2020,WR,Bisi Johnson,,23,6,34.9,0,0,0,0,0,19,14,189,0,73.7,0,246,1109,22.2,0,0,0,0,0,0,0,0,0,0,0,5.25,2.47,7.67,1,0
2020,WR,Jeff Smith,,23,7,33.7,0,0,0,0,0,37,17,167,0,45.9,0,325,824,39.4,0,0,0,0,0,0,0,0,0,0,0,4.52,1.85,7.18,1,0
2020,TE,Foster Moreau,HOU,23,6,33.0,0,0,0,0,0,9,7,140,2,77.8,0,261,1100,23.7,0,0,0,0,0,0,0,0,0,0,0,4.06,2.7,7.38,2,0
2020,RB,Travis Homer,PIT,22,9,32.8,0,0,0,88,0,10,9,90,1,90.0,0,141,617,22.9,0,0,0,0,0,0,0,0,0,0,0,3.38,1.17,6.5,1,0
2020,WR,KeeSean Johnson,,23,8,32.3,0,0,0,0,0,23,15,173,0,65.2,0,220,640,34.4,0,0,0,0,0,0,0,0,0,0,0,2.12,2.1,5.98,0,0
2020,QB,Jake Luton,,24,3,32.26,624,2,6,13,1,0,0,0,0,0.0,0,194,261,74.3,0,0,0,0,0,0,0,0,0,0,0,8.37,10.75,10.75,1,1
2020,QB,Jeff Driskel,,27,3,32.08,432,3,2,28,0,0,0,0,0,0.0,0,116,275,42.2,0,0,0,0,0,0,0,0,0,0,0,7.71,10.69,10.69,2,0
2020,TE,Jason Witten,,38,9,31.9,0,0,0,0,0,17,13,69,2,76.5,0,415,1100,37.7,0,0,0,0,0,0,0,0,0,0,0,2.87,1.27,6.05,0,0
2020,WR,Kenny Stills,,28,6,31.4,0,0,0,0,0,19,11,144,1,57.9,0,169,620,27.3,0,0,0,0,0,0,0,0,0,0,0,3.41,3.25,6.85,1,0
2020,RB,Darwin Thompson,,23,5,31.2,0,0,0,97,1,11,7,65,1,63.6,1,32,980,3.3,0,0,0,0,0,0,0,0,0,0,0,11.47,0.55,8.28,1,1
2020,WR,Ray-Ray McCloud,,23,10,30.2,0,0,0,65,0,22,20,77,0,90.9,1,168,1117,15.0,0,0,0,0,0,0,0,0,0,0,0,3.11,0.65,5.9,1,0
2020,RB,JaMycal Hasty,,23,6,30.1,0,0,0,148,1,8,7,33,0,87.5,0,100,563,17.8,0,0,0,0,0,0,0,0,0,0,0,2.63,3.18,6.1,0,0
2020,RB,Ameer Abdullah,JAX,27,6,30.0,0,0,0,42,0,9,8,58,2,88.9,0,77,1109,6.9,0,0,0,0,0,0,0,0,0,0,0,3.31,2.78,6.73,0,0
2020,K,Sergio Castillo,,29,6,30.0,0,0,0,0,0,0,0,0,0,0.0,0,0,339,0.0,6,1,8,0,0,0,0,0,0,0,0,4.36,2.0,7.0,2,0
2020,TE,Ryan Izzo,,24,8,29.9,0,0,0,0,0,20,13,199,0,65.0,1,632,790,80.0,0,0,0,0,0,0,0,0,0,0,0,1.83,2.48,5.0,0,0
2020,RB,Dare Ogunbowale,,26,6,29.9,0,0,0,145,0,20,10,54,0,50.0,0,189,910,20.8,0,0,0,0,0,0,0,0,0,0,0,4.34,1.98,6.93,2,0
2020,WR,Noah Brown,,24,7,29.8,0,0,0,4,0,24,14,154,0,58.3,0,231,1155,20.0,0,0,0,0,0,0,0,0,0,0,0,2.38,2.42,5.9,0,0
2020,RB,Jordan Howard,,25,7,29.7,0,0,0,60,4,1,1,-3,0,100.0,0,71,480,14.8,0,0,0,0,0,0,0,0,0,0,0,3.02,2.17,6.78,0,0
2020,TE,Nick Vannett,SEA,27,8,29.5,0,0,0,0,0,21,14,95,1,66.7,0,371,1034,35.9,0,0,0,0,0,0,0,0,0,0,0,3.4,1.48,5.9,1,0
2020,TE,Jace Sternberger,,24,6,29.4,0,0,0,0,0,15,12,114,1,80.0,0,207,811,25.5,0,0,0,0,0,0,0,0,0,0,0,2.65,3.63,6.7,0,0
2020,WR,Mike Thomas,,26,7,29.3,0,0,0,1,0,21,13,132,1,61.9,1,240,997,24.1,0,0,0,0,0,0,0,0,0,0,0,4.37,1.27,6.78,1,0
2020,TE,Kaden Smith,,23,13,29.2,0,0,0,0,0,21,18,112,0,85.7,0,457,957,47.8,0,0,0,0,0,0,0,0,0,0,0,0.97,1.38,3.5,0,0
2020,TE,Albert Okwuegbunam,LV,22,4,29.1,0,0,0,0,0,15,11,121,1,73.3,0,88,284,31.0,0,0,0,0,0,0,0,0,0,0,0,4.03,7.28,7.28,1,0
2020,K,Mike Nugent,,38,3,29.0,0,0,0,0,0,0,0,0,0,0.0,0,0,296,0.0,7,0,7,0,0,0,0,0,0,0,0,3.09,9.67,9.67,1,0
2020,WR,Auden Tate,,23,6,29.0,0,0,0,0,0,22,14,150,0,63.6,0,176,640,27.5,0,0,0,0,0,0,0,0,0,0,0,4.06,2.65,6.33,1,0
2020,WR,Cameron Batson,,24,8,29.0,0,0,0,20,0,13,12,100,1,92.3,0,293,829,35.3,0,0,0,0,0,0,0,0,0,0,0,2.66,1.65,5.6,0,0
2020,WR,KhaDarel Hodge,,25,5,29.0,0,0,0,0,0,17,11,180,0,64.7,0,303,666,45.5,0,0,0,0,0,0,0,0,0,0,0,2.65,4.68,6.7,1,0
2020,WR,John Hightower,,24,8,28.8,0,0,0,1,0,29,10,167,0,34.5,0,353,926,38.1,0,0,0,0,0,0,0,0,0,0,0,2.46,1.48,5.73,0,0
2020,RB,LeSean McCoy,,32,8,28.2,0,0,0,31,0,19,15,101,0,78.9,0,117,946,12.4,0,0,0,0,0,0,0,0,0,0,0,2.19,1.5,5.55,0,0
2020,WR,Brandon Powell,,24,10,27.6,0,0,0,7,0,18,12,69,2,66.7,1,186,1069,17.4,0,0,0,0,0,0,0,0,0,0,0,3.4,-0.28,6.23,0,0
2020,WR,Kalif Raymond,CHI,26,4,27.4,0,0,0,-3,0,15,9,187,0,60.0,0,253,1037,24.4,0,0,0,0,0,0,0,0,0,0,0,4.65,6.85,6.85,1,0
2020,WR,Jamal Agnew,,25,11,27.2,0,0,0,33,0,20,13,89,0,65.0,1,199,901,22.1,0,0,0,0,0,0,0,0,0,0,0,2.38,-0.15,4.65,0,0
2020,WR,Christian Blake,,24,7,27.1,0,0,0,0,0,18,13,141,0,72.2,0,282,1142,24.7,0,0,0,0,0,0,0,0,0,0,0,2.28,2.13,5.5,0,0
2020,QB,Marcus Mariota,WAS,26,1,26.84,226,1,1,88,1,0,0,0,0,0.0,0,65,359,18.1,0,0,0,0,0,0,0,0,0,0,0,0.0,26.84,26.84,1,1
2020,RB,Tyler Ervin,,26,7,26.1,0,0,0,67,0,15,11,84,0,73.3,0,145,550,26.4,0,0,0,0,0,0,0,0,0,0,0,3.34,1.55,5.43,1,0
2020,K,Josh Lambo,,29,4,26.0,0,0,0,0,0,0,0,0,0,0.0,0,1,260,0.4,8,2,5,0,0,0,0,0,0,0,0,4.03,6.5,6.5,1,0
2020,WR,Chris Hogan,,32,4,25.8,0,0,0,0,0,26,14,118,0,53.8,0,277,335,82.7,0,0,0,0,0,0,0,0,0,0,0,4.51,6.45,6.45,1,0
2020,WR,Equanimeous St. Brown,,23,6,25.4,0,0,0,7,0,13,7,117,1,53.8,0,198,773,25.6,0,0,0,0,0,0,0,0,0,0,0,2.7,2.42,5.38,0,0
2020,TE,Vance McDonald,,30,8,24.9,0,0,0,0,0,20,15,99,0,75.0,0,491,967,50.8,0,0,0,0,0,0,0,0,0,0,0,2.6,1.3,4.93,0,0
2020,WR,Gunner Olszewski,NYG,23,7,24.5,0,0,0,23,0,5,5,62,1,100.0,0,110,816,13.5,0,0,0,0,0,0,0,0,0,0,0,5.61,0.45,6.2,1,0
2020,TE,Maxx Williams,,26,5,24.2,0,0,0,0,0,10,8,102,1,80.0,0,333,654,50.9,0,0,0,0,0,0,0,0,0,0,0,1.51,4.2,5.3,0,0
2020,TE,Darrell Daniels,,25,7,24.2,0,0,0,0,0,11,8,92,1,72.7,0,376,880,42.7,0,0,0,0,0,0,0,0,0,0,0,2.87,1.25,5.23,0,0
2020,WR,Malcolm Perry,,23,7,23.7,0,0,0,5,0,13,9,92,1,69.2,0,159,619,25.7,0,0,0,0,0,0,0,0,0,0,0,2.67,1.3,5.08,0,0
2020,WR,Quez Watkins,PHI,22,4,23.6,0,0,0,0,0,13,7,106,1,53.8,0,123,511,24.1,0,0,0,0,0,0,0,0,0,0,0,4.83,5.9,5.9,1,0
2020,WR,Alshon Jeffery,,30,4,23.5,0,0,0,0,0,13,6,115,1,46.2,0,214,518,41.3,0,0,0,0,0,0,0,0,0,0,0,2.53,5.88,5.88,0,0
2020,TE,Geoff Swaim,,26,4,23.3,0,0,0,0,0,12,9,83,1,75.0,0,369,691,53.4,0,0,0,0,0,0,0,0,0,0,0,4.08,5.83,5.83,1,0
2020,K,Austin Seibert,,23,5,23.0,0,0,0,0,0,0,0,0,0,0.0,0,0,328,0.0,8,1,6,0,0,0,0,0,0,0,0,5.31,2.5,6.25,1,0
2020,WR,Laquon Treadwell,IND,25,4,22.9,0,0,0,0,0,7,6,49,2,85.7,0,61,333,18.3,0,0,0,0,0,0,0,0,0,0,0,2.83,5.73,5.73,0,0
2020,TE,C.J. Uzomah,,27,2,22.7,0,0,0,0,0,11,8,87,1,72.7,0,102,166,61.4,0,0,0,0,0,0,0,0,0,0,0,2.85,11.35,11.35,1,0
2020,RB,Anthony McFarland,,21,11,22.7,0,0,0,113,0,10,6,54,0,60.0,0,91,850,10.7,0,0,0,0,0,0,0,0,0,0,0,1.75,0.4,4.03,0,0
2020,WR,Dez Bryant,,31,3,22.7,0,0,0,0,0,11,6,47,2,54.5,0,135,457,29.5,0,0,0,0,0,0,0,0,0,0,0,0.56,7.57,7.57,0,0
2020,WR,DeMichael Harris,,22,6,22.5,0,0,0,46,0,10,10,79,0,100.0,0,82,503,16.3,0,0,0,0,0,0,0,0,0,0,0,3.19,1.78,5.38,0,0
2020,RB,Ke'Shawn Vaughn,,23,6,22.3,0,0,0,109,0,10,5,34,1,50.0,1,99,758,13.1,0,0,0,0,0,0,0,0,0,0,0,4.28,0.95,5.78,1,0
2020,TE,Blake Bell,,29,9,22.2,0,0,0,2,0,15,11,110,0,73.3,0,363,1155,31.4,0,0,0,0,0,0,0,0,0,0,0,1.43,1.4,3.6,0,0
2020,TE,Troy Fumagalli,,25,3,22.0,0,0,0,0,0,15,8,80,1,53.3,0,137,540,25.4,0,0,0,0,0,0,0,0,0,0,0,2.92,7.33,7.33,0,0
2020,TE,MyCole Pruitt,,28,4,21.9,0,0,0,0,0,8,5,49,2,62.5,0,267,747,35.7,0,0,0,0,0,0,0,0,0,0,0,2.83,5.48,5.48,0,0
2020,QB,Chad Henne,,35,3,21.72,248,2,0,-2,1,0,0,0,0,0.0,0,22,1130,1.9,0,0,0,0,0,0,0,0,0,0,0,6.58,7.24,7.24,1,0
2020,WR,C.J. Board,,26,9,21.4,0,0,0,3,0,16,11,101,0,68.8,0,173,904,19.1,0,0,0,0,0,0,0,0,0,0,0,1.63,1.2,3.65,0,0
2020,RB,Antonio Williams,,22,1,21.3,0,0,0,63,2,1,1,20,0,100.0,0,28,64,43.8,0,0,0,0,0,0,0,0,0,0,0,0.0,21.3,21.3,1,1
2020,QB,Ryan Finley,,25,4,21.16,164,1,2,66,1,0,0,0,0,0.0,0,92,1117,8.2,0,0,0,0,0,0,0,0,0,0,0,7.52,5.29,5.29,1,0
2020,RB,Alex Collins,,26,3,21.1,0,0,0,77,2,2,1,4,0,50.0,0,54,201,26.9,0,0,0,0,0,0,0,0,0,0,0,4.76,7.03,7.03,1,0
2020,K,Matthew Wright,,24,3,21.0,0,0,0,0,0,0,0,0,0,0.0,0,0,211,0.0,7,0,4,0,0,0,0,0,0,0,0,3.56,7.0,7.0,1,0
2020,RB,Patrick Laird,,25,9,21.0,0,0,0,72,0,12,10,68,0,83.3,1,147,1089,13.5,0,0,0,0,0,0,0,0,0,0,0,1.96,0.7,3.9,0,0
2020,RB,Corey Clement,,25,8,21.0,0,0,0,75,1,6,5,25,0,83.3,0,112,1100,10.2,0,0,0,0,0,0,0,0,0,0,0,2.01,0.88,4.38,0,0
2020,RB,Troymaine Pope,,26,4,20.8,0,0,0,76,0,10,8,42,0,80.0,0,63,470,13.4,0,0,0,0,0,0,0,0,0,0,0,5.45,5.2,5.2,1,0
2020,RB,Ryan Nall,,24,5,20.7,0,0,0,0,0,9,8,67,1,88.9,0,71,1043,6.8,0,0,0,0,0,0,0,0,0,0,0,4.72,1.8,4.88,1,0
2020,RB,Trayveon Williams,,22,6,20.7,0,0,0,157,0,5,5,30,0,100.0,1,59,652,9.0,0,0,0,0,0,0,0,0,0,0,0,3.01,1.43,4.82,0,0
2020,WR,Alex Erickson,,27,8,20.6,0,0,0,7,0,17,12,139,0,70.6,2,201,1117,18.0,0,0,0,0,0,0,0,0,0,0,0,5.06,-0.62,5.78,1,0
2020,QB,Jacoby Brissett,ARI,27,9,20.58,17,0,0,19,3,0,0,0,0,0.0,0,50,1108,4.5,0,0,0,0,0,0,0,0,0,0,0,4.0,0.05,5.02,1,0
2020,RB,D'Ernest Johnson,,24,8,20.0,0,0,0,166,0,4,3,14,0,75.0,0,84,1097,7.7,0,0,0,0,0,0,0,0,0,0,0,3.06,0.35,4.65,0,0
2020,TE,Lee Smith,ATL,32,3,19.5,0,0,0,0,0,6,4,35,2,66.7,0,173,681,25.4,0,0,0,0,0,0,0,0,0,0,0,4.02,6.5,6.5,1,0
2020,QB,Mason Rudolph,PIT,25,4,19.36,324,2,1,-6,0,0,0,0,0,0.0,0,81,1117,7.3,0,0,0,0,0,0,0,0,0,0,0,8.58,4.84,4.84,1,0
2020,WR,Trent Taylor,,26,6,18.6,0,0,0,0,0,21,10,86,0,47.6,0,205,848,24.2,0,0,0,0,0,0,0,0,0,0,0,1.47,2.35,3.73,0,0
2020,TE,Stephen Anderson,,27,3,18.6,0,0,0,0,0,11,8,106,0,72.7,0,101,1188,8.5,0,0,0,0,0,0,0,0,0,0,0,3.26,6.2,6.2,0,0
2020,WR,Malik Taylor,,24,5,18.5,0,0,0,9,0,6,5,66,1,83.3,0,168,986,17.0,0,0,0,0,0,0,0,0,0,0,0,2.61,2.48,4.4,0,0
2020,QB,Colt McCoy,,33,4,18.2,375,1,1,12,0,0,0,0,0,0.0,1,147,1040,14.1,0,0,0,0,0,0,0,0,0,0,0,4.95,4.55,4.55,0,0
2020,K,Chase McLaughlin,TB,24,4,18.0,0,0,0,0,0,0,0,0,0,0.0,0,0,263,0.0,5,1,4,0,0,0,0,0,0,0,0,3.28,4.5,4.5,0,0
2020,TE,Ryan Griffin,,30,4,17.6,0,0,0,0,0,12,9,86,0,75.0,0,400,939,42.6,0,0,0,0,0,0,0,0,0,0,0,0.57,4.4,4.4,0,0
2020,TE,Josh Hill,,30,7,17.6,0,0,0,0,0,10,8,46,1,80.0,0,366,964,38.0,0,0,0,0,0,0,0,0,0,0,0,2.87,0.98,3.7,0,0
2020,RB,Tarik Cohen,,25,3,17.5,0,0,0,74,0,9,6,41,0,66.7,0,79,217,36.4,0,0,0,0,0,0,0,0,0,0,0,1.52,5.83,5.83,0,0
2020,WR,Justin Watson,HOU,24,4,17.4,0,0,0,0,0,11,7,94,0,63.6,0,162,747,21.7,0,0,0,0,0,0,0,0,0,0,0,3.09,4.35,4.35,0,0
2020,RB,DeAndre Washington,,27,4,17.1,0,0,0,91,0,10,5,30,0,50.0,0,87,342,25.4,0,0,0,0,0,0,0,0,0,0,0,3.38,4.28,4.28,0,0
2020,RB,D'Onta Foreman,,24,5,17.0,0,0,0,95,0,1,1,5,1,100.0,0,30,407,7.4,0,0,0,0,0,0,0,0,0,0,0,3.21,1.93,4.22,0,0
2020,WR,Javon Wims,,25,6,17.0,0,0,0,2,0,12,6,48,1,50.0,0,299,906,33.0,0,0,0,0,0,0,0,0,0,0,0,2.16,1.55,3.75,0,0
2020,RB,Reggie Bonnafon,,24,2,16.7,0,0,0,69,0,2,2,18,1,100.0,0,23,134,17.2,0,0,0,0,0,0,0,0,0,0,0,6.75,8.35,8.35,1,0
2020,RB,Jaylen Samuels,,24,7,16.4,0,0,0,28,0,14,9,46,0,64.3,0,122,968,12.6,0,0,0,0,0,0,0,0,0,0,0,2.06,0.83,3.63,0,0
2020,WR,Austin Mack,,23,4,16.1,0,0,0,0,0,11,7,91,0,63.6,0,197,712,27.7,0,0,0,0,0,0,0,0,0,0,0,4.16,4.03,4.03,1,0
2020,RB,Darrynton Evans,,22,4,16.1,0,0,0,54,0,4,2,27,1,50.0,0,34,342,9.9,0,0,0,0,0,0,0,0,0,0,0,5.6,4.03,4.03,1,0
2020,QB,Jarrett Stidham,DEN,24,5,15.94,256,2,3,7,0,0,0,0,0,0.0,0,85,816,10.4,0,0,0,0,0,0,0,0,0,0,0,1.93,2.42,3.64,0,0
2020,RB,Mike Boone,,25,6,15.9,0,0,0,59,1,2,2,10,0,100.0,0,34,1109,3.1,0,0,0,0,0,0,0,0,0,0,0,1.78,1.65,3.35,0,0
2020,RB,Ty Montgomery,,27,3,15.8,0,0,0,101,0,6,3,27,0,50.0,0,72,397,18.1,0,0,0,0,0,0,0,0,0,0,0,4.97,5.27,5.27,1,0
2020,QB,Garrett Gilbert,,29,1,15.52,243,1,1,28,0,0,0,0,0,0.0,0,72,568,12.7,0,0,0,0,0,0,0,0,0,0,0,0.0,15.52,15.52,1,0
2020,RB,Saquon Barkley,PHI,23,2,15.4,0,0,0,34,0,9,6,60,0,66.7,0,70,136,51.5,0,0,0,0,0,0,0,0,0,0,0,4.9,7.7,7.7,1,0
2020,RB,T.J. Yeldon,,26,2,15.2,0,0,0,70,0,4,1,22,1,25.0,0,43,201,21.4,0,0,0,0,0,0,0,0,0,0,0,5.8,7.6,7.6,1,0
2020,WR,Parris Campbell,,23,2,14.7,0,0,0,16,0,9,6,71,0,66.7,0,64,149,43.0,0,0,0,0,0,0,0,0,0,0,0,6.65,7.35,7.35,1,0
2020,WR,Dante Pettis,BUF,24,3,14.6,0,0,0,0,0,6,4,76,1,66.7,1,116,478,24.3,0,0,0,0,0,0,0,0,0,0,0,6.25,4.87,4.87,1,0
2020,WR,J.J. Arcega-Whiteside,,23,4,14.5,0,0,0,0,0,8,4,85,0,50.0,0,142,660,21.5,0,0,0,0,0,0,0,0,0,0,0,1.79,3.63,3.63,0,0
2020,QB,Blaine Gabbert,,30,3,14.32,143,2,0,16,0,0,0,0,0,0.0,0,51,1086,4.7,0,0,0,0,0,0,0,0,0,0,0,6.68,4.77,4.77,1,0
2020,QB,Brett Rypien,,24,2,14.3,295,2,4,-5,0,0,0,0,0,0.0,0,88,917,9.6,0,0,0,0,0,0,0,0,0,0,0,7.03,7.15,7.15,1,0
2020,QB,Chase Daniel,,33,4,14.16,264,1,2,16,0,0,0,0,0,0.0,0,66,1035,6.4,0,0,0,0,0,0,0,0,0,0,0,2.29,3.54,3.54,0,0
2020,RB,Justice Hill,BAL,22,7,14.0,0,0,0,60,0,5,5,20,0,100.0,0,78,805,9.7,0,0,0,0,0,0,0,0,0,0,0,1.71,1.02,2.83,0,0
2020,TE,Virgil Green,,32,3,14.0,0,0,0,0,0,6,3,50,1,50.0,0,141,444,31.8,0,0,0,0,0,0,0,0,0,0,0,3.49,4.67,4.67,0,0
2020,QB,John Wolford,,24,1,13.84,231,0,1,56,0,0,0,0,0,0.0,0,77,1080,7.1,0,0,0,0,0,0,0,0,0,0,0,0.0,13.84,13.84,1,0
2020,WR,Lil'Jordan Humphrey,DEN,22,2,13.6,0,0,0,0,0,5,3,46,1,60.0,0,67,196,34.2,0,0,0,0,0,0,0,0,0,0,0,4.1,6.8,6.8,1,0
2020,WR,Brandon Zylstra,,27,5,13.6,0,0,0,1,0,4,3,35,0,75.0,0,131,1064,12.3,0,0,0,0,0,0,0,0,0,0,0,2.45,1.65,3.38,0,0
2020,RB,Devine Ozigbo,,23,4,13.3,0,0,0,1,0,9,9,42,0,100.0,0,28,519,5.4,0,0,0,0,0,0,0,0,0,0,0,2.29,3.33,3.33,0,0
2020,TE,Luke Stocker,,32,6,13.3,0,0,0,0,0,11,7,63,0,63.6,0,513,1142,44.9,0,0,0,0,0,0,0,0,0,0,0,0.92,1.73,2.63,0,0
2020,WR,Jaydon Mickens,,26,2,12.8,0,0,0,0,0,10,7,58,0,70.0,0,75,678,11.1,0,0,0,0,0,0,0,0,0,0,0,2.2,6.4,6.4,0,0
2020,RB,Tevin Coleman,,27,6,12.7,0,0,0,53,0,5,4,34,0,80.0,0,64,552,11.6,0,0,0,0,0,0,0,0,0,0,0,2.19,0.83,3.18,0,0
2020,QB,P.J. Walker,,25,4,12.52,368,1,5,-2,0,1,0,0,0,0.0,0,111,710,15.6,0,0,0,0,0,0,0,0,0,0,0,4.62,3.13,3.13,1,0
2020,TE,Demetrius Harris,,29,5,12.5,0,0,0,0,0,14,7,45,0,50.0,0,221,1032,21.4,0,0,0,0,0,0,0,0,0,0,0,1.3,2.0,2.88,0,0
2020,RB,J.J. Taylor,,22,5,12.4,0,0,0,110,0,2,1,4,0,50.0,0,50,523,9.6,0,0,0,0,0,0,0,0,0,0,0,1.99,2.03,3.13,0,0
2020,WR,Tyrie Cleveland,,22,3,12.3,0,0,0,0,0,9,6,63,0,66.7,0,75,675,11.1,0,0,0,0,0,0,0,0,0,0,0,3.12,4.1,4.1,0,0
2020,K,Tristan Vizcaino,,24,1,12.0,0,0,0,0,0,0,0,0,0,0.0,0,0,66,0.0,2,0,3,0,0,0,0,0,0,0,0,0.0,12.0,12.0,1,0
2020,WR,Trent Sherfield,BUF,24,4,12.0,0,0,0,0,0,7,5,50,0,71.4,0,81,1097,7.4,0,0,0,0,0,0,0,0,0,0,0,3.13,3.0,3.0,0,0
2020,TE,Devin Asiasi,,23,1,11.9,0,0,0,0,0,7,2,39,1,28.6,0,215,572,37.6,0,0,0,0,0,0,0,0,0,0,0,0.0,11.9,11.9,1,0
2020,RB,C.J. Prosise,,26,5,11.7,0,0,0,19,0,5,5,18,1,100.0,1,47,622,7.6,0,0,0,0,0,0,0,0,0,0,0,1.87,1.58,2.9,0,0
2020,WR,Austin Carr,,26,3,11.7,0,0,0,0,0,4,3,27,1,75.0,0,81,430,18.8,0,0,0,0,0,0,0,0,0,0,0,2.97,3.9,3.9,0,0
2020,QB,Taylor Heinicke,,27,1,11.68,137,1,0,22,0,0,0,0,0,0.0,0,25,218,11.5,0,0,0,0,0,0,0,0,0,0,0,0.0,11.68,11.68,1,0
2020,WR,Diontae Spencer,,28,6,11.5,0,0,0,19,0,6,3,26,0,50.0,0,65,769,8.5,0,0,0,0,0,0,0,0,0,0,0,2.16,0.65,2.9,0,0
2020,WR,Pharoh Cooper,,25,4,11.3,0,0,0,0,0,8,5,73,0,62.5,0,146,1064,13.7,0,0,0,0,0,0,0,0,0,0,0,3.35,2.83,2.83,0,0
2020,WR,KJ Hill,LAC,22,6,11.3,0,0,0,0,0,11,7,73,0,63.6,1,139,1107,12.6,0,0,0,0,0,0,0,0,0,0,0,2.88,0.48,3.23,0,0
2020,TE,Chris Manhertz,NYG,28,6,11.2,0,0,0,0,0,8,6,52,0,75.0,0,517,1064,48.6,0,0,0,0,0,0,0,0,0,0,0,0.43,1.6,2.05,0,0
2020,WR,Ja'Marcus Bradley,,23,1,11.0,0,0,0,0,0,11,5,60,0,45.5,0,93,244,38.1,0,0,0,0,0,0,0,0,0,0,0,0.0,11.0,11.0,1,0
2020,WR,Steven Mitchell,,26,3,11.0,0,0,0,0,0,8,5,60,0,62.5,0,87,382,22.8,0,0,0,0,0,0,0,0,0,0,0,2.33,3.67,3.67,0,0
2020,RB,Theo Riddick,,29,4,10.7,0,0,0,14,0,6,5,43,0,83.3,0,48,299,16.1,0,0,0,0,0,0,0,0,0,0,0,3.2,2.68,2.68,0,0
2020,RB,Reggie Gilliam,NE,23,3,10.6,0,0,0,0,0,2,2,16,1,100.0,0,83,978,8.5,0,0,0,0,0,0,0,0,0,0,0,2.6,3.53,3.53,0,0
2020,TE,Deon Yelder,,25,6,10.6,0,0,0,0,0,11,7,36,0,63.6,0,150,1130,13.3,0,0,0,0,0,0,0,0,0,0,0,0.48,1.45,1.98,0,0
2020,TE,Dominique Dafney,,23,2,10.6,0,0,0,0,0,2,2,26,1,100.0,0,68,305,22.3,0,0,0,0,0,0,0,0,0,0,0,3.0,5.3,5.3,0,0
2020,TE,Cethan Carter,,24,5,10.3,0,0,0,0,0,7,5,53,0,71.4,0,233,1037,22.5,0,0,0,0,0,0,0,0,0,0,0,0.99,1.73,2.3,0,0
2020,QB,Matt Barkley,,29,3,10.28,197,1,1,-6,0,0,0,0,0,0.0,0,53,1117,4.7,0,0,0,0,0,0,0,0,0,0,0,4.14,3.43,3.43,0,0
2020,WR,River Cracraft,WAS,25,3,10.1,0,0,0,0,0,9,6,41,0,66.7,0,114,632,18.0,0,0,0,0,0,0,0,0,0,0,0,0.25,3.37,3.37,0,0
2020,WR,Joe Reed,,22,4,9.9,0,0,0,29,1,1,0,0,0,0.0,0,25,848,2.9,0,0,0,0,0,0,0,0,0,0,0,2.85,2.48,2.48,0,0
2020,RB,Buddy Howell,,24,3,9.7,0,0,0,64,0,2,1,3,0,50.0,0,49,869,5.6,0,0,0,0,0,0,0,0,0,0,0,1.6,3.23,3.23,0,0
2020,WR,Courtland Sutton,DEN,24,1,9.6,0,0,0,0,0,6,3,66,0,50.0,0,32,79,40.5,0,0,0,0,0,0,0,0,0,0,0,0.0,9.6,9.6,0,0
2020,TE,Levine Toilolo,NYG,29,5,9.6,0,0,0,0,0,6,5,46,0,83.3,0,282,1040,27.1,0,0,0,0,0,0,0,0,0,0,0,0.5,1.8,2.15,0,0
2020,RB,Artavis Pierce,,24,3,9.4,0,0,0,34,1,0,0,0,0,0.0,0,13,550,2.4,0,0,0,0,0,0,0,0,0,0,0,3.89,3.13,3.13,0,0
2020,TE,Nick Keizer,,25,5,9.3,0,0,0,0,0,9,6,63,0,66.7,1,286,1130,25.3,0,0,0,0,0,0,0,0,0,0,0,0.57,1.68,2.03,0,0
2020,WR,Damion Ratley,,25,2,9.3,0,0,0,0,0,10,4,63,0,40.0,0,130,328,39.6,0,0,0,0,0,0,0,0,0,0,0,1.75,4.65,4.65,0,0
2020,QB,Trace McSorley,,25,2,9.3,90,1,0,17,0,0,0,0,0,0.0,0,21,175,12.0,0,0,0,0,0,0,0,0,0,0,0,4.03,4.65,4.65,0,0
2020,TE,Johnny Mundt,PHI,25,2,9.3,0,0,0,0,0,4,4,53,0,100.0,0,123,1153,10.7,0,0,0,0,0,0,0,0,0,0,0,3.15,4.65,4.65,0,0
2020,WR,Jake Kumerow,,28,1,9.2,0,0,0,0,0,1,1,22,1,100.0,0,17,434,3.9,0,0,0,0,0,0,0,0,0,0,0,0.0,9.2,9.2,0,0
2020,QB,Tyrod Taylor,GB,31,1,9.02,208,0,0,7,0,0,0,0,0,0.0,0,77,816,9.4,0,0,0,0,0,0,0,0,0,0,0,0.0,9.02,9.02,0,0
2020,RB,Marlon Mack,,24,1,8.6,0,0,0,26,0,3,3,30,0,100.0,0,11,75,14.7,0,0,0,0,0,0,0,0,0,0,0,0.0,8.6,8.6,0,0
2020,WR,Ashton Dulin,IND,23,4,8.4,0,0,0,11,0,6,3,53,0,50.0,0,107,883,12.1,0,0,0,0,0,0,0,0,0,0,0,1.53,2.1,2.1,0,0
2020,WR,Nick Westbrook-Ikhine,IND,23,4,8.3,0,0,0,0,0,8,3,33,0,37.5,0,165,948,17.4,0,0,0,0,0,0,0,0,0,0,0,0.49,2.08,2.08,0,0
2020,RB,Anthony Sherman,,31,3,8.3,0,0,0,8,0,2,1,5,1,50.0,0,59,935,6.3,0,0,0,0,0,0,0,0,0,0,0,3.35,2.77,2.77,0,0
2020,RB,Jonathan Ward,,22,1,8.1,0,0,0,0,0,1,1,11,1,100.0,0,4,1008,0.4,0,0,0,0,0,0,0,0,0,0,0,0.0,8.1,8.1,0,0
2020,K,Kai Forbath,,32,2,8.0,0,0,0,0,0,0,0,0,0,0.0,0,0,168,0.0,4,1,2,0,0,0,0,0,0,0,0,0.0,4.0,4.0,0,0
2020,WR,Riley Ridley,,24,2,7.9,0,0,0,0,0,4,4,39,0,100.0,0,42,332,12.7,0,0,0,0,0,0,0,0,0,0,0,0.35,3.95,3.95,0,0
2020,RB,Trenton Cannon,,26,5,7.9,0,0,0,33,0,3,3,16,0,100.0,0,48,930,5.2,0,0,0,0,0,0,0,0,0,0,0,1.9,0.8,2.03,0,0
2020,TE,Juwan Johnson,NO,23,4,7.9,0,0,0,0,0,10,4,39,0,40.0,0,183,488,37.5,0,0,0,0,0,0,0,0,0,0,0,0.6,1.98,1.98,0,0
2020,QB,Chris Streveler,,25,2,7.7,105,1,1,15,0,0,0,0,0,0.0,0,31,1173,2.6,0,0,0,0,0,0,0,0,0,0,0,3.55,3.85,3.85,0,0
2020,TE,Colin Thompson,,26,1,7.7,0,0,0,0,0,2,1,7,1,50.0,0,191,997,19.2,0,0,0,0,0,0,0,0,0,0,0,0.0,7.7,7.7,0,0
2020,TE,Jason Croom,,26,1,7.3,0,0,0,0,0,1,1,3,1,100.0,0,13,351,3.7,0,0,0,0,0,0,0,0,0,0,0,0.0,7.3,7.3,0,0
2020,TE,Jordan Thomas,,24,1,7.3,0,0,0,0,0,2,1,3,1,50.0,0,9,393,2.3,0,0,0,0,0,0,0,0,0,0,0,0.0,7.3,7.3,0,0
2020,TE,Tanner Hudson,CIN,25,3,7.1,0,0,0,0,0,7,3,41,0,42.9,0,76,767,9.9,0,0,0,0,0,0,0,0,0,0,0,0.46,2.37,2.37,0,0
2020,WR,Seth Roberts,,29,3,7.1,0,0,0,0,0,6,4,31,0,66.7,0,98,464,21.1,0,0,0,0,0,0,0,0,0,0,0,0.9,2.37,2.37,0,0
2020,WR,Isaiah Zuber,,23,4,7.0,0,0,0,21,0,2,2,29,0,100.0,0,27,270,10.0,0,0,0,0,0,0,0,0,0,0,0,0.73,1.75,1.75,0,0
2020,WR,Josh Malone,,24,1,6.8,0,0,0,12,0,6,4,16,0,66.7,0,80,264,30.3,0,0,0,0,0,0,0,0,0,0,0,0.0,6.8,6.8,0,0
2020,WR,Darrius Shepherd,,24,5,6.6,0,0,0,0,0,8,5,46,0,62.5,1,142,528,26.9,0,0,0,0,0,0,0,0,0,0,0,2.37,0.63,2.4,0,0
2020,TE,Charlie Woerner,ATL,22,2,6.6,0,0,0,0,0,4,3,36,0,75.0,0,119,976,12.2,0,0,0,0,0,0,0,0,0,0,0,2.0,3.3,3.3,0,0
2020,WR,Terry Godwin,,23,1,6.5,0,0,0,3,0,6,3,32,0,50.0,0,50,190,26.3,0,0,0,0,0,0,0,0,0,0,0,0.0,6.5,6.5,0,0
2020,TE,Kahale Warring,,23,2,6.5,0,0,0,0,0,7,3,35,0,42.9,0,53,442,12.0,0,0,0,0,0,0,0,0,0,0,0,1.95,3.25,3.25,0,0
2020,WR,Ted Ginn,,35,3,6.0,0,0,0,0,0,6,3,40,0,50.0,0,60,349,17.2,0,0,0,0,0,0,0,0,0,0,0,2.15,2.0,2.0,0,0
2020,RB,Dontrell Hilliard,,25,2,6.0,0,0,0,48,0,1,1,2,0,100.0,0,22,434,5.1,0,0,0,0,0,0,0,0,0,0,0,0.1,3.0,3.0,0,0
2020,WR,Robert Foster,,26,2,5.7,0,0,0,0,0,6,2,37,0,33.3,0,27,283,9.5,0,0,0,0,0,0,0,0,0,0,0,0.95,2.85,2.85,0,0
2020,TE,Lawrence Cager,WAS,23,1,5.5,0,0,0,0,0,6,2,35,0,33.3,0,39,197,19.8,0,0,0,0,0,0,0,0,0,0,0,0.0,5.5,5.5,0,0
2020,RB,Elijhaa Penny,,27,5,5.5,0,0,0,15,0,3,2,20,0,66.7,0,76,914,8.3,0,0,0,0,0,0,0,0,0,0,0,0.84,0.85,1.33,0,0
2020,TE,Jaeden Graham,,24,3,5.5,0,0,0,0,0,5,3,25,0,60.0,0,119,1142,10.4,0,0,0,0,0,0,0,0,0,0,0,0.19,1.83,1.83,0,0
2020,TE,Hunter Bryant,,22,1,5.4,0,0,0,0,0,3,1,44,0,33.3,0,26,323,8.0,0,0,0,0,0,0,0,0,0,0,0,0.0,5.4,5.4,0,0
2020,TE,Daniel Brown,,28,2,5.1,0,0,0,0,0,2,2,31,0,100.0,0,28,1010,2.8,0,0,0,0,0,0,0,0,0,0,0,0.25,2.55,2.55,0,0
2020,WR,Deontay Burnett,,22,1,4.9,0,0,0,0,0,4,3,19,0,75.0,0,60,156,38.5,0,0,0,0,0,0,0,0,0,0,0,0.0,4.9,4.9,0,0
2020,TE,Eric Saubert,SEA,26,3,4.6,0,0,0,0,0,4,3,16,0,75.0,0,96,519,18.5,0,0,0,0,0,0,0,0,0,0,0,0.26,1.53,1.53,0,0
2020,WR,Daurice Fountain,,24,1,4.3,0,0,0,0,0,3,2,23,0,66.7,0,64,334,19.2,0,0,0,0,0,0,0,0,0,0,0,0.0,4.3,4.3,0,0
2020,WR,Bennie Fowler,,29,2,4.1,0,0,0,0,0,6,2,11,0,33.3,0,56,338,16.6,0,0,0,0,0,0,0,0,0,0,0,1.05,2.05,2.05,0,0
2020,TE,Stephen Carlson,CHI,23,2,4.1,0,0,0,0,0,2,1,11,0,50.0,0,94,1097,8.6,0,0,0,0,0,0,0,0,0,0,0,0.05,2.05,2.05,0,0
2020,TE,Ben Ellefson,,24,2,4.0,0,0,0,0,0,4,1,10,0,25.0,0,135,452,29.9,0,0,0,0,0,0,0,0,0,0,0,0.0,2.0,2.0,0,0
2020,WR,Tavon Austin,,30,3,4.0,0,0,0,0,0,5,5,20,0,100.0,1,31,243,12.8,0,0,0,0,0,0,0,0,0,0,0,1.87,1.33,1.33,0,0
2020,RB,Austin Walter,,24,1,4.0,0,0,0,3,0,1,1,27,0,100.0,0,12,271,4.4,0,0,0,0,0,0,0,0,0,0,0,0.0,4.0,4.0,0,0
2020,WR,Antonio Callaway,,23,2,4.0,0,0,0,0,0,4,2,20,0,50.0,0,57,428,13.3,0,0,0,0,0,0,0,0,0,0,0,0.3,2.0,2.0,0,0
2020,WR,John Ross,,24,1,3.7,0,0,0,0,0,7,2,17,0,28.6,0,92,244,37.7,0,0,0,0,0,0,0,0,0,0,0,0.0,3.7,3.7,0,0
2020,RB,Jonathan Williams,,26,1,3.6,0,0,0,5,0,4,4,21,0,100.0,1,27,343,7.9,0,0,0,0,0,0,0,0,0,0,0,0.0,3.6,3.6,0,0
2020,TE,Colby Parkinson,LAR,21,1,3.6,0,0,0,0,0,2,2,16,0,100.0,0,51,409,12.5,0,0,0,0,0,0,0,0,0,0,0,0.0,3.6,3.6,0,0
2020,TE,Dalton Keene,,21,3,3.6,0,0,0,0,0,5,3,16,0,60.0,0,141,352,40.1,0,0,0,0,0,0,0,0,0,0,0,0.71,1.2,1.2,0,0
2020,QB,Robert Griffin,,30,4,3.58,42,0,2,69,0,0,0,0,0,0.0,1,64,725,8.8,0,0,0,0,0,0,0,0,0,0,0,1.89,0.9,0.9,0,0
2020,TE,Antonio Gandy-Golden,,22,2,3.5,0,0,0,22,0,7,1,3,0,14.3,0,123,473,26.0,0,0,0,0,0,0,0,0,0,0,0,0.45,1.75,1.75,0,0
2020,RB,Rashaad Penny,,24,3,3.4,0,0,0,34,0,0,0,0,0,0.0,0,39,188,20.7,0,0,0,0,0,0,0,0,0,0,0,0.56,1.13,1.13,0,0
2020,WR,Penny Hart,,24,1,3.2,0,0,0,19,0,1,1,3,0,100.0,0,63,943,6.7,0,0,0,0,0,0,0,0,0,0,0,0.0,3.2,3.2,0,0
2020,RB,Bo Scarbrough,,23,1,3.1,0,0,0,31,0,0,0,0,0,0.0,0,12,68,17.6,0,0,0,0,0,0,0,0,0,0,0,0.0,3.1,3.1,0,0
2020,K,Jon Brown,,27,1,3.0,0,0,0,0,0,0,0,0,0,0.0,0,0,34,0.0,1,0,1,0,0,0,0,0,0,0,0,0.0,3.0,3.0,0,0
2020,K,Elliott Fry,,25,1,3.0,0,0,0,0,0,0,0,0,0,0.0,0,0,71,0.0,1,1,1,0,0,0,0,0,0,0,0,0.0,3.0,3.0,0,0
2020,QB,Ben DiNucci,,23,2,2.96,219,0,0,22,0,0,0,0,0,0.0,2,95,230,41.3,0,0,0,0,0,0,0,0,0,0,0,1.92,1.48,1.48,0,0
2020,RB,Jason Huntley,,22,3,2.9,0,0,0,19,0,2,1,0,0,50.0,0,31,425,7.3,0,0,0,0,0,0,0,0,0,0,0,0.62,0.97,0.97,0,0
2020,WR,Tommylee Lewis,,27,3,2.9,0,0,0,14,0,3,1,5,0,33.3,0,25,342,7.3,0,0,0,0,0,0,0,0,0,0,0,0.83,0.97,0.97,0,0
2020,WR,Donte Moncrief,,27,2,2.9,0,0,0,4,0,2,1,15,0,50.0,0,26,367,7.1,0,0,0,0,0,0,0,0,0,0,0,1.05,1.45,1.45,0,0
2020,QB,Tyler Huntley,BAL,22,2,2.9,15,0,0,23,0,0,0,0,0,0.0,0,29,269,10.8,0,0,0,0,0,0,0,0,0,0,0,0.63,1.45,1.45,0,0
2020,QB,David Blough,,25,1,2.76,49,0,1,18,0,0,0,0,0,0.0,0,16,265,6.0,0,0,0,0,0,0,0,0,0,0,0,0.0,2.76,2.76,0,0
2020,RB,Lamar Miller,,29,1,2.6,0,0,0,0,0,2,2,6,0,100.0,0,5,50,10.0,0,0,0,0,0,0,0,0,0,0,0,0.0,2.6,2.6,0,0
2020,WR,Jaleel Scott,,25,1,2.6,0,0,0,0,0,1,1,16,0,100.0,0,9,113,8.0,0,0,0,0,0,0,0,0,0,0,0,0.0,2.6,2.6,0,0
2020,RB,LeVante Bellamy,,23,1,2.6,0,0,0,11,0,1,1,5,0,100.0,0,10,378,2.6,0,0,0,0,0,0,0,0,0,0,0,0.0,2.6,2.6,0,0
2020,RB,Scottie Phillips,,22,1,2.6,0,0,0,9,0,1,1,7,0,100.0,0,9,504,1.8,0,0,0,0,0,0,0,0,0,0,0,0.0,2.6,2.6,0,0
2020,TE,Jake Butt,,25,2,2.5,0,0,0,0,0,4,2,5,0,50.0,0,118,424,27.8,0,0,0,0,0,0,0,0,0,0,0,0.25,1.25,1.25,0,0
2020,TE,Tommy Stevens,NYG,23,1,2.4,0,0,0,24,0,0,0,0,0,0.0,0,5,63,7.9,0,0,0,0,0,0,0,0,0,0,0,0.0,2.4,2.4,0,0
2020,QB,Jameis Winston,NYG,26,3,2.4,75,0,0,-6,0,0,0,0,0,0.0,0,55,1041,5.3,0,0,0,0,0,0,0,0,0,0,0,1.08,0.8,0.8,0,0
2020,WR,James Proche,,23,1,2.4,0,0,0,0,0,3,1,14,0,33.3,0,26,910,2.9,0,0,0,0,0,0,0,0,0,0,0,0.0,2.4,2.4,0,0
2020,RB,Rico Dowdle,PIT,22,2,2.4,0,0,0,24,0,0,0,0,0,0.0,0,14,1155,1.2,0,0,0,0,0,0,0,0,0,0,0,0.1,1.2,1.2,0,0
2020,TE,Derek Carrier,,30,1,2.4,0,0,0,0,0,1,1,14,0,100.0,0,9,1100,0.8,0,0,0,0,0,0,0,0,0,0,0,0.0,2.4,2.4,0,0
2020,WR,Keith Kirkwood,,25,1,2.3,0,0,0,0,0,2,1,13,0,50.0,0,37,72,51.4,0,0,0,0,0,0,0,0,0,0,0,0.0,2.3,2.3,0,0
2020,WR,Vyncint Smith,,24,1,2.3,0,0,0,0,0,3,1,13,0,33.3,0,50,444,11.3,0,0,0,0,0,0,0,0,0,0,0,0.0,2.3,2.3,0,0
2020,TE,Blake Jarwin,,26,1,2.2,0,0,0,0,0,1,1,12,0,100.0,0,26,73,35.6,0,0,0,0,0,0,0,0,0,0,0,0.0,2.2,2.2,0,0
2020,TE,Luke Willson,,30,1,2.2,0,0,0,0,0,3,1,12,0,33.3,0,89,500,17.8,0,0,0,0,0,0,0,0,0,0,0,0.0,2.2,2.2,0,0
2020,TE,Josiah Deguara,SF,23,1,2.2,0,0,0,0,0,2,1,12,0,50.0,0,31,143,21.7,0,0,0,0,0,0,0,0,0,0,0,0.0,2.2,2.2,0,0
2020,WR,Cody Hollister,,26,1,2.2,0,0,0,0,0,1,1,12,0,100.0,0,31,154,20.1,0,0,0,0,0,0,0,0,0,0,0,0.0,2.2,2.2,0,0
2020,WR,Marcus Kemp,,25,1,2.1,0,0,0,0,0,1,1,11,0,100.0,0,35,775,4.5,0,0,0,0,0,0,0,0,0,0,0,0.0,2.1,2.1,0,0
2020,QB,Joshua Dobbs,,25,1,2.08,2,0,0,20,0,0,0,0,0,0.0,0,9,69,13.0,0,0,0,0,0,0,0,0,0,0,0,0.0,2.08,2.08,0,0
2020,TE,Temarrick Hemingway,WAS,27,1,2.0,0,0,0,0,0,2,1,10,0,50.0,0,64,558,11.5,0,0,0,0,0,0,0,0,0,0,0,0.0,2.0,2.0,0,0
2020,QB,Brian Hoyer,,34,1,2.0,130,0,1,8,0,0,0,0,0,0.0,1,52,283,18.4,0,0,0,0,0,0,0,0,0,0,0,0.0,2.0,2.0,0,0
2020,WR,Gehrig Dieter,,27,1,2.0,0,0,0,0,0,2,1,10,0,50.0,0,5,267,1.9,0,0,0,0,0,0,0,0,0,0,0,0.0,2.0,2.0,0,0
2020,QB,Nathan Peterman,,26,1,1.9,25,0,0,9,0,0,0,0,0,0.0,0,12,741,1.6,0,0,0,0,0,0,0,0,0,0,0,0.0,1.9,1.9,0,0
2020,RB,D.J. Foster,,26,1,1.9,0,0,0,2,0,1,1,7,0,100.0,0,28,740,3.8,0,0,0,0,0,0,0,0,0,0,0,0.0,1.9,1.9,0,0
2020,QB,Case Keenum,CHI,32,1,1.84,46,0,0,0,0,0,0,0,0,0.0,0,15,1097,1.4,0,0,0,0,0,0,0,0,0,0,0,0.0,1.84,1.84,0,0
2020,RB,Craig Reynolds,,24,1,1.7,0,0,0,4,0,1,1,3,0,100.0,0,3,123,2.4,0,0,0,0,0,0,0,0,0,0,0,0.0,1.7,1.7,0,0
2020,TE,Brandon Dillon,,23,1,1.6,0,0,0,0,0,1,1,6,0,100.0,0,14,249,5.6,0,0,0,0,0,0,0,0,0,0,0,0.0,1.6,1.6,0,0
2020,RB,Cullen Gillaspia,,25,1,1.6,0,0,0,0,0,1,1,6,0,100.0,0,7,433,1.6,0,0,0,0,0,0,0,0,0,0,0,0.0,1.6,1.6,0,0
2020,TE,Jeremy Sprinkle,,26,1,1.6,0,0,0,0,0,3,1,6,0,33.3,0,229,1116,20.5,0,0,0,0,0,0,0,0,0,0,0,0.0,1.6,1.6,0,0
2020,RB,Dwayne Washington,,26,2,1.5,0,0,0,15,0,0,0,0,0,0.0,0,13,775,1.7,0,0,0,0,0,0,0,0,0,0,0,0.15,0.75,0.75,0,0
2020,WR,Trenton Irwin,SF,24,1,1.5,0,0,0,0,0,2,1,5,0,50.0,0,5,77,6.5,0,0,0,0,0,0,0,0,0,0,0,0.0,1.5,1.5,0,0
2020,TE,Trevon Wesco,,24,1,1.5,0,0,0,0,0,2,1,5,0,50.0,0,150,780,19.2,0,0,0,0,0,0,0,0,0,0,0,0.0,1.5,1.5,0,0
2020,TE,Isaac Nauta,GB,23,1,1.3,0,0,0,0,0,2,1,3,0,50.0,0,47,442,10.6,0,0,0,0,0,0,0,0,0,0,0,0.0,1.3,1.3,0,0
2020,RB,Tony Jones,,22,1,1.3,0,0,0,13,0,0,0,0,0,0.0,0,5,65,7.7,0,0,0,0,0,0,0,0,0,0,0,0.0,1.3,1.3,0,0
2020,QB,Logan Woodside,,25,4,1.28,7,0,0,10,0,0,0,0,0,0.0,0,23,1107,2.1,0,0,0,0,0,0,0,0,0,0,0,0.9,0.32,0.32,0,0
2020,TE,Marcus Baugh,,25,1,1.2,0,0,0,0,0,1,1,2,0,100.0,0,80,558,14.3,0,0,0,0,0,0,0,0,0,0,0,0.0,1.2,1.2,0,0
2020,WR,Dan Chisena,CAR,23,1,1.0,0,0,0,0,0,0,0,0,0,0.0,0,3,987,0.3,0,0,0,0,0,0,0,0,0,0,0,0.0,1.0,1.0,0,0
2020,RB,Senorise Perry,,28,1,0.9,0,0,0,9,0,0,0,0,0,0.0,0,5,512,1.0,0,0,0,0,0,0,0,0,0,0,0,0.0,0.9,0.9,0,0
2020,QB,AJ McCarron,,29,1,0.8,20,0,0,0,0,0,0,0,0,0.0,0,2,1002,0.2,0,0,0,0,0,0,0,0,0,0,0,0.0,0.8,0.8,0,0
2020,RB,Dexter Williams,,23,1,0.8,0,0,0,8,0,0,0,0,0,0.0,0,7,197,3.6,0,0,0,0,0,0,0,0,0,0,0,0.0,0.8,0.8,0,0
2020,QB,Tyler Bray,,28,1,0.72,18,0,0,0,0,0,0,0,0,0.0,0,5,201,2.5,0,0,0,0,0,0,0,0,0,0,0,0.0,0.72,0.72,0,0
2020,QB,John Lovett,,24,1,0.6,0,0,0,6,0,0,0,0,0,0.0,0,46,551,8.3,0,0,0,0,0,0,0,0,0,0,0,0.0,0.6,0.6,0,0
2020,RB,Tony Brooks-James,,25,1,0.4,0,0,0,4,0,0,0,0,0,0.0,0,6,78,7.7,0,0,0,0,0,0,0,0,0,0,0,0.0,0.4,0.4,0,0
2020,RB,Qadree Ollison,,23,1,0.3,0,0,0,3,0,0,0,0,0,0.0,0,15,213,7.0,0,0,0,0,0,0,0,0,0,0,0,0.0,0.3,0.3,0,0
2020,WR,JoJo Natson,,26,1,0.3,0,0,0,3,0,0,0,0,0,0.0,0,10,202,5.0,0,0,0,0,0,0,0,0,0,0,0,0.0,0.3,0.3,0,0
2020,QB,Geno Smith,NYJ,29,1,0.12,33,0,0,-2,0,0,0,0,0,0.0,0,18,1087,1.7,0,0,0,0,0,0,0,0,0,0,0,0.0,0.12,0.12,0,0
2020,WR,Andre Roberts,,32,5,0.1,0,0,0,-3,0,5,4,34,0,80.0,2,63,1117,5.6,0,0,0,0,0,0,0,0,0,0,0,2.1,-0.77,0.78,0,0
2020,WR,DeAndre Carter,,27,3,0.0,0,0,0,0,0,2,1,8,0,50.0,1,37,851,4.3,0,0,0,0,0,0,0,0,0,0,0,1.97,-0.73,-0.73,0,0
2020,WR,Dede Westbrook,,26,2,0.0,0,0,0,0,0,1,1,4,0,100.0,1,18,132,13.6,0,0,0,0,0,0,0,0,0,0,0,2.2,-0.8,-0.8,0,0
2020,WR,Kendall Hinton,,23,1,0.0,13,0,2,7,0,0,0,0,0,0.0,0,25,44,56.8,0,0,0,0,0,0,0,0,0,0,0,0.0,-0.78,-0.78,0,0
2020,QB,Nate Sudfeld,,26,1,0.0,32,0,1,12,0,0,0,0,0,0.0,1,18,139,12.9,0,0,0,0,0,0,0,0,0,0,0,0.0,-1.52,-1.52,0,0
2020,K,Stephen Hauschka,,35,0,0.0,0,0,0,0,0,0,0,0,0,0.0,0,0,78,0.0,2,0,0,0,0,0,0,0,0,0,0,0.0,0.0,0.0,0,0
2020,QB,Easton Stick,IND,24,1,0.0,4,0,0,-2,0,0,0,0,0,0.0,0,2,531,0.4,0,0,0,0,0,0,0,0,0,0,0,0.0,-0.04,-0.04,0,0
2020,RB,Adrian Killins,DEN,22,0,0.0,0,0,0,-12,0,1,1,2,0,100.0,0,8,64,12.5,0,0,0,0,0,0,0,0,0,0,0,0.0,0.0,0.0,0,0
2020,K,Taylor Russolino,,31,1,0.0,0,0,0,0,0,0,0,0,0,0.0,0,0,65,0.0,1,2,0,0,0,0,0,0,0,0,0,0.0,-2.0,-2.0,0,0
2021,WR,Cooper Kupp,SEA,28,17,439.5,0,0,0,18,0,191,145,1947,16,75.9,0,1024,1089,94.0,0,0,0,0,0,0,0,0,0,0,0,7.25,16.68,35.78,17,14
2021,QB,Josh Allen,BUF,25,17,409.58,4407,36,15,763,6,0,0,0,0,0.0,3,1161,1198,96.9,0,0,0,0,0,0,0,0,0,0,0,8.24,13.41,35.23,17,12
2021,QB,Justin Herbert,LAC,23,17,394.76,5014,38,15,302,3,0,0,0,0,0.0,1,1191,1196,99.6,0,0,0,0,0,0,0,0,0,0,0,8.32,13.55,35.15,17,10
2021,QB,Tom Brady,,44,17,382.74,5316,43,12,81,2,0,0,0,0,0.0,3,1139,1183,96.3,0,0,0,0,0,0,0,0,0,0,0,8.36,10.61,31.66,16,11
2021,RB,Jonathan Taylor,IND,22,17,369.1,0,0,0,1811,18,51,40,360,2,78.4,2,768,1114,68.9,0,0,0,0,0,0,0,0,0,0,0,10.82,9.45,36.78,15,9
2021,QB,Patrick Mahomes,KC,25,17,365.66,4839,37,13,381,2,0,0,0,0,0.0,4,1164,1195,97.4,0,0,0,0,0,0,0,0,0,0,0,8.62,9.56,32.96,15,10
2021,WR,Davante Adams,LAR,28,16,344.3,0,0,0,0,0,169,123,1553,11,72.8,0,886,1116,79.4,0,0,0,0,0,0,0,0,0,0,0,9.38,11.18,34.08,16,7
2021,QB,Matthew Stafford,LAR,33,17,341.74,4886,41,17,43,0,0,0,0,0,0.0,2,1065,1089,97.8,0,0,0,0,0,0,0,0,0,0,0,5.4,12.71,26.57,16,9
2021,RB,Austin Ekeler,,26,16,339.8,0,0,0,911,12,94,70,647,8,74.5,3,731,1196,61.1,0,0,0,0,0,0,0,0,0,0,0,8.23,11.83,32.7,15,9
2021,WR,Deebo Samuel,SF,25,16,334.96,24,1,0,365,8,120,77,1405,6,64.2,2,829,1033,80.3,0,0,0,0,0,0,0,0,0,0,0,7.33,12.63,31.47,16,7
2021,QB,Aaron Rodgers,PIT,37,16,334.3,4115,37,4,101,3,1,1,-4,0,100.0,0,983,1116,88.1,0,0,0,0,0,0,0,0,0,0,0,7.04,10.92,28.56,15,10
2021,WR,Justin Jefferson,MIN,22,17,329.4,35,0,0,14,0,167,108,1616,10,64.7,1,1014,1141,88.9,0,0,0,0,0,0,0,0,0,0,0,8.05,10.36,30.63,16,7
2021,QB,Joe Burrow,CIN,24,16,323.24,4611,34,14,118,2,0,0,0,0,0.0,2,1008,1046,96.4,0,0,0,0,0,0,0,0,0,0,0,7.98,10.62,31.11,14,8
2021,QB,Dak Prescott,DAL,28,16,316.56,4449,37,10,146,1,0,0,0,0,0.0,6,1114,1155,96.5,0,0,0,0,0,0,0,0,0,0,0,8.58,7.66,29.14,13,9
2021,QB,Jalen Hurts,PHI,23,15,312.16,3144,16,9,784,10,1,0,0,0,0.0,2,954,975,97.8,0,0,0,0,0,0,0,0,0,0,0,6.23,12.43,28.09,14,9
2021,WR,Ja'Marr Chase,CIN,21,17,302.6,0,0,0,21,0,128,81,1455,13,63.3,1,940,1100,85.5,0,0,0,0,0,0,0,0,0,0,0,12.54,5.18,35.48,13,6
2021,RB,Najee Harris,,23,17,300.7,0,0,0,1200,7,94,74,467,3,78.7,0,980,1173,83.5,0,0,0,0,0,0,0,0,0,0,0,7.33,6.68,26.98,13,7
2021,TE,Mark Andrews,BAL,25,17,300.1,0,0,0,0,0,154,107,1361,9,69.5,0,936,1242,75.4,0,0,0,0,0,0,0,0,0,0,0,9.76,7.55,33.08,13,4
2021,QB,Kyler Murray,MIN,24,14,297.48,3787,24,10,423,5,0,0,7,0,0.0,0,939,964,97.4,0,0,0,0,0,0,0,0,0,0,0,7.34,12.85,30.35,14,7
2021,QB,Kirk Cousins,LV,33,16,295.34,4221,33,7,115,1,0,0,0,0,0.0,2,1087,1141,95.3,0,0,0,0,0,0,0,0,0,0,0,5.09,12.02,25.04,16,7
2021,WR,Tyreek Hill,,27,17,294.5,0,0,0,96,0,159,111,1239,9,69.8,1,867,1195,72.6,0,0,0,0,0,0,0,0,0,0,0,12.83,3.8,36.23,11,6
2021,RB,Joe Mixon,,25,16,285.9,0,0,0,1205,13,48,42,314,3,87.5,1,698,1100,63.5,0,0,0,0,0,0,0,0,0,0,0,8.84,8.07,29.28,12,7
2021,WR,Stefon Diggs,,27,17,284.5,0,0,0,0,0,163,103,1225,10,63.2,0,977,1198,81.6,0,0,0,0,0,0,0,0,0,0,0,5.53,10.1,24.68,15,5
2021,WR,Diontae Johnson,,25,16,272.4,0,0,0,53,0,169,107,1161,8,63.3,2,987,1173,84.1,0,0,0,0,0,0,0,0,0,0,0,5.18,11.48,24.33,15,3
2021,QB,Ryan Tannehill,,33,17,272.36,3734,21,14,270,7,0,0,0,0,0.0,4,1168,1184,98.6,0,0,0,0,0,0,0,0,0,0,0,5.07,10.19,23.59,15,4
2021,WR,Mike Evans,SF,28,16,262.5,0,0,0,10,0,114,74,1035,14,64.9,0,915,1116,82.0,0,0,0,0,0,0,0,0,0,0,0,8.78,4.28,28.08,12,6
2021,TE,Travis Kelce,KC,31,16,261.8,0,0,0,3,1,134,92,1125,9,68.7,1,926,1126,82.2,0,0,0,0,0,0,0,0,0,0,0,8.99,5.35,27.63,12,3
2021,QB,Derek Carr,,30,17,257.96,4804,23,14,108,0,0,0,0,0,0.0,5,1127,1140,98.9,0,0,0,0,0,0,0,0,0,0,0,5.4,8.63,22.24,13,6
2021,QB,Carson Wentz,MIN,28,17,257.02,3563,27,7,215,1,0,0,0,0,0.0,5,1092,1114,98.0,0,0,0,0,0,0,0,0,0,0,0,5.4,7.72,21.61,13,3
2021,WR,Keenan Allen,,29,16,256.8,0,0,0,0,0,157,106,1138,6,67.5,0,972,1196,81.3,0,0,0,0,0,0,0,0,0,0,0,4.44,9.82,21.2,14,3
2021,RB,James Conner,ARI,26,15,255.7,0,0,0,752,15,39,37,375,3,94.9,0,598,1031,58.0,0,0,0,0,0,0,0,0,0,0,0,9.87,6.25,30.25,11,4
2021,RB,Leonard Fournette,,26,14,254.5,0,0,0,811,8,84,69,454,2,82.1,0,623,982,63.4,0,0,0,0,0,0,0,0,0,0,0,9.61,8.8,30.05,12,5
2021,WR,Hunter Renfrow,,25,17,254.1,0,0,0,3,0,128,103,1038,9,80.5,1,758,1140,66.5,0,0,0,0,0,0,0,0,0,0,0,5.78,7.25,22.28,14,3
2021,RB,Ezekiel Elliott,,26,17,251.06,4,0,0,1002,10,65,47,287,2,72.3,1,810,1228,66.0,0,0,0,0,0,0,0,0,0,0,0,6.32,6.4,22.97,12,3
2021,QB,Lamar Jackson,BAL,24,12,246.98,2882,16,13,767,2,0,0,0,0,0.0,3,810,890,91.0,0,0,0,0,0,0,0,0,0,0,0,10.35,10.84,32.72,11,4
2021,WR,Mike Williams,,26,16,246.6,0,0,0,0,0,129,76,1146,9,58.9,0,896,1196,74.9,0,0,0,0,0,0,0,0,0,0,0,10.26,4.5,29.7,9,6
2021,WR,Jaylen Waddle,DEN,22,16,243.8,0,0,0,3,1,140,104,1015,6,74.3,1,903,1154,78.2,0,0,0,0,0,0,0,0,0,0,0,7.5,6.55,25.88,11,4
2021,WR,DK Metcalf,PIT,23,17,243.3,0,0,0,6,0,129,75,967,12,58.1,0,820,991,82.7,0,0,0,0,0,0,0,0,0,0,0,7.48,5.83,25.68,13,4
2021,QB,Russell Wilson,,32,14,242.82,3113,25,6,183,2,0,0,0,0,0.0,1,788,813,96.9,0,0,0,0,0,0,0,0,0,0,0,7.21,7.36,25.56,11,6
2021,WR,Tyler Lockett,,28,16,241.4,0,0,0,9,0,107,73,1175,8,68.2,0,813,991,82.0,0,0,0,0,0,0,0,0,0,0,0,9.48,4.75,28.05,10,5
2021,WR,Chris Godwin,TB,25,14,240.4,0,0,0,21,1,128,98,1103,5,76.6,2,833,982,84.8,0,0,0,0,0,0,0,0,0,0,0,7.5,8.1,26.45,11,5
2021,WR,Michael Pittman,PIT,23,17,237.6,0,0,0,44,0,129,88,1082,6,68.2,0,980,1114,88.0,0,0,0,0,0,0,0,0,0,0,0,7.22,4.43,23.1,12,5
2021,WR,DJ Moore,BUF,24,17,236.5,0,0,0,48,0,163,93,1157,4,57.1,1,992,1149,86.3,0,0,0,0,0,0,0,0,0,0,0,6.32,7.18,22.83,11,3
2021,RB,Alvin Kamara,NO,26,13,234.7,0,0,0,898,4,67,47,439,5,70.1,0,627,831,75.5,0,0,0,0,0,0,0,0,0,0,0,8.18,8.0,27.15,10,6
2021,WR,CeeDee Lamb,DAL,22,16,232.8,0,0,0,76,0,120,79,1102,6,65.8,0,882,1154,76.4,0,0,0,0,0,0,0,0,0,0,0,8.98,4.63,26.83,10,3
2021,RB,Cordarrelle Patterson,,30,16,232.6,0,0,0,618,6,69,52,548,5,75.4,0,473,998,47.4,0,0,0,0,0,0,0,0,0,0,0,8.55,4.65,25.9,10,3
2021,WR,Brandin Cooks,,27,16,231.8,0,0,0,21,0,134,90,1037,6,67.2,0,831,1066,78.0,0,0,0,0,0,0,0,0,0,0,0,7.18,5.45,23.25,10,4
2021,QB,Jimmy Garoppolo,,29,15,231.5,3810,20,12,51,3,0,0,0,0,0.0,3,913,1029,88.7,0,0,0,0,0,0,0,0,0,0,0,4.87,9.96,21.33,13,2
2021,QB,Mac Jones,SF,22,17,230.94,3801,22,13,129,0,0,0,0,0,0.0,3,1064,1105,96.3,0,0,0,0,0,0,0,0,0,0,0,6.36,4.49,21.47,13,3
2021,QB,Taylor Heinicke,,28,16,230.86,3419,20,15,313,1,1,1,-2,0,100.0,2,1019,1127,90.4,0,0,0,0,0,0,0,0,0,0,0,6.47,7.2,23.62,13,4
2021,WR,Amon-Ra St. Brown,DET,21,16,227.3,0,0,0,61,1,119,90,912,5,75.6,0,816,1102,74.0,0,0,0,0,0,0,0,0,0,0,0,9.69,4.03,28.08,9,5
2021,RB,Aaron Jones,MIN,26,15,227.0,0,0,0,799,4,65,52,391,6,80.0,1,578,989,58.4,0,0,0,0,0,0,0,0,0,0,0,9.33,5.18,27.0,10,4
2021,RB,Josh Jacobs,GB,23,15,224.0,0,0,0,872,9,64,54,348,0,84.4,2,625,1074,58.2,0,0,0,0,0,0,0,0,0,0,0,4.55,9.68,20.9,13,2
2021,QB,Matt Ryan,,36,17,223.92,3968,20,12,82,1,0,0,0,0,0.0,4,1023,1052,97.2,0,0,0,0,0,0,0,0,0,0,0,7.66,4.44,24.61,11,3
2021,WR,Marquise Brown,PHI,24,16,223.3,0,0,0,5,0,145,91,1008,6,62.8,1,924,1161,79.6,0,0,0,0,0,0,0,0,0,0,0,7.75,5.83,24.2,9,3
2021,RB,Antonio Gibson,,23,16,223.1,0,0,0,1037,7,52,42,294,3,80.8,4,604,1127,53.6,0,0,0,0,0,0,0,0,0,0,0,7.0,4.9,22.4,9,5
2021,WR,Darnell Mooney,NYG,23,17,219.7,0,0,0,32,1,140,81,1055,4,57.9,0,986,1122,87.9,0,0,0,0,0,0,0,0,0,0,0,6.78,4.3,22.05,11,3
2021,WR,Tee Higgins,CIN,22,14,218.1,0,0,0,0,0,110,74,1091,6,67.3,1,711,1046,68.0,0,0,0,0,0,0,0,0,0,0,0,10.12,6.1,28.0,10,3
2021,QB,Ben Roethlisberger,PIT,39,16,217.1,3740,22,10,5,1,0,0,0,0,0.0,5,1076,1173,91.7,0,0,0,0,0,0,0,0,0,0,0,5.05,7.74,20.57,11,2
2021,WR,Terry McLaurin,WAS,25,16,213.5,0,0,0,12,0,130,77,1053,5,59.2,0,1010,1127,89.6,0,0,0,0,0,0,0,0,0,0,0,7.89,6.38,26.13,9,4
2021,RB,Nick Chubb,,25,14,213.3,0,0,0,1259,8,25,20,174,1,80.0,1,482,977,49.3,0,0,0,0,0,0,0,0,0,0,0,8.03,6.65,25.78,8,5
2021,TE,Dalton Schultz,HOU,25,17,208.8,0,0,0,0,0,104,78,808,8,75.0,0,994,1228,80.9,0,0,0,0,0,0,0,0,0,0,0,6.94,2.68,21.68,11,3
2021,QB,Teddy Bridgewater,DET,28,14,208.68,3052,18,7,106,2,0,0,0,0,0.0,1,844,925,91.2,0,0,0,0,0,0,0,0,0,0,0,5.26,8.14,20.95,11,4
2021,RB,Damien Harris,,24,15,208.1,0,0,0,929,15,20,18,132,0,90.0,2,406,970,41.9,0,0,0,0,0,0,0,0,0,0,0,6.76,6.0,22.28,11,2
2021,WR,Christian Kirk,SF,24,17,207.62,33,0,0,11,0,103,77,982,5,74.8,0,893,1172,76.2,0,0,0,0,0,0,0,0,0,0,0,6.57,3.43,21.08,10,2
2021,QB,Trevor Lawrence,JAX,21,17,207.04,3641,12,17,334,2,0,0,0,0,0.0,5,1078,1085,99.4,0,0,0,0,0,0,0,0,0,0,0,5.58,5.86,20.3,10,2
2021,RB,D'Andre Swift,CHI,22,13,206.9,0,0,0,617,5,78,62,452,2,79.5,1,560,835,67.1,0,0,0,0,0,0,0,0,0,0,0,7.82,6.2,24.78,9,5
2021,RB,Dalvin Cook,,26,13,203.3,0,0,0,1159,6,49,34,224,0,69.4,2,608,1065,57.1,0,0,0,0,0,0,0,0,0,0,0,8.07,6.93,24.95,9,4
2021,RB,Javonte Williams,DAL,21,17,202.9,0,0,0,903,4,53,43,316,3,81.1,1,551,1081,51.0,0,0,0,0,0,0,0,0,0,0,0,6.27,5.75,21.85,8,3
2021,WR,Amari Cooper,,27,15,201.5,0,0,0,0,0,103,68,865,8,66.0,0,835,1228,68.0,0,0,0,0,0,0,0,0,0,0,0,9.15,4.88,25.43,9,3
2021,WR,Adam Thielen,,31,13,198.8,0,0,0,2,0,95,67,726,10,70.5,0,758,905,83.8,0,0,0,0,0,0,0,0,0,0,0,8.96,5.4,26.35,8,4
2021,TE,George Kittle,SF,27,14,196.0,0,0,0,20,0,95,71,910,6,74.7,1,840,914,91.9,0,0,0,0,0,0,0,0,0,0,0,10.75,3.9,27.48,8,2
2021,RB,Darrel Williams,,26,17,196.0,0,0,0,558,6,57,47,452,2,82.5,0,568,1195,47.5,0,0,0,0,0,0,0,0,0,0,0,8.09,2.75,24.0,9,3
2021,RB,David Montgomery,HOU,24,13,195.0,0,0,1,849,7,51,42,301,0,82.4,1,642,861,74.6,0,0,0,0,0,0,0,0,0,0,0,6.66,8.78,23.85,9,4
2021,QB,Jared Goff,DET,26,14,193.5,3245,19,8,87,0,0,0,0,0,0.0,6,918,991,92.6,0,0,0,0,0,0,0,0,0,0,0,6.55,6.91,22.01,9,2
2021,RB,Devin Singletary,NYG,23,17,192.8,0,0,0,870,7,50,40,228,1,80.0,0,718,1198,59.9,0,0,0,0,0,0,0,0,0,0,0,6.66,3.6,20.9,8,2
2021,RB,Derrick Henry,BAL,27,8,192.3,5,1,0,937,10,20,18,154,0,90.0,0,411,578,71.1,0,0,0,0,0,0,0,0,0,0,0,12.92,13.08,35.0,7,4
2021,RB,Melvin Gordon,,28,16,192.1,0,0,0,918,8,38,28,213,2,73.7,3,514,1004,51.2,0,0,0,0,0,0,0,0,0,0,0,5.67,5.68,19.9,9,2
2021,DST,DAL Defense,DAL,,17,190.0,0,0,0,0,0,0,0,0,0,0.0,0,0,0,0.0,0,0,0,41,26,8,6,0,4,346,5967,7.45,2.75,22.25,7,3
2021,QB,Baker Mayfield,TB,26,14,187.9,3010,17,13,134,1,0,0,11,0,0.0,3,877,970,90.4,0,0,0,0,0,0,0,0,0,0,0,4.22,8.41,18.3,10,1
2021,WR,DeVonta Smith,PHI,22,17,185.6,0,0,0,0,0,104,64,916,5,61.5,1,916,1120,81.8,0,0,0,0,0,0,0,0,0,0,0,6.82,3.68,20.88,8,2
2021,WR,Jakobi Meyers,JAX,24,16,185.3,45,0,0,9,0,126,83,866,2,65.9,1,931,1105,84.3,0,0,0,0,0,0,0,0,0,0,0,4.61,6.38,17.85,9,1
2021,RB,AJ Dillon,CAR,23,17,183.6,0,0,0,803,5,37,34,313,2,91.9,1,476,1116,42.7,0,0,0,0,0,0,0,0,0,0,0,7.37,2.4,21.75,8,2
2021,WR,Tyler Boyd,,26,16,182.84,46,0,0,22,0,94,67,828,5,71.3,0,808,1100,73.5,0,0,0,0,0,0,0,0,0,0,0,6.21,3.33,19.66,9,2
2021,QB,Tua Tagovailoa,ATL,23,13,181.92,2653,16,10,128,3,0,0,0,0,0.0,1,777,965,80.5,0,0,0,0,0,0,0,0,0,0,0,7.24,6.01,21.82,11,2
2021,WR,A.J. Brown,NE,24,13,180.9,0,0,0,10,0,105,63,869,5,60.0,0,604,970,62.3,0,0,0,0,0,0,0,0,0,0,0,10.02,4.13,26.78,6,3
2021,TE,Zach Ertz,,30,17,180.7,0,0,0,4,0,112,74,763,5,66.1,0,848,1141,74.3,0,0,0,0,0,0,0,0,0,0,0,6.53,2.68,18.88,9,1
2021,WR,Marvin Jones,,31,17,180.2,0,0,0,0,0,120,73,832,4,60.8,0,980,1085,90.3,0,0,0,0,0,0,0,0,0,0,0,6.39,3.78,20.25,7,2
2021,WR,Kendrick Bourne,ARI,26,17,179.5,25,1,0,125,0,70,55,800,5,78.6,1,572,1105,51.8,0,0,0,0,0,0,0,0,0,0,0,7.02,3.1,21.15,7,3
2021,TE,Kyle Pitts,ATL,20,17,176.6,0,0,0,0,0,110,68,1026,1,61.8,0,774,1052,73.6,0,0,0,0,0,0,0,0,0,0,0,6.34,4.05,19.68,6,2
2021,RB,Myles Gaskin,,24,17,171.6,0,0,0,612,3,63,49,234,4,77.8,1,575,1154,49.8,0,0,0,0,0,0,0,0,0,0,0,7.98,1.9,21.85,7,1
2021,TE,Rob Gronkowski,,32,11,171.2,0,0,0,0,0,88,55,802,6,62.5,0,634,987,64.2,0,0,0,0,0,0,0,0,0,0,0,7.47,7.23,22.85,8,3
2021,RB,James Robinson,,23,14,169.9,0,0,0,767,8,46,31,222,0,67.4,2,530,909,58.3,0,0,0,0,0,0,0,0,0,0,0,7.98,1.95,21.45,8,3
2021,WR,Brandon Aiyuk,SF,23,16,168.3,0,0,0,17,0,84,56,826,5,66.7,1,906,1091,83.0,0,0,0,0,0,0,0,0,0,0,0,6.23,2.65,18.63,9,1
2021,WR,Van Jefferson,WAS,25,17,168.2,0,0,0,20,0,89,50,802,6,56.2,0,875,1089,80.3,0,0,0,0,0,0,0,0,0,0,0,5.83,2.88,17.85,8,1
2021,K,Daniel Carlson,,26,17,168.0,0,0,0,0,0,0,0,0,0,0.0,0,0,1140,0.0,30,3,40,0,0,0,0,0,0,0,0,5.91,2.0,18.0,9,2
2021,DST,NE Defense,NE,,17,168.0,0,0,0,0,0,0,0,0,0,0.0,0,0,0,0.0,0,0,0,36,23,7,3,0,0,279,5283,8.04,1.0,21.75,8,2
2021,QB,Daniel Jones,IND,24,11,167.52,2428,10,7,298,2,1,1,16,0,100.0,3,673,712,94.5,0,0,0,0,0,0,0,0,0,0,0,7.98,6.67,23.79,7,3
2021,WR,Chase Claypool,,23,15,166.6,0,0,0,96,0,105,59,860,2,56.2,0,823,1086,75.8,0,0,0,0,0,0,0,0,0,0,0,6.02,4.4,19.52,7,1
2021,TE,Dawson Knox,BUF,24,14,165.1,0,0,0,4,0,71,49,587,9,69.0,0,917,1058,86.7,0,0,0,0,0,0,0,0,0,0,0,5.9,5.35,19.65,7,2
2021,TE,Mike Gesicki,CIN,25,15,165.0,0,0,0,0,0,112,73,780,2,65.2,0,828,1154,71.8,0,0,0,0,0,0,0,0,0,0,0,5.33,5.3,19.08,5,1
2021,DST,MIA Defense,MIA,,16,165.0,0,0,0,0,0,0,0,0,0,0.0,0,0,0,0.0,0,0,0,48,14,12,5,0,1,365,5738,8.05,1.75,22.0,6,2
2021,RB,Elijah Mitchell,PHI,23,11,165.0,0,0,0,963,5,20,19,137,1,95.0,0,441,906,48.7,0,0,0,0,0,0,0,0,0,0,0,6.18,8.28,21.48,7,2
2021,TE,Hunter Henry,NE,26,16,164.3,0,0,0,0,0,75,50,603,9,66.7,0,749,1105,67.8,0,0,0,0,0,0,0,0,0,0,0,6.45,3.58,19.63,7,1
2021,TE,Dallas Goedert,PHI,26,15,164.0,0,0,0,0,0,76,56,830,4,73.7,0,781,1120,69.7,0,0,0,0,0,0,0,0,0,0,0,6.91,3.75,19.7,8,2
2021,RB,Darrell Henderson,,24,12,163.4,0,0,0,688,5,40,29,176,3,72.5,0,507,966,52.5,0,0,0,0,0,0,0,0,0,0,0,6.72,5.83,20.38,7,2
2021,K,Nick Folk,ATL,36,17,163.0,0,0,0,0,0,0,0,0,0,0.0,0,0,1105,0.0,42,5,36,0,0,0,0,0,0,0,0,4.97,3.75,16.5,7,0
2021,QB,Davis Mills,HOU,22,13,161.96,2664,16,10,44,0,0,0,0,0,0.0,1,743,1066,69.7,0,0,0,0,0,0,0,0,0,0,0,8.58,2.53,22.6,7,3
2021,QB,Sam Darnold,SEA,24,12,161.28,2527,9,13,222,5,0,0,0,0,0.0,4,771,828,93.1,0,0,0,0,0,0,0,0,0,0,0,8.82,4.23,23.44,7,2
2021,WR,Russell Gage,,25,11,161.0,0,0,0,0,0,94,66,770,4,70.2,2,612,1052,58.2,0,0,0,0,0,0,0,0,0,0,0,6.91,7.65,22.48,7,3
2021,RB,Tony Pollard,TEN,24,15,160.6,0,0,0,719,2,46,39,337,0,84.8,0,374,1081,34.6,0,0,0,0,0,0,0,0,0,0,0,5.0,5.68,17.75,6,1
2021,K,Justin Tucker,,31,17,160.0,0,0,0,0,0,0,0,0,0,0.0,0,0,1242,0.0,32,0,35,0,0,0,0,0,0,0,0,4.15,4.0,14.75,8,0
2021,TE,Noah Fant,NO,23,16,159.0,0,0,0,0,0,90,68,670,4,75.6,0,843,1081,78.0,0,0,0,0,0,0,0,0,0,0,0,6.3,3.28,18.95,7,2
2021,WR,K.J. Osborn,TEN,24,16,158.5,0,0,0,10,0,82,50,655,7,61.0,0,774,1141,67.8,0,0,0,0,0,0,0,0,0,0,0,6.56,2.6,18.75,7,1
2021,WR,Cole Beasley,,32,16,158.3,0,0,0,0,0,112,82,693,1,73.2,0,691,1198,57.7,0,0,0,0,0,0,0,0,0,0,0,6.6,2.68,19.75,6,3
2021,QB,Zach Wilson,NO,22,13,157.86,2334,9,11,185,4,1,0,0,0,0.0,1,741,802,92.4,0,0,0,0,0,0,0,0,0,0,0,6.26,5.46,20.31,8,2
2021,DST,BUF Defense,BUF,,17,157.0,0,0,0,0,0,0,0,0,0,0.0,0,0,0,0.0,0,0,0,42,19,8,1,0,2,287,4637,7.46,-0.25,19.5,8,2
2021,K,Chris Boswell,PIT,30,17,157.0,0,0,0,0,0,0,0,0,0,0.0,0,0,1173,0.0,27,2,36,0,0,0,0,0,0,0,0,4.86,2.5,15.25,9,0
2021,WR,A.J. Green,,33,16,156.8,0,0,0,0,0,92,54,848,3,58.7,0,887,1172,75.7,0,0,0,0,0,0,0,0,0,0,0,5.65,2.6,17.5,8,0
2021,WR,Tim Patrick,NYJ,27,16,156.4,0,0,0,0,0,85,53,734,5,62.4,0,849,1081,78.5,0,0,0,0,0,0,0,0,0,0,0,5.32,3.35,16.18,8,0
2021,K,Matt Gay,LV,27,17,156.0,0,0,0,0,0,0,0,0,0,0.0,0,0,1089,0.0,48,1,32,0,0,0,0,0,0,0,0,3.35,5.0,13.25,6,0
2021,DST,NO Defense,NO,,17,156.0,0,0,0,0,0,0,0,0,0,0.0,0,0,0,0.0,0,0,0,46,18,7,2,0,2,317,5410,5.81,3.25,17.75,6,0
2021,RB,Michael Carter,TEN,22,14,153.4,0,0,0,639,4,55,36,325,0,65.5,1,449,920,48.8,0,0,0,0,0,0,0,0,0,0,0,7.67,3.2,20.15,7,1
2021,DST,TB Defense,TB,,16,153.0,0,0,0,0,0,0,0,0,0,0.0,0,0,0,0.0,0,0,0,47,17,11,2,0,0,341,5635,6.24,2.75,18.25,6,1
2021,WR,Marquez Callaway,,23,16,151.8,0,0,0,0,0,84,46,698,6,54.8,0,833,1090,76.4,0,0,0,0,0,0,0,0,0,0,0,5.95,2.98,17.88,6,1
2021,TE,Pat Freiermuth,PIT,22,16,150.7,0,0,0,0,0,79,60,497,7,75.9,1,683,1101,62.0,0,0,0,0,0,0,0,0,0,0,0,4.87,3.33,15.63,8,1
2021,WR,Courtland Sutton,DEN,25,17,150.24,16,0,0,0,0,98,58,776,2,59.2,0,920,1081,85.1,0,0,0,0,0,0,0,0,0,0,0,7.68,2.61,21.28,4,3
2021,DST,IND Defense,IND,,17,148.0,0,0,0,0,0,0,0,0,0,0.0,0,0,0,0.0,0,0,0,33,19,12,1,1,2,359,5834,5.06,2.5,16.0,6,0
2021,WR,DeAndre Hopkins,,29,10,147.2,0,0,0,0,0,64,42,572,8,65.6,0,560,672,83.3,0,0,0,0,0,0,0,0,0,0,0,6.27,8.7,21.45,8,3
2021,K,Jake Elliott,PHI,26,17,147.0,0,0,0,0,0,0,0,0,0,0.0,0,0,1120,0.0,44,0,30,0,0,0,0,0,0,0,0,5.47,1.75,16.5,5,0
2021,K,Evan McPherson,CIN,22,15,147.0,0,0,0,0,0,0,0,0,0,0.0,0,0,1046,0.0,46,2,28,0,0,0,0,0,0,0,0,4.12,5.0,14.75,8,0
2021,K,Greg Joseph,,27,17,147.0,0,0,0,0,0,0,0,0,0,0.0,0,0,1141,0.0,36,4,33,0,0,0,0,0,0,0,0,3.86,3.25,13.25,6,0
2021,RB,Devonta Freeman,,29,16,146.6,0,0,0,576,5,42,34,190,1,81.0,0,528,1174,45.0,0,0,0,0,0,0,0,0,0,0,0,6.03,1.88,17.48,6,1
2021,RB,Saquon Barkley,PHI,24,13,146.6,0,0,0,593,2,57,41,263,2,71.9,1,513,913,56.2,0,0,0,0,0,0,0,0,0,0,0,7.39,4.08,20.48,6,2
2021,TE,Tyler Higbee,LAR,28,15,146.0,0,0,0,0,0,85,61,560,5,71.8,0,883,1089,81.1,0,0,0,0,0,0,0,0,0,0,0,5.05,4.05,15.55,6,1
2021,RB,Sony Michel,,26,17,145.3,0,0,0,845,4,33,21,128,1,63.6,1,538,1089,49.4,0,0,0,0,0,0,0,0,0,0,0,6.85,0.55,18.7,7,2
2021,TE,T.J. Hockenson,MIN,24,11,145.3,0,0,0,0,0,84,61,583,4,72.6,0,658,785,83.8,0,0,0,0,0,0,0,0,0,0,0,6.55,6.55,20.15,8,2
2021,K,Matt Prater,,37,17,145.0,0,0,0,0,0,0,0,0,0,0.0,0,0,1172,0.0,47,2,30,0,0,0,0,0,0,0,0,4.69,3.0,15.25,6,0
2021,DST,KC Defense,KC,,17,145.0,0,0,0,0,0,0,0,0,0,0.0,0,0,0,0.0,0,0,0,31,15,12,4,0,1,358,6272,6.9,1.5,18.75,4,1
2021,WR,Cedrick Wilson,DET,25,14,144.82,88,0,0,11,0,61,45,602,6,73.8,0,528,1158,45.6,0,0,0,0,0,0,0,0,0,0,0,7.5,3.53,20.96,5,1
2021,RB,Devontae Booker,,29,16,144.1,0,0,0,593,2,45,40,268,1,88.9,0,519,1101,47.1,0,0,0,0,0,0,0,0,0,0,0,5.73,2.4,17.02,7,1
2021,WR,Allen Lazard,,25,14,142.5,0,0,0,32,0,60,40,513,8,66.7,0,716,1057,67.7,0,0,0,0,0,0,0,0,0,0,0,7.39,2.78,20.4,6,2
2021,RB,Chase Edmonds,,25,12,142.3,0,0,0,592,2,53,43,311,0,81.1,1,475,827,57.4,0,0,0,0,0,0,0,0,0,0,0,6.81,4.25,18.77,7,1
2021,K,Dustin Hopkins,,30,16,140.0,0,0,0,0,0,0,0,0,0,0.0,0,0,1161,0.0,40,4,30,0,0,0,0,0,0,0,0,3.44,4.0,12.75,6,0
2021,DST,ARI Defense,ARI,,17,140.0,0,0,0,0,0,0,0,0,0,0.0,0,0,0,0.0,0,0,0,41,13,14,2,0,0,356,5597,5.36,2.75,16.0,6,0
2021,K,Tyler Bass,BUF,24,17,139.0,0,0,0,0,0,0,0,0,0,0.0,0,0,1198,0.0,51,0,28,0,0,0,0,0,0,0,0,4.16,2.25,13.5,4,0
2021,WR,Robbie Chosen,,28,16,138.5,0,0,0,36,0,110,53,519,5,48.2,0,978,1149,85.1,0,0,0,0,0,0,0,0,0,0,0,5.63,2.13,16.45,6,1
2021,WR,Elijah Moore,PHI,21,10,138.2,0,0,0,54,1,77,43,538,5,55.8,0,476,1046,45.5,0,0,0,0,0,0,0,0,0,0,0,8.87,5.98,22.75,6,3
2021,WR,Mecole Hardman,BUF,23,17,137.9,0,0,0,46,0,83,59,693,2,71.1,2,623,1195,52.1,0,0,0,0,0,0,0,0,0,0,0,4.75,3.28,15.13,6,0
2021,TE,Tyler Conklin,DET,26,17,137.3,0,0,0,0,0,87,61,593,3,70.1,0,924,1141,81.0,0,0,0,0,0,0,0,0,0,0,0,4.8,2.83,14.85,5,0
2021,WR,Robert Woods,,29,9,137.2,0,0,0,46,1,69,45,556,4,65.2,0,543,587,92.5,0,0,0,0,0,0,0,0,0,0,0,5.58,10.58,20.02,8,2
2021,RB,Chuba Hubbard,CAR,22,16,136.6,0,0,0,612,5,37,25,174,1,67.6,1,465,1149,40.5,0,0,0,0,0,0,0,0,0,0,0,5.43,1.23,15.33,6,0
2021,K,Harrison Butker,KC,26,16,135.0,0,0,0,0,0,0,0,0,0,0.0,0,0,1195,0.0,47,2,25,0,0,0,0,0,0,0,0,2.69,5.0,11.75,3,0
2021,RB,Mike Davis,,28,17,134.2,0,0,0,503,3,58,44,259,1,75.9,3,594,1052,56.5,0,0,0,0,0,0,0,0,0,0,0,5.16,1.1,14.13,9,0
2021,DST,SF Defense,SF,,17,134.0,0,0,0,0,0,0,0,0,0,0.0,0,0,0,0.0,0,0,0,48,9,8,2,0,1,363,5270,3.8,2.75,12.75,4,0
2021,TE,Darren Waller,,28,11,133.5,0,0,0,0,0,93,55,665,2,59.1,0,608,814,74.7,0,0,0,0,0,0,0,0,0,0,0,6.28,6.1,19.08,7,1
2021,WR,Kalif Raymond,CHI,27,13,132.4,0,0,0,28,0,71,48,576,4,67.6,0,742,1102,67.3,0,0,0,0,0,0,0,0,0,0,0,5.96,4.28,17.93,5,1
2021,TE,Jared Cook,,34,16,132.4,0,0,0,0,0,83,48,564,4,57.8,0,644,1196,53.8,0,0,0,0,0,0,0,0,0,0,0,4.13,3.78,13.58,6,0
2021,WR,Emmanuel Sanders,,34,13,131.7,0,0,0,31,0,72,42,626,4,58.3,0,747,970,77.0,0,0,0,0,0,0,0,0,0,0,0,6.57,4.58,18.5,5,2
2021,K,Ryan Succop,,34,17,130.0,0,0,0,0,0,0,0,0,0,0.0,0,0,1183,0.0,56,3,25,0,0,0,0,0,0,0,0,4.14,2.75,13.5,4,0
2021,WR,Jarvis Landry,,28,12,130.0,0,0,0,40,2,87,52,570,2,59.8,2,533,817,65.2,0,0,0,0,0,0,0,0,0,0,0,5.47,5.07,17.05,5,0
2021,WR,Odell Beckham,NYG,28,14,129.1,0,0,0,14,0,82,44,537,5,53.7,0,666,922,72.2,0,0,0,0,0,0,0,0,0,0,0,6.2,2.72,16.85,7,0
2021,DST,TEN Defense,TEN,,15,129.0,0,0,0,0,0,0,0,0,0,0.0,0,0,0,0.0,0,0,0,43,16,5,3,0,0,354,5607,6.96,1.0,18.0,6,1
2021,DST,LAR Defense,LAR,,16,129.0,0,0,0,0,0,0,0,0,0,0.0,0,0,0,0.0,0,0,0,50,19,5,0,0,0,342,5863,4.19,3.25,14.0,4,0
2021,DST,MIN Defense,MIN,,17,129.0,0,0,0,0,0,0,0,0,0,0.0,0,0,0,0.0,0,0,0,51,16,7,2,0,1,426,6522,5.36,0.75,14.75,5,0
2021,TE,C.J. Uzomah,,28,15,128.3,0,0,0,0,0,63,49,493,5,77.8,0,803,1100,73.0,0,0,0,0,0,0,0,0,0,0,0,6.97,3.2,17.68,3,2
2021,K,Greg Zuerlein,,33,15,128.0,0,0,0,0,0,0,0,0,0,0.0,0,0,1228,0.0,42,6,29,0,0,0,0,0,0,0,0,3.32,4.25,12.5,4,0
2021,RB,J.D. McKissic,,28,11,127.9,0,0,0,212,2,53,43,397,2,81.1,0,343,755,45.4,0,0,0,0,0,0,0,0,0,0,0,7.44,3.58,19.8,5,2
2021,RB,Christian McCaffrey,SF,25,7,126.5,0,0,0,442,1,41,37,343,1,90.2,0,272,670,40.6,0,0,0,0,0,0,0,0,0,0,0,9.45,11.95,25.85,5,4
2021,WR,Laviska Shenault,,22,16,126.0,0,0,0,41,0,99,63,619,0,63.6,1,697,1085,64.2,0,0,0,0,0,0,0,0,0,0,0,3.74,3.55,13.13,4,0
2021,WR,Gabe Davis,,22,13,125.9,0,0,0,0,0,63,35,549,6,55.6,0,571,1198,47.7,0,0,0,0,0,0,0,0,0,0,0,6.08,3.78,16.8,6,1
2021,WR,Byron Pringle,,27,16,125.8,0,0,0,0,0,60,42,568,5,70.0,1,586,1195,49.0,0,0,0,0,0,0,0,0,0,0,0,6.11,2.58,16.68,5,1
2021,RB,Alexander Mattison,,23,16,124.9,0,0,0,491,3,39,32,228,1,82.1,1,377,1141,33.0,0,0,0,0,0,0,0,0,0,0,0,8.39,1.1,21.45,5,3
2021,QB,Justin Fields,KC,22,12,124.8,1870,7,10,420,2,0,0,0,0,0.0,5,635,836,76.0,0,0,0,0,0,0,0,0,0,0,0,7.38,2.76,19.43,5,1
2021,TE,Taysom Hill,,31,12,124.72,978,4,5,374,5,6,4,52,0,66.7,0,431,940,45.9,0,0,0,0,0,0,0,0,0,0,0,8.51,1.41,21.28,5,2
2021,RB,Brandon Bolden,,31,16,123.1,0,0,0,226,1,49,41,405,2,83.7,0,342,1105,31.0,0,0,0,0,0,0,0,0,0,0,0,5.61,1.98,15.4,3,1
2021,DST,CIN Defense,CIN,,17,123.0,0,0,0,0,0,0,0,0,0,0.0,0,0,0,0.0,0,0,0,42,13,8,2,0,0,358,5964,5.15,1.0,14.5,4,0
2021,K,Younghoe Koo,,27,17,123.0,0,0,0,0,0,0,0,0,0,0.0,0,0,1052,0.0,30,0,27,0,0,0,0,0,0,0,0,3.54,2.5,11.5,5,0
2021,K,Mason Crosby,,36,17,123.0,0,0,0,0,0,0,0,0,0,0.0,0,0,1116,0.0,49,2,25,0,0,0,0,0,0,0,0,4.14,2.25,13.25,4,0
2021,DST,GB Defense,GB,,16,123.0,0,0,0,0,0,0,0,0,0,0.0,0,0,0,0.0,0,0,0,39,18,6,2,0,1,371,5579,6.22,0.0,16.0,5,0
2021,K,Brandon McManus,,30,17,123.0,0,0,0,0,0,0,0,0,0,0.0,0,0,1081,0.0,33,1,26,0,0,0,0,0,0,0,0,3.78,2.75,12.5,3,0
2021,K,Randy Bullock,,31,15,122.0,0,0,0,0,0,0,0,0,0,0.0,0,0,1120,0.0,42,3,26,0,0,0,0,0,0,0,0,3.95,2.75,12.0,7,0
2021,DST,PIT Defense,PIT,,15,122.0,0,0,0,0,0,0,0,0,0,0.0,0,0,0,0.0,0,0,0,55,13,8,0,0,2,386,6139,5.87,1.5,16.0,5,0
2021,RB,Rashaad Penny,,25,10,121.7,0,0,0,749,6,8,6,48,0,75.0,0,253,704,35.9,0,0,0,0,0,0,0,0,0,0,0,11.82,1.08,25.95,4,3
2021,RB,Kenny Gainwell,TB,22,15,121.4,0,0,0,291,5,50,33,253,1,66.0,1,298,1042,28.6,0,0,0,0,0,0,0,0,0,0,0,6.89,1.13,18.1,5,1
2021,TE,Cole Kmet,CHI,22,17,121.2,0,0,0,0,0,93,60,612,0,64.5,0,935,1122,83.3,0,0,0,0,0,0,0,0,0,0,0,4.22,1.73,12.9,3,0
2021,WR,Antonio Brown,,33,7,121.1,0,0,0,6,0,62,42,545,4,67.7,0,268,569,47.1,0,0,0,0,0,0,0,0,0,0,0,9.73,10.43,24.88,5,4
2021,WR,Braxton Berrios,NYG,25,14,120.1,0,0,0,40,2,65,46,431,2,70.8,1,390,1066,36.6,0,0,0,0,0,0,0,0,0,0,0,6.24,2.17,16.3,6,1
2021,DST,DEN Defense,DEN,,17,119.0,0,0,0,0,0,0,0,0,0,0.0,0,0,0,0.0,0,0,0,36,13,5,1,0,3,304,5544,5.99,1.0,16.25,4,0
2021,K,Graham Gano,,34,17,119.0,0,0,0,0,0,0,0,0,0,0.0,0,0,1101,0.0,17,0,29,0,0,0,0,0,0,0,0,5.35,1.5,14.75,4,1
2021,RB,Jamaal Williams,,26,13,118.8,0,0,0,601,3,28,26,157,0,92.9,0,317,969,32.7,0,0,0,0,0,0,0,0,0,0,0,6.02,3.73,16.6,4,1
2021,QB,Jameis Winston,NYG,27,7,118.4,1170,14,3,166,1,0,0,0,0,0.0,1,371,442,83.9,0,0,0,0,0,0,0,0,0,0,0,7.12,11.79,21.2,7,2
2021,DST,PHI Defense,PHI,,15,118.0,0,0,0,0,0,0,0,0,0,0.0,0,0,0,0.0,0,0,0,29,12,4,5,0,2,377,5590,7.14,0.0,17.5,5,1
2021,RB,Miles Sanders,,24,12,116.2,0,0,0,754,0,34,26,158,0,76.5,1,426,799,53.3,0,0,0,0,0,0,0,0,0,0,0,4.51,5.7,15.3,4,0
2021,WR,Quez Watkins,PHI,23,16,116.0,0,0,0,3,0,62,43,647,1,69.4,0,771,1120,68.8,0,0,0,0,0,0,0,0,0,0,0,4.12,3.4,12.88,2,0
2021,TE,Gerald Everett,,27,15,115.8,0,0,0,20,0,63,48,478,4,76.2,2,650,991,65.6,0,0,0,0,0,0,0,0,0,0,0,5.16,1.05,14.15,5,0
2021,RB,Clyde Edwards-Helaire,,22,10,115.6,0,0,0,517,4,23,19,129,2,82.6,2,342,680,50.3,0,0,0,0,0,0,0,0,0,0,0,5.76,6.03,17.52,7,0
2021,RB,Ty Johnson,BUF,23,15,115.0,0,0,0,238,2,55,34,372,2,61.8,1,409,1041,39.3,0,0,0,0,0,0,0,0,0,0,0,5.68,1.95,15.33,5,0
2021,RB,Rhamondre Stevenson,NE,23,12,112.9,0,0,0,606,5,18,14,123,0,77.8,1,265,971,27.3,0,0,0,0,0,0,0,0,0,0,0,8.21,2.38,19.48,4,2
2021,DST,CHI Defense,CHI,,15,112.0,0,0,0,0,0,0,0,0,0,0.0,0,0,0,0.0,0,0,0,49,8,7,2,1,0,395,5381,6.72,0.75,16.25,3,1
2021,WR,Deonte Harty,,23,13,111.1,0,0,0,41,0,59,36,570,3,61.0,1,298,885,33.7,0,0,0,0,0,0,0,0,0,0,0,5.36,2.58,15.13,5,0
2021,K,Cairo Santos,CHI,29,16,111.0,0,0,0,0,0,0,0,0,0,0.0,0,0,1122,0.0,27,1,26,0,0,0,0,0,0,0,0,3.82,2.0,11.5,2,0
2021,DST,CLE Defense,CLE,,15,111.0,0,0,0,0,0,0,0,0,0,0.0,0,0,0,0.0,0,0,0,43,13,5,2,0,0,365,5296,5.61,1.0,15.0,3,0
2021,RB,Kareem Hunt,,26,8,110.0,0,0,0,386,5,27,22,174,0,81.5,0,234,659,35.5,0,0,0,0,0,0,0,0,0,0,0,9.06,5.73,21.78,5,2
2021,RB,Nyheim Miller-Hines,,24,17,109.6,0,0,0,276,2,57,40,310,1,70.2,2,352,1114,31.6,0,0,0,0,0,0,0,0,0,0,0,5.85,1.73,15.63,3,1
2021,WR,Jamison Crowder,,28,12,108.7,0,0,0,0,0,71,51,447,2,71.8,1,538,920,58.5,0,0,0,0,0,0,0,0,0,0,0,5.26,3.5,15.28,4,0
2021,WR,Bryan Edwards,,22,13,108.1,0,0,0,0,0,59,34,571,3,57.6,0,811,1140,71.1,0,0,0,0,0,0,0,0,0,0,0,4.56,3.05,13.78,5,0
2021,K,Robbie Gould,,38,13,108.0,0,0,0,0,0,0,0,0,0,0.0,0,0,914,0.0,39,1,20,0,0,0,0,0,0,0,0,3.0,5.25,12.0,3,0
2021,WR,Donovan Peoples-Jones,,22,13,107.7,0,0,0,0,0,58,34,597,3,58.6,1,699,974,71.8,0,0,0,0,0,0,0,0,0,0,0,7.25,1.23,17.18,5,1
2021,RB,Mark Ingram,,31,14,107.6,0,0,0,554,2,35,27,162,0,77.1,1,400,968,41.3,0,0,0,0,0,0,0,0,0,0,0,5.5,2.68,15.25,5,1
2021,TE,David Njoku,LAC,25,14,107.6,0,0,0,1,0,53,36,475,4,67.9,0,670,1107,60.5,0,0,0,0,0,0,0,0,0,0,0,6.65,2.63,15.95,4,1
2021,WR,Nick Westbrook-Ikhine,IND,24,14,106.6,0,0,0,0,0,57,38,476,4,66.7,1,661,1184,55.8,0,0,0,0,0,0,0,0,0,0,0,5.2,2.0,14.58,4,0
2021,WR,Rondale Moore,,21,14,106.1,0,0,0,76,0,64,54,435,1,84.4,1,432,955,45.2,0,0,0,0,0,0,0,0,0,0,0,6.21,2.25,16.25,4,1
2021,K,Jason Sanders,NYJ,25,16,106.0,0,0,0,0,0,0,0,0,0,0.0,0,0,1154,0.0,34,1,23,0,0,0,0,0,0,0,0,2.47,3.5,9.75,0,0
2021,WR,Zay Jones,,26,15,104.9,0,0,0,3,0,70,47,546,1,67.1,1,640,1140,56.1,0,0,0,0,0,0,0,0,0,0,0,5.19,2.15,14.13,5,0
2021,RB,Latavius Murray,,31,14,103.6,0,0,0,501,6,13,10,75,0,76.9,0,378,998,37.9,0,0,0,0,0,0,0,0,0,0,0,5.07,2.68,14.03,3,1
2021,WR,DeVante Parker,,28,9,103.5,0,0,0,0,0,73,40,515,2,54.8,0,539,721,74.8,0,0,0,0,0,0,0,0,0,0,0,4.54,7.3,15.78,5,0
2021,WR,Rashod Bateman,BAL,21,11,103.5,0,0,0,0,0,67,46,515,1,68.7,0,604,894,67.6,0,0,0,0,0,0,0,0,0,0,0,4.49,4.63,14.18,6,0
2021,WR,Nelson Agholor,,28,14,103.4,0,0,0,11,0,64,37,473,3,57.8,0,706,969,72.9,0,0,0,0,0,0,0,0,0,0,0,4.82,2.85,13.83,3,0
2021,RB,Rex Burkhead,,31,13,103.3,0,0,0,427,3,32,25,186,0,78.1,0,378,1066,35.5,0,0,0,0,0,0,0,0,0,0,0,7.5,0.98,16.55,4,1
2021,RB,Zack Moss,,23,13,103.2,0,0,0,345,4,32,23,197,1,71.9,1,380,899,42.3,0,0,0,0,0,0,0,0,0,0,0,5.09,2.83,14.2,5,0
2021,WR,Corey Davis,,26,9,103.2,0,0,0,0,0,59,34,492,4,57.6,1,450,582,77.3,0,0,0,0,0,0,0,0,0,0,0,7.41,5.33,18.2,4,2
2021,RB,D'Ernest Johnson,,25,12,103.1,0,0,0,534,3,25,19,137,0,76.0,0,331,1107,29.9,0,0,0,0,0,0,0,0,0,0,0,8.33,1.7,19.18,3,3
2021,RB,Kenyan Drake,,27,12,101.5,0,0,0,254,2,40,30,291,1,75.0,0,280,797,35.1,0,0,0,0,0,0,0,0,0,0,0,6.65,1.5,16.55,5,1
2021,TE,Evan Engram,DEN,26,15,101.5,0,0,0,-3,0,73,46,408,3,63.0,1,722,971,74.4,0,0,0,0,0,0,0,0,0,0,0,3.9,1.63,11.35,5,0
2021,DST,CAR Defense,CAR,,17,99.0,0,0,0,0,0,0,0,0,0,0.0,0,0,0,0.0,0,0,0,39,9,7,0,1,1,390,5201,5.16,-1.5,12.0,4,0
2021,DST,HOU Defense,HOU,,16,99.0,0,0,0,0,0,0,0,0,0,0.0,0,0,0,0.0,0,0,0,32,17,6,1,1,0,452,6535,5.5,-0.5,13.75,3,0
2021,RB,Boston Scott,,26,9,97.6,0,0,0,373,7,16,13,83,0,81.3,1,219,1120,19.6,0,0,0,0,0,0,0,0,0,0,0,6.77,5.05,16.83,5,1
2021,DST,SEA Defense,SEA,,17,97.0,0,0,0,0,0,0,0,0,0,0.0,0,0,0,0.0,0,0,0,34,11,5,0,1,1,360,6445,2.72,2.75,9.75,1,0
2021,K,Michael Badgley,,26,13,97.0,0,0,0,0,0,0,0,0,0,0.0,0,0,834,0.0,40,1,18,0,0,0,0,0,0,0,0,3.08,4.0,10.25,2,0
2021,WR,Jalen Guyton,,24,15,96.2,0,0,0,34,0,48,31,448,3,64.6,0,613,1196,51.3,0,0,0,0,0,0,0,0,0,0,0,5.45,1.88,14.2,3,0
2021,K,Zane Gonzalez,MIA,26,12,95.0,0,0,0,0,0,0,0,0,0,0.0,0,0,882,0.0,22,1,20,0,0,0,0,0,0,0,0,5.04,3.25,14.25,3,0
2021,DST,WAS Defense,WAS,,17,95.0,0,0,0,0,0,0,0,0,0,0.0,0,0,0,0.0,0,0,0,37,11,7,2,0,1,422,6108,5.09,-0.5,12.5,2,0
2021,K,Jason Myers,SEA,30,16,95.0,0,0,0,0,0,0,0,0,0,0.0,0,0,991,0.0,44,3,17,0,0,0,0,0,0,0,0,3.73,3.0,10.75,1,0
2021,K,Joey Slye,TEN,25,12,94.0,0,0,0,0,0,0,0,0,0,0.0,0,0,777,0.0,18,4,23,0,0,0,0,0,0,0,0,4.54,2.5,13.0,5,0
2021,DST,NYG Defense,NYG,,17,94.0,0,0,0,0,0,0,0,0,0,0.0,0,0,0,0.0,0,0,0,34,15,7,1,1,0,396,6032,5.12,1.0,13.5,3,0
2021,WR,Zach Pascal,,26,15,93.5,0,0,0,21,0,69,38,384,3,55.1,1,872,1114,78.3,0,0,0,0,0,0,0,0,0,0,0,5.43,1.15,13.55,2,1
2021,WR,Joshua Palmer,BUF,21,14,92.9,0,0,0,6,0,49,33,353,4,67.3,0,458,1196,38.3,0,0,0,0,0,0,0,0,0,0,0,5.12,2.55,14.2,3,0
2021,WR,Randall Cobb,,31,10,92.6,0,0,0,1,0,39,28,375,5,71.8,1,371,787,47.1,0,0,0,0,0,0,0,0,0,0,0,6.76,4.22,16.23,3,1
2021,TE,Austin Hooper,ATL,26,14,92.5,0,0,0,0,0,61,38,345,3,62.3,0,717,1107,64.8,0,0,0,0,0,0,0,0,0,0,0,3.76,2.23,11.43,2,0
2021,QB,Andy Dalton,PHI,33,8,92.2,1515,8,9,76,0,0,0,0,0,0.0,1,412,986,41.8,0,0,0,0,0,0,0,0,0,0,0,5.84,6.48,16.57,5,0
2021,DST,LAC Defense,LAC,,16,92.0,0,0,0,0,0,0,0,0,0,0.0,0,0,0,0.0,0,0,0,35,11,9,1,0,0,441,6122,5.79,-0.75,13.25,3,1
2021,RB,D'Onta Foreman,,25,9,91.9,0,0,0,566,3,11,9,123,0,81.8,1,230,606,38.0,0,0,0,0,0,0,0,0,0,0,0,4.9,6.0,14.68,3,0
2021,WR,Michael Gallup,,25,9,91.5,0,0,0,0,0,62,35,445,2,56.5,0,498,664,75.0,0,0,0,0,0,0,0,0,0,0,0,3.26,7.08,13.45,4,0
2021,QB,Trevor Siemian,,29,6,90.16,1154,11,3,20,1,0,0,0,0,0.0,1,359,1090,32.9,0,0,0,0,0,0,0,0,0,0,0,6.23,11.02,17.72,3,1
2021,WR,Olamide Zaccheaus,ATL,24,15,89.8,0,0,0,2,0,53,31,406,3,58.5,0,610,1052,58.0,0,0,0,0,0,0,0,0,0,0,0,4.81,2.13,12.08,2,1
2021,RB,Ameer Abdullah,JAX,28,14,89.5,0,0,0,166,0,53,38,289,1,71.7,0,314,1163,27.0,0,0,0,0,0,0,0,0,0,0,0,5.06,1.1,12.88,2,0
2021,WR,Kenny Golladay,,27,12,89.1,0,0,0,0,0,76,37,521,0,48.7,0,666,894,74.5,0,0,0,0,0,0,0,0,0,0,0,3.9,3.93,11.68,3,0
2021,QB,Cam Newton,,32,7,87.36,684,4,5,230,5,0,0,0,0,0.0,1,252,524,48.1,0,0,0,0,0,0,0,0,0,0,0,8.4,6.51,18.26,4,2
2021,WR,Marquez Valdes-Scantling,DAL,26,9,87.0,0,0,0,0,0,55,26,430,3,47.3,0,455,792,57.4,0,0,0,0,0,0,0,0,0,0,0,7.32,3.72,16.75,3,2
2021,WR,Allen Robinson,,28,12,87.0,0,0,0,0,0,66,38,410,1,57.6,0,617,917,67.3,0,0,0,0,0,0,0,0,0,0,0,2.52,4.2,10.0,2,0
2021,DST,BAL Defense,BAL,,16,87.0,0,0,0,0,0,0,0,0,0,0.0,0,0,0,0.0,0,0,0,34,9,6,1,0,1,374,6178,4.68,0.25,12.0,4,0
2021,WR,Tre'Quan Smith,,25,10,86.7,0,0,0,0,0,50,32,377,3,64.0,0,520,740,70.3,0,0,0,0,0,0,0,0,0,0,0,5.16,3.65,14.18,4,0
2021,TE,Foster Moreau,HOU,24,13,86.3,0,0,0,0,0,44,30,373,3,68.2,0,748,1140,65.6,0,0,0,0,0,0,0,0,0,0,0,5.29,1.5,13.4,4,0
2021,K,Chase McLaughlin,TB,25,16,86.0,0,0,0,0,0,0,0,0,0,0.0,0,0,1107,0.0,36,1,15,0,0,0,0,0,0,0,0,4.75,0.75,12.0,1,0
2021,WR,Freddie Swain,,23,14,85.5,0,0,0,32,0,40,25,343,4,62.5,0,592,991,59.7,0,0,0,0,0,0,0,0,0,0,0,5.45,1.08,12.68,2,1
2021,RB,Justin Jackson,,25,12,85.2,0,0,0,364,2,25,22,178,0,88.0,1,231,1068,21.6,0,0,0,0,0,0,0,0,0,0,0,8.46,1.4,15.28,2,1
2021,WR,Henry Ruggs,,22,7,84.5,0,0,0,16,0,36,24,469,2,66.7,0,334,481,69.4,0,0,0,0,0,0,0,0,0,0,0,5.77,7.7,15.68,3,1
2021,WR,Jerry Jeudy,CLE,22,9,84.0,0,0,0,3,0,56,38,467,0,67.9,0,412,693,59.5,0,0,0,0,0,0,0,0,0,0,0,2.95,6.6,11.98,4,0
2021,QB,Tyrod Taylor,GB,32,6,83.74,966,5,5,151,3,0,0,0,0,0.0,0,323,713,45.3,0,0,0,0,0,0,0,0,0,0,0,6.61,10.76,18.13,4,1
2021,WR,Nico Collins,HOU,22,13,83.6,0,0,0,0,0,61,33,446,1,54.1,0,536,905,59.2,0,0,0,0,0,0,0,0,0,0,0,3.42,2.8,10.85,2,0
2021,WR,DeAndre Carter,,28,14,83.5,0,0,0,89,0,44,24,296,3,54.5,0,505,1127,44.8,0,0,0,0,0,0,0,0,0,0,0,4.86,0.88,12.45,3,0
2021,RB,Samaje Perine,CIN,25,14,83.2,0,0,0,246,1,31,27,196,1,87.1,0,276,1100,25.1,0,0,0,0,0,0,0,0,0,0,0,4.62,2.3,11.6,2,0
2021,QB,Tyler Huntley,BAL,23,7,82.64,1081,3,4,294,2,0,0,0,0,0.0,3,373,1242,30.0,0,0,0,0,0,0,0,0,0,0,0,10.83,5.29,18.06,4,1
2021,WR,Laquon Treadwell,IND,26,9,82.4,0,0,0,0,0,51,33,434,1,64.7,0,485,740,65.5,0,0,0,0,0,0,0,0,0,0,0,3.89,5.9,12.15,5,0
2021,WR,Kadarius Toney,,22,9,82.36,19,0,0,6,0,57,39,420,0,68.4,0,301,719,41.9,0,0,0,0,0,0,0,0,0,0,0,8.16,3.43,15.47,3,1
2021,K,Matthew Wright,,25,13,82.0,0,0,0,0,0,0,0,0,0,0.0,0,0,887,0.0,13,2,21,0,0,0,0,0,0,0,0,5.15,1.0,12.75,3,0
2021,WR,Jauan Jennings,MIN,24,11,81.2,0,0,0,0,0,38,24,282,5,63.2,0,337,1091,30.9,0,0,0,0,0,0,0,0,0,0,0,7.29,1.73,14.83,3,1
2021,WR,Jamal Agnew,,26,9,81.0,0,0,0,111,1,39,24,229,1,61.5,0,260,640,40.6,0,0,0,0,0,0,0,0,0,0,0,4.14,5.2,13.35,4,0
2021,WR,Josh Reynolds,,26,9,80.6,0,0,0,0,0,49,29,396,2,59.2,0,475,947,50.2,0,0,0,0,0,0,0,0,0,0,0,5.6,3.7,14.4,4,0
2021,WR,Julio Jones,,32,9,80.4,0,0,0,0,0,48,31,434,1,64.6,0,393,907,43.3,0,0,0,0,0,0,0,0,0,0,0,5.13,5.18,13.05,2,0
2021,RB,David Johnson,,29,13,80.3,0,0,0,228,0,42,32,225,1,76.2,1,317,946,33.5,0,0,0,0,0,0,0,0,0,0,0,3.52,1.55,9.98,3,0
2021,WR,Adam Humphries,,28,17,79.3,0,0,0,0,0,62,41,383,0,66.1,0,658,1127,58.4,0,0,0,0,0,0,0,0,0,0,0,3.08,1.27,9.23,2,0
2021,TE,Jack Doyle,IND,31,13,79.2,0,0,0,0,0,43,29,302,3,67.4,0,643,1114,57.7,0,0,0,0,0,0,0,0,0,0,0,5.29,1.63,12.45,2,1
2021,WR,Keelan Cole,,28,13,78.9,0,0,0,0,0,51,28,449,1,54.9,0,557,1047,53.2,0,0,0,0,0,0,0,0,0,0,0,3.91,2.5,11.0,3,0
2021,TE,Mo Alie-Cox,IND,27,13,78.6,0,0,0,0,0,45,24,316,4,53.3,0,610,1114,54.8,0,0,0,0,0,0,0,0,0,0,0,4.88,1.8,12.13,2,0
2021,TE,Cameron Brate,,30,15,78.5,0,0,0,0,0,57,30,245,4,52.6,0,469,1183,39.6,0,0,0,0,0,0,0,0,0,0,0,2.23,2.58,8.18,0,0
2021,RB,Khalil Herbert,SF,23,13,77.9,0,0,0,433,2,16,14,96,0,87.5,0,313,1122,27.9,0,0,0,0,0,0,0,0,0,0,0,6.36,0.45,14.03,2,0
2021,WR,Sterling Shepard,,28,7,77.7,0,0,0,-9,0,53,36,366,1,67.9,0,344,598,57.5,0,0,0,0,0,0,0,0,0,0,0,7.87,4.58,16.48,3,1
2021,RB,Ronald Jones,,24,15,77.2,0,0,0,428,4,13,10,64,0,76.9,2,219,1123,19.5,0,0,0,0,0,0,0,0,0,0,0,4.43,0.38,11.05,1,0
2021,WR,Devin Duvernay,ARI,23,15,76.2,0,0,0,50,0,47,33,272,2,70.2,0,603,1183,51.0,0,0,0,0,0,0,0,0,0,0,0,3.03,1.3,9.05,1,0
2021,WR,Jalen Reagor,MIA,22,16,76.1,0,0,0,32,0,57,33,299,2,57.9,0,750,1120,67.0,0,0,0,0,0,0,0,0,0,0,0,4.44,0.43,11.35,2,0
2021,TE,Albert Okwuegbunam,LV,23,12,75.0,0,0,0,0,0,40,33,330,2,82.5,1,421,890,47.3,0,0,0,0,0,0,0,0,0,0,0,3.84,2.1,10.55,2,0
2021,TE,Dan Arnold,,26,10,74.8,0,0,0,0,0,52,35,408,0,67.3,1,363,728,49.9,0,0,0,0,0,0,0,0,0,0,0,4.28,3.38,11.98,2,0
2021,WR,DeSean Jackson,,34,13,74.8,0,0,0,4,0,34,20,454,2,58.8,1,303,1032,29.4,0,0,0,0,0,0,0,0,0,0,0,6.54,1.27,14.1,2,1
2021,WR,T.Y. Hilton,,31,10,74.1,0,0,0,0,0,37,23,331,3,62.2,0,338,640,52.8,0,0,0,0,0,0,0,0,0,0,0,4.65,3.05,12.85,4,0
2021,RB,Jeremy McNichols,WAS,25,13,73.6,0,0,0,156,0,38,28,240,1,73.7,0,269,972,27.7,0,0,0,0,0,0,0,0,0,0,0,3.95,1.7,9.93,1,0
2021,TE,Anthony Firkser,DET,26,15,73.1,0,0,0,0,0,43,34,291,2,79.1,1,396,1096,36.1,0,0,0,0,0,0,0,0,0,0,0,4.12,1.13,10.5,2,0
2021,WR,Tyler Johnson,DAL,23,13,72.0,0,0,0,0,0,55,36,360,0,65.5,0,612,1183,51.7,0,0,0,0,0,0,0,0,0,0,0,3.27,1.68,9.48,1,0
2021,WR,Calvin Ridley,TEN,26,5,71.1,0,0,0,0,0,52,31,281,2,59.6,0,299,423,70.7,0,0,0,0,0,0,0,0,0,0,0,3.03,12.95,15.25,5,0
2021,DST,ATL Defense,ATL,,14,71.0,0,0,0,0,0,0,0,0,0,0.0,0,0,0,0.0,0,0,0,18,12,7,2,1,1,441,6194,3.43,1.25,9.25,1,0
2021,RB,Dontrell Hilliard,,26,7,70.7,0,0,0,350,2,26,19,87,0,73.1,1,198,561,35.3,0,0,0,0,0,0,0,0,0,0,0,6.05,5.35,14.8,3,0
2021,QB,Jacoby Brissett,ARI,28,9,70.32,1283,5,4,70,1,0,0,0,0,0.0,3,376,1154,32.6,0,0,0,0,0,0,0,0,0,0,0,6.47,1.81,14.13,3,0
2021,TE,Durham Smythe,BAL,26,13,70.0,0,0,0,3,0,41,34,357,0,82.9,0,716,1154,62.0,0,0,0,0,0,0,0,0,0,0,0,2.65,2.3,8.45,1,0
2021,TE,Geoff Swaim,,27,13,70.0,0,0,0,0,0,40,31,210,3,77.5,0,719,1103,65.2,0,0,0,0,0,0,0,0,0,0,0,4.01,1.58,10.65,2,0
2021,DST,LV Defense,LV,,15,70.0,0,0,0,0,0,0,0,0,0,0.0,0,0,0,0.0,0,0,0,35,6,7,0,1,0,421,5732,3.82,0.25,9.25,1,0
2021,WR,Demarcus Robinson,SF,26,13,69.4,0,0,0,0,0,41,25,264,3,61.0,0,696,1195,58.2,0,0,0,0,0,0,0,0,0,0,0,4.31,1.65,10.95,3,0
2021,WR,Sammy Watkins,,28,9,69.4,0,0,0,0,0,49,27,394,1,55.1,1,458,1002,45.7,0,0,0,0,0,0,0,0,0,0,0,4.78,3.45,11.8,3,0
2021,TE,Ricky Seals-Jones,,26,11,69.1,0,0,0,0,0,49,30,271,2,61.2,0,507,850,59.6,0,0,0,0,0,0,0,0,0,0,0,4.44,1.85,11.23,2,0
2021,DST,NYJ Defense,NYJ,,17,68.0,0,0,0,0,0,0,0,0,0,0.0,0,0,0,0.0,0,0,0,33,7,7,1,0,0,504,6760,3.82,-0.5,9.25,2,0
2021,RB,Alex Collins,,27,11,67.8,0,0,0,411,2,10,9,87,0,90.0,1,257,681,37.7,0,0,0,0,0,0,0,0,0,0,0,5.31,1.68,11.93,2,0
2021,WR,Danny Amendola,,35,7,67.8,0,0,0,0,0,37,24,248,3,64.9,0,191,731,26.1,0,0,0,0,0,0,0,0,0,0,0,10.08,3.3,14.98,2,1
2021,WR,Darius Slayton,NYG,24,10,67.6,0,0,0,-13,0,58,26,339,2,44.8,1,536,1026,52.2,0,0,0,0,0,0,0,0,0,0,0,4.21,2.78,11.53,3,0
2021,DST,JAX Defense,JAX,,17,67.0,0,0,0,0,0,0,0,0,0,0.0,0,0,0,0.0,0,0,0,32,7,2,0,0,1,445,6002,6.11,-2.25,13.25,2,0
2021,QB,Trey Lance,LAC,21,6,66.92,603,5,2,168,1,0,0,0,0,0.0,0,178,1035,17.2,0,0,0,0,0,0,0,0,0,0,0,7.86,6.62,15.53,3,2
2021,TE,Jonnu Smith,,26,15,66.4,0,0,0,40,0,45,28,294,1,62.2,0,526,1038,50.7,0,0,0,0,0,0,0,0,0,0,0,3.14,1.3,8.93,1,0
2021,WR,James Washington,,25,11,65.8,0,0,0,13,0,44,24,285,2,54.5,0,480,1173,40.9,0,0,0,0,0,0,0,0,0,0,0,4.52,1.9,10.88,2,0
2021,TE,Ryan Griffin,,31,14,64.1,0,0,0,0,0,42,27,261,2,64.3,0,583,947,61.6,0,0,0,0,0,0,0,0,0,0,0,3.29,1.35,8.78,1,0
2021,DST,DET Defense,DET,,16,64.0,0,0,0,0,0,0,0,0,0,0.0,0,0,0,0.0,0,0,0,30,11,8,0,0,0,455,6456,4.5,-2.75,9.0,1,0
2021,WR,Damiere Byrd,,28,10,63.9,0,0,0,0,0,38,26,329,1,68.4,1,620,1122,55.3,0,0,0,0,0,0,0,0,0,0,0,4.06,2.68,10.43,1,0
2021,RB,Travis Homer,PIT,23,12,63.8,0,0,0,177,1,20,16,161,0,80.0,0,181,883,20.5,0,0,0,0,0,0,0,0,0,0,0,5.09,1.25,10.6,1,0
2021,WR,Chris Conley,,28,11,63.6,0,0,0,3,0,37,22,323,2,59.5,1,623,1009,61.7,0,0,0,0,0,0,0,0,0,0,0,4.55,2.15,10.73,2,0
2021,RB,Jordan Howard,,26,7,62.5,0,0,0,406,3,5,2,19,0,40.0,0,153,533,28.7,0,0,0,0,0,0,0,0,0,0,0,4.59,5.85,11.68,2,0
2021,TE,Harrison Bryant,,23,12,62.3,0,0,0,0,0,28,21,233,3,75.0,0,402,1042,38.6,0,0,0,0,0,0,0,0,0,0,0,2.68,2.1,8.28,0,0
2021,TE,Adam Trautman,DEN,24,10,62.3,0,0,0,0,0,43,27,263,2,62.8,1,642,893,71.9,0,0,0,0,0,0,0,0,0,0,0,4.47,2.17,10.63,1,0
2021,WR,Ray-Ray McCloud,,24,13,62.2,0,0,0,15,0,66,39,277,0,59.1,1,538,1173,45.9,0,0,0,0,0,0,0,0,0,0,0,4.19,0.63,9.68,1,0
2021,TE,Josiah Deguara,SF,24,12,61.5,0,0,0,0,0,33,25,245,2,75.8,0,367,1051,34.9,0,0,0,0,0,0,0,0,0,0,0,4.17,2.05,9.82,2,0
2021,TE,Hayden Hurst,,28,11,61.1,0,0,0,0,0,31,26,221,3,83.9,1,410,867,47.3,0,0,0,0,0,0,0,0,0,0,0,2.79,2.55,8.55,1,0
2021,K,Ka'imi Fairbairn,HOU,27,10,61.0,0,0,0,0,0,0,0,0,0,0.0,0,0,872,0.0,13,3,15,0,0,0,0,0,0,0,0,4.76,1.5,11.25,1,0
2021,WR,Chester Rogers,,27,14,61.0,0,0,0,9,0,43,30,301,1,69.8,1,464,1116,41.6,0,0,0,0,0,0,0,0,0,0,0,3.25,1.3,8.78,2,0
2021,RB,Damien Williams,,29,9,60.7,0,0,0,164,2,23,16,103,1,69.6,0,166,855,19.4,0,0,0,0,0,0,0,0,0,0,0,5.98,1.58,12.93,3,0
2021,WR,Mack Hollins,NE,27,7,60.3,0,0,0,0,0,28,14,223,4,50.0,0,340,1154,29.5,0,0,0,0,0,0,0,0,0,0,0,3.98,5.95,11.45,3,0
2021,RB,DeeJay Dallas,JAX,22,12,60.1,0,0,0,138,2,23,21,133,0,91.3,0,161,991,16.2,0,0,0,0,0,0,0,0,0,0,0,4.52,0.45,10.25,1,0
2021,TE,Kyle Rudolph,,31,13,59.7,0,0,0,0,0,39,26,257,1,66.7,0,500,1041,48.0,0,0,0,0,0,0,0,0,0,0,0,2.16,2.47,7.38,0,0
2021,RB,Duke Johnson,,27,5,59.1,0,0,0,330,3,5,4,41,0,80.0,0,149,338,44.1,0,0,0,0,0,0,0,0,0,0,0,9.18,8.35,14.33,2,1
2021,TE,Donald Parham,,24,10,59.0,0,0,0,0,0,27,20,190,3,74.1,0,398,974,40.9,0,0,0,0,0,0,0,0,0,0,0,4.28,2.35,10.83,2,0
2021,RB,Giovani Bernard,,29,10,58.1,0,0,0,58,0,29,23,123,3,79.3,0,146,908,16.1,0,0,0,0,0,0,0,0,0,0,0,5.64,1.88,11.23,3,0
2021,K,Riley Patterson,MIA,21,7,58.0,0,0,0,0,0,0,0,0,0,0.0,0,0,438,0.0,16,0,13,0,0,0,0,0,0,0,0,5.03,4.5,12.5,3,0
2021,K,Brett Maher,,31,7,58.0,0,0,0,0,0,0,0,0,0,0.0,0,0,505,0.0,10,2,16,0,0,0,0,0,0,0,0,3.84,5.5,11.5,3,0
2021,WR,Antoine Wesley,,23,7,57.8,0,0,0,0,0,32,19,208,3,59.4,0,459,1172,39.2,0,0,0,0,0,0,0,0,0,0,0,5.32,4.68,11.88,2,0
2021,WR,Rashard Higgins,,26,10,57.5,0,0,0,0,0,47,24,275,1,51.1,0,509,1047,48.6,0,0,0,0,0,0,0,0,0,0,0,3.71,2.43,9.6,3,0
2021,WR,Marquise Goodwin,,30,11,57.2,0,0,0,-1,0,40,20,313,1,50.0,0,393,911,43.1,0,0,0,0,0,0,0,0,0,0,0,5.27,1.53,9.98,1,1
2021,RB,Derrick Gore,,26,8,56.1,0,0,0,256,2,9,8,105,0,88.9,0,115,779,14.8,0,0,0,0,0,0,0,0,0,0,0,5.51,2.38,11.65,3,0
2021,TE,Brevin Jordan,HOU,21,8,55.8,0,0,0,0,0,28,20,178,3,71.4,0,232,796,29.1,0,0,0,0,0,0,0,0,0,0,0,4.79,2.3,11.65,3,0
2021,WR,Chris Moore,BAL,28,8,55.7,0,0,0,0,0,22,21,227,2,95.5,0,240,732,32.8,0,0,0,0,0,0,0,0,0,0,0,6.78,1.9,12.03,2,1
2021,RB,Jaret Patterson,LAC,21,13,54.9,0,0,0,266,2,11,10,73,0,90.9,0,151,1127,13.4,0,0,0,0,0,0,0,0,0,0,0,5.19,0.78,9.53,1,1
2021,WR,Ashton Dulin,IND,24,12,54.5,0,0,0,32,0,22,13,173,2,59.1,0,329,1114,29.5,0,0,0,0,0,0,0,0,0,0,0,3.67,1.4,8.68,1,0
2021,QB,Geno Smith,NYJ,30,4,54.28,702,5,1,42,1,0,0,0,0,0.0,1,203,991,20.5,0,0,0,0,0,0,0,0,0,0,0,5.3,13.57,13.57,3,1
2021,TE,Tommy Tremble,CAR,21,13,53.1,0,0,0,11,1,35,20,180,1,57.1,0,521,1149,45.3,0,0,0,0,0,0,0,0,0,0,0,2.84,1.53,7.55,1,0
2021,TE,Juwan Johnson,NO,24,9,52.9,0,0,0,0,0,22,13,159,4,59.1,0,236,949,24.9,0,0,0,0,0,0,0,0,0,0,0,4.77,2.25,10.05,1,0
2021,TE,Logan Thomas,,30,5,52.6,0,0,0,0,0,25,18,196,3,72.0,1,294,398,73.9,0,0,0,0,0,0,0,0,0,0,0,2.61,9.7,11.63,3,0
2021,QB,Mike White,,26,4,52.02,953,5,8,-1,0,0,0,0,0,0.0,0,211,1005,21.0,0,0,0,0,0,0,0,0,0,0,0,8.83,13.01,13.01,2,1
2021,QB,Drew Lock,SEA,24,6,51.88,787,2,2,53,2,1,1,1,0,100.0,1,234,1081,21.6,0,0,0,0,0,0,0,0,0,0,0,7.85,3.5,12.33,2,1
2021,RB,Tevin Coleman,,28,11,51.5,0,0,0,356,0,16,11,49,0,68.8,0,180,820,22.0,0,0,0,0,0,0,0,0,0,0,0,3.09,1.63,8.02,1,0
2021,TE,Jimmy Graham,,34,9,50.7,0,0,0,0,0,23,14,167,3,60.9,0,263,1122,23.4,0,0,0,0,0,0,0,0,0,0,0,3.56,2.73,9.0,2,0
2021,WR,Isaiah McKenzie,,26,12,50.5,0,0,0,47,1,26,20,178,1,76.9,1,257,1074,23.9,0,0,0,0,0,0,0,0,0,0,0,8.11,-0.35,11.2,1,1
2021,RB,Jeff Wilson,,25,6,50.5,0,0,0,294,2,8,7,31,0,87.5,0,228,643,35.5,0,0,0,0,0,0,0,0,0,0,0,6.62,3.97,11.5,2,0
2021,WR,Tavon Austin,,31,10,50.4,0,0,0,21,0,37,24,213,1,64.9,1,288,819,35.2,0,0,0,0,0,0,0,0,0,0,0,4.73,1.25,10.03,3,0
2021,TE,Robert Tonyan,PIT,27,8,50.4,0,0,0,0,0,29,18,204,2,62.1,0,306,509,60.1,0,0,0,0,0,0,0,0,0,0,0,5.51,2.25,10.35,2,0
2021,TE,James O'Shaughnessy,,29,7,50.4,0,0,0,0,0,34,24,244,0,70.6,0,286,460,62.2,0,0,0,0,0,0,0,0,0,0,0,2.8,5.18,9.4,1,0
2021,RB,Dare Ogunbowale,,27,9,50.1,0,0,0,137,1,21,13,114,1,61.9,0,189,1085,17.4,0,0,0,0,0,0,0,0,0,0,0,5.49,1.48,10.35,2,0
2021,WR,Lil'Jordan Humphrey,DEN,23,7,49.9,0,0,0,0,0,18,13,249,2,72.2,0,216,953,22.7,0,0,0,0,0,0,0,0,0,0,0,3.22,4.83,9.5,1,0
2021,TE,John Bates,WAS,23,11,49.9,0,0,0,0,0,25,20,249,1,80.0,0,519,1127,46.1,0,0,0,0,0,0,0,0,0,0,0,2.94,1.78,7.68,1,0
2021,RB,Chris Evans,,23,9,49.8,0,0,0,77,0,17,15,151,2,88.2,0,95,901,10.5,0,0,0,0,0,0,0,0,0,0,0,5.62,1.58,10.0,2,0
2021,WR,Quintez Cephus,,23,5,49.4,0,0,0,0,0,22,15,204,2,68.2,0,212,351,60.4,0,0,0,0,0,0,0,0,0,0,0,5.04,8.28,11.9,3,0
2021,TE,Will Dissly,,25,12,49.1,0,0,0,0,0,26,21,231,1,80.8,0,512,933,54.9,0,0,0,0,0,0,0,0,0,0,0,2.18,1.8,6.55,0,0
2021,WR,Brandon Zylstra,,28,8,49.0,0,0,0,0,0,25,18,250,1,72.0,0,333,952,35.0,0,0,0,0,0,0,0,0,0,0,0,3.56,3.15,9.1,1,0
2021,WR,Cam Sims,,25,8,48.8,0,0,0,7,0,23,15,211,2,65.2,0,287,996,28.8,0,0,0,0,0,0,0,0,0,0,0,4.63,2.75,9.45,1,0
2021,TE,MyCole Pruitt,,29,10,48.5,0,0,0,0,0,18,14,145,3,77.8,0,479,1116,42.9,0,0,0,0,0,0,0,0,0,0,0,3.2,1.58,8.4,1,0
2021,K,Matt Ammendola,,24,8,48.0,0,0,0,0,0,0,0,0,0,0.0,0,0,751,0.0,14,1,13,0,0,0,0,0,0,0,0,1.58,5.0,7.0,0,0
2021,WR,Tajae Sharpe,,26,12,48.0,0,0,0,0,0,37,25,230,0,67.6,0,510,1006,50.7,0,0,0,0,0,0,0,0,0,0,0,2.93,1.53,7.1,1,0
2021,WR,Albert Wilson,,29,9,48.0,0,0,0,17,0,39,25,213,0,64.1,0,361,1154,31.3,0,0,0,0,0,0,0,0,0,0,0,3.75,2.4,8.48,1,0
2021,RB,Peyton Barber,,27,8,47.9,0,0,0,212,2,13,10,67,0,76.9,0,116,862,13.5,0,0,0,0,0,0,0,0,0,0,0,6.66,1.73,10.25,1,1
2021,RB,Demetric Felton,,23,11,47.5,0,0,0,24,0,21,18,181,2,85.7,0,130,1107,11.7,0,0,0,0,0,0,0,0,0,0,0,3.96,0.9,8.38,2,0
2021,RB,JaMycal Hasty,,24,10,47.5,0,0,0,68,1,29,23,157,0,79.3,1,153,673,22.7,0,0,0,0,0,0,0,0,0,0,0,2.84,2.38,7.23,0,0
2021,RB,Chris Carson,,26,4,47.1,0,0,0,232,3,6,6,29,0,100.0,1,124,282,44.0,0,0,0,0,0,0,0,0,0,0,0,4.73,11.77,11.77,3,0
2021,QB,Josh Johnson,CIN,35,4,46.32,638,5,2,28,0,0,0,0,0,0.0,0,128,499,25.7,0,0,0,0,0,0,0,0,0,0,0,10.57,11.58,11.58,2,1
2021,RB,Phillip Lindsay,,27,14,45.4,0,0,0,249,1,5,4,45,1,80.0,0,159,965,16.5,0,0,0,0,0,0,0,0,0,0,0,3.06,0.23,7.38,0,0
2021,WR,Malik Turner,SF,25,6,44.9,0,0,0,0,0,16,12,149,3,75.0,0,126,1006,12.5,0,0,0,0,0,0,0,0,0,0,0,8.02,1.85,10.4,2,1
2021,WR,Cyril Grayson,,27,3,44.6,0,0,0,14,0,12,10,212,2,83.3,0,127,335,37.9,0,0,0,0,0,0,0,0,0,0,0,3.71,14.87,14.87,3,1
2021,RB,Carlos Hyde,,30,10,43.8,0,0,0,253,1,21,12,65,0,57.1,2,292,827,35.3,0,0,0,0,0,0,0,0,0,0,0,3.75,1.25,8.15,1,0
2021,TE,Marcedes Lewis,,37,11,43.4,0,0,0,0,0,28,23,214,0,82.1,0,478,1116,42.8,0,0,0,0,0,0,0,0,0,0,0,2.5,1.55,6.9,0,0
2021,RB,Matt Breida,,26,7,41.7,0,0,0,125,1,9,7,72,2,77.8,1,81,826,9.8,0,0,0,0,0,0,0,0,0,0,0,6.4,0.88,10.0,2,0
2021,TE,Maxx Williams,,27,4,41.3,0,0,0,0,0,17,16,193,1,94.1,0,221,336,65.8,0,0,0,0,0,0,0,0,0,0,0,6.75,10.33,10.33,2,0
2021,K,Rodrigo Blankenship,,24,5,41.0,0,0,0,0,0,0,0,0,0,0.0,0,0,344,0.0,7,1,11,0,0,0,0,0,0,0,0,3.12,7.25,9.25,1,0
2021,RB,Ty'Son Williams,,24,7,40.9,0,0,0,185,1,12,9,84,0,75.0,0,158,1099,14.4,0,0,0,0,0,0,0,0,0,0,0,6.06,1.7,9.55,2,0
2021,WR,Isaiah Ford,,25,7,40.1,0,0,0,0,0,16,12,161,2,75.0,0,142,891,15.9,0,0,0,0,0,0,0,0,0,0,0,4.01,2.9,8.93,1,0
2021,WR,John Ross,,25,7,40.0,0,0,0,16,0,20,11,224,1,55.0,0,213,785,27.1,0,0,0,0,0,0,0,0,0,0,0,4.76,2.58,8.6,1,0
2021,K,Austin Seibert,,24,6,40.0,0,0,0,0,0,0,0,0,0,0.0,0,0,545,0.0,5,0,10,0,0,0,0,0,0,0,0,5.37,3.25,9.5,2,0
2021,TE,Jordan Akins,,29,10,39.7,0,0,0,3,0,33,24,214,0,72.7,2,327,836,39.1,0,0,0,0,0,0,0,0,0,0,0,3.49,0.68,7.5,1,0
2021,TE,Tyler Kroft,,28,8,39.3,0,0,0,0,0,25,16,173,1,64.0,0,363,706,51.4,0,0,0,0,0,0,0,0,0,0,0,2.57,3.0,6.83,0,0
2021,RB,Salvon Ahmed,CHI,22,11,38.6,0,0,0,149,0,19,12,117,0,63.2,0,170,887,19.2,0,0,0,0,0,0,0,0,0,0,0,1.69,1.78,5.2,0,0
2021,WR,Kendall Hinton,,24,8,38.54,1,0,0,0,0,23,15,175,1,65.2,0,258,1015,25.4,0,0,0,0,0,0,0,0,0,0,0,2.97,2.5,7.14,1,0
2021,TE,Stephen Anderson,,28,10,38.5,0,0,0,0,0,19,16,165,1,84.2,0,345,1196,28.8,0,0,0,0,0,0,0,0,0,0,0,3.62,1.48,6.88,1,0
2021,QB,Colt McCoy,,34,7,38.3,740,3,1,37,0,0,0,0,0,0.0,1,209,1172,17.8,0,0,0,0,0,0,0,0,0,0,0,8.09,-0.11,9.73,2,0
2021,RB,Le'Veon Bell,TB,29,8,38.1,0,0,0,101,2,7,5,30,1,71.4,0,170,587,29.0,0,0,0,0,0,0,0,0,0,0,0,4.24,0.63,8.9,1,0
2021,K,Brian Johnson,,22,7,38.0,0,0,0,0,0,0,0,0,0,0.0,0,0,483,0.0,9,4,10,0,0,0,0,0,0,0,0,3.92,2.75,8.25,1,0
2021,TE,Pharaoh Brown,,27,10,37.1,0,0,0,0,0,34,23,171,0,67.6,1,605,936,64.6,0,0,0,0,0,0,0,0,0,0,0,2.46,2.2,5.57,1,0
2021,K,Eddy Pineiro,SF,25,5,37.0,0,0,0,0,0,0,0,0,0,0.0,0,0,302,0.0,9,1,8,0,0,0,0,0,0,0,0,1.74,6.75,8.0,0,0
2021,TE,Ian Thomas,LV,25,11,36.8,0,0,0,0,0,30,18,188,0,60.0,0,703,1149,61.2,0,0,0,0,0,0,0,0,0,0,0,2.17,1.58,5.98,0,0
2021,RB,Ke'Shawn Vaughn,,24,6,36.6,0,0,0,180,2,8,4,26,0,50.0,0,111,927,12.0,0,0,0,0,0,0,0,0,0,0,0,4.92,2.88,8.57,2,0
2021,WR,Jakeem Grant,,28,8,36.5,0,0,0,33,0,17,11,132,2,64.7,3,148,992,14.9,0,0,0,0,0,0,0,0,0,0,0,7.97,-1.5,10.63,2,0
2021,WR,James Proche,,24,5,36.2,0,0,0,0,0,20,16,202,0,80.0,0,212,1027,20.6,0,0,0,0,0,0,0,0,0,0,0,5.21,5.4,8.6,2,0
2021,RB,Elijhaa Penny,,28,9,35.9,0,0,0,99,1,13,9,30,1,69.2,0,142,1101,12.9,0,0,0,0,0,0,0,0,0,0,0,3.4,0.98,7.35,1,0
2021,RB,Jerick McKinnon,,29,7,35.9,0,0,0,62,0,20,13,107,1,65.0,0,172,931,18.5,0,0,0,0,0,0,0,0,0,0,0,3.76,3.03,6.88,1,0
2021,TE,Zach Gentry,,24,10,35.7,0,0,0,0,0,25,19,167,0,76.0,0,473,1173,40.3,0,0,0,0,0,0,0,0,0,0,0,2.53,1.45,6.23,0,0
2021,TE,Brock Wright,DET,22,6,35.7,0,0,0,0,0,17,12,117,2,70.6,0,301,688,43.8,0,0,0,0,0,0,0,0,0,0,0,4.45,2.95,8.07,2,0
2021,RB,Craig Reynolds,,25,5,35.2,0,0,0,230,0,8,7,52,0,87.5,0,118,317,37.2,0,0,0,0,0,0,0,0,0,0,0,5.02,5.63,8.75,2,0
2021,QB,Mike Glennon,,31,6,34.9,790,4,10,33,1,0,0,0,0,0.0,3,315,1041,30.3,0,0,0,0,0,0,0,0,0,0,0,7.95,1.88,10.42,1,0
2021,WR,JuJu Smith-Schuster,NYG,24,5,34.8,0,0,0,9,1,28,15,129,0,53.6,0,222,322,68.9,0,0,0,0,0,0,0,0,0,0,0,5.51,4.6,8.55,1,0
2021,RB,Royce Freeman,,25,11,34.6,0,0,0,169,0,16,10,77,0,62.5,0,218,1007,21.6,0,0,0,0,0,0,0,0,0,0,0,3.16,1.02,5.65,1,0
2021,WR,Greg Ward,,26,5,34.58,2,0,0,0,0,11,7,95,3,63.6,0,245,1120,21.9,0,0,0,0,0,0,0,0,0,0,0,3.28,5.95,8.32,1,0
2021,WR,Noah Brown,,25,7,34.4,0,0,0,0,0,25,16,184,0,64.0,0,302,916,33.0,0,0,0,0,0,0,0,0,0,0,0,3.23,2.45,7.0,1,0
2021,WR,DJ Chark,,24,3,34.4,0,0,0,0,0,22,7,154,2,31.8,0,169,254,66.5,0,0,0,0,0,0,0,0,0,0,0,6.24,11.47,11.47,2,0
2021,QB,Gardner Minshew,ARI,25,3,33.66,439,4,1,21,0,0,0,0,0,0.0,0,166,870,19.1,0,0,0,0,0,0,0,0,0,0,0,7.68,11.22,11.22,2,0
2021,TE,O.J. Howard,,26,7,33.5,0,0,0,0,0,21,14,135,1,66.7,0,365,1183,30.9,0,0,0,0,0,0,0,0,0,0,0,5.0,2.28,6.88,1,0
2021,WR,Breshad Perriman,,27,5,33.4,0,0,0,-3,0,18,11,167,1,61.1,0,153,721,21.2,0,0,0,0,0,0,0,0,0,0,0,4.04,5.15,7.98,1,0
2021,WR,Anthony Schwartz,,20,6,33.4,0,0,0,39,0,23,10,135,1,43.5,0,295,908,32.5,0,0,0,0,0,0,0,0,0,0,0,3.73,2.98,7.08,1,0
2021,WR,Terrace Marshall,MIA,21,9,32.8,0,0,0,0,0,30,17,138,0,56.7,0,422,884,47.7,0,0,0,0,0,0,0,0,0,0,0,2.3,1.68,5.68,0,0
2021,WR,Mohamed Sanu,,32,7,32.7,0,0,0,0,0,24,15,177,0,62.5,0,240,507,47.3,0,0,0,0,0,0,0,0,0,0,0,2.76,2.42,6.73,0,0
2021,TE,Blake Jarwin,,27,6,32.6,0,0,0,0,0,18,11,96,2,61.1,0,275,585,47.0,0,0,0,0,0,0,0,0,0,0,0,2.41,4.18,6.9,0,0
2021,TE,Eric Ebron,PIT,28,6,32.5,0,0,0,1,1,18,12,84,1,66.7,0,246,553,44.5,0,0,0,0,0,0,0,0,0,0,0,3.48,3.0,6.7,1,0
2021,WR,Parris Campbell,,24,5,32.2,0,0,0,0,0,20,10,162,1,50.0,0,177,382,46.3,0,0,0,0,0,0,0,0,0,0,0,3.71,5.03,7.33,1,0
2021,RB,James White,,29,3,31.2,0,0,0,38,1,14,12,94,0,85.7,0,63,205,30.7,0,0,0,0,0,0,0,0,0,0,0,7.41,10.4,10.4,2,0
2021,RB,Corey Clement,,26,4,30.9,0,0,0,140,0,7,6,29,1,85.7,0,78,1228,6.4,0,0,0,0,0,0,0,0,0,0,0,5.99,7.73,7.73,1,0
2021,WR,KhaDarel Hodge,,26,8,30.7,0,0,0,0,0,27,13,157,0,48.1,0,246,1010,24.4,0,0,0,0,0,0,0,0,0,0,0,3.45,1.85,5.83,1,0
2021,RB,Ty Montgomery,,28,10,29.9,0,0,0,44,0,26,16,95,0,61.5,0,300,949,31.6,0,0,0,0,0,0,0,0,0,0,0,3.46,0.33,6.48,0,0
2021,QB,Tim Boyle,,26,4,29.34,526,3,6,13,0,0,0,0,0,0.0,0,180,486,37.0,0,0,0,0,0,0,0,0,0,0,0,7.34,7.34,7.34,2,0
2021,QB,Case Keenum,CHI,33,4,28.68,462,3,1,22,0,0,0,0,0,0.0,1,174,1107,15.7,0,0,0,0,0,0,0,0,0,0,0,5.53,7.17,7.17,2,0
2021,WR,Ihmir Smith-Marsette,ARI,22,3,28.6,0,0,0,0,0,6,5,116,2,83.3,0,86,655,13.1,0,0,0,0,0,0,0,0,0,0,0,7.34,9.53,9.53,1,0
2021,TE,Nick Vannett,SEA,28,5,28.3,0,0,0,0,0,15,9,133,1,60.0,0,228,505,45.1,0,0,0,0,0,0,0,0,0,0,0,2.61,5.05,6.58,0,0
2021,WR,Dee Eskridge,,24,6,28.3,0,0,0,59,0,20,10,64,1,50.0,0,187,694,26.9,0,0,0,0,0,0,0,0,0,0,0,3.7,2.78,6.18,1,0
2021,RB,Trey Sermon,,22,5,28.3,0,0,0,167,1,4,3,26,0,75.0,0,107,600,17.8,0,0,0,0,0,0,0,0,0,0,0,4.3,4.22,6.9,1,0
2021,WR,Dyami Brown,WAS,21,8,28.1,0,0,0,-4,0,25,12,165,0,48.0,0,335,1057,31.7,0,0,0,0,0,0,0,0,0,0,0,2.64,1.23,5.8,0,0
2021,RB,Eno Benjamin,,22,7,28.0,0,0,0,118,1,7,6,42,0,85.7,0,95,833,11.4,0,0,0,0,0,0,0,0,0,0,0,3.74,1.38,6.2,0,0
2021,TE,N'Keal Harry,,23,9,27.4,0,0,0,0,0,22,12,184,0,54.5,1,326,766,42.6,0,0,0,0,0,0,0,0,0,0,0,2.61,1.08,4.9,0,0
2021,WR,Trent Sherfield,BUF,25,9,25.7,0,0,0,0,0,20,9,87,1,45.0,0,265,1091,24.3,0,0,0,0,0,0,0,0,0,0,0,2.73,1.35,4.6,1,0
2021,RB,Jermar Jefferson,,21,4,25.7,0,0,0,74,2,5,4,23,0,80.0,0,36,647,5.6,0,0,0,0,0,0,0,0,0,0,0,5.18,6.43,6.43,2,0
2021,RB,Adrian Peterson,,36,4,25.6,0,0,0,98,2,4,4,8,0,100.0,0,72,269,26.8,0,0,0,0,0,0,0,0,0,0,0,2.34,6.4,6.4,0,0
2021,WR,Marcus Johnson,,27,5,24.8,0,0,0,-2,0,19,9,160,0,47.4,0,200,457,43.8,0,0,0,0,0,0,0,0,0,0,0,5.89,2.45,6.38,1,0
2021,RB,Godwin Igwebuike,,26,7,24.8,0,0,0,118,1,10,7,60,0,70.0,2,98,1102,8.9,0,0,0,0,0,0,0,0,0,0,0,4.4,0.33,6.15,1,0
2021,WR,Dante Pettis,BUF,25,3,24.34,16,0,0,0,0,16,10,87,1,62.5,0,82,207,39.6,0,0,0,0,0,0,0,0,0,0,0,6.86,8.11,8.11,1,0
2021,WR,Ben Skowronek,PIT,24,5,24.3,0,0,0,0,0,20,11,133,0,55.0,0,178,916,19.4,0,0,0,0,0,0,0,0,0,0,0,2.15,4.03,5.63,0,0
2021,QB,Cooper Rush,ATL,27,3,24.08,422,3,1,-8,0,0,0,0,0,0.0,1,113,1228,9.2,0,0,0,0,0,0,0,0,0,0,0,7.04,8.03,8.03,1,0
2021,RB,Jalen Richard,LV,27,8,23.2,0,0,0,40,0,14,12,72,0,85.7,0,117,801,14.6,0,0,0,0,0,0,0,0,0,0,0,1.55,1.48,4.33,0,0
2021,K,Tristan Vizcaino,,25,6,23.0,0,0,0,0,0,0,0,0,0,0.0,0,0,424,0.0,10,5,6,0,0,0,0,0,0,0,0,3.62,1.5,5.75,0,0
2021,RB,Kene Nwangwu,NYJ,23,6,23.0,0,0,0,61,0,5,4,9,0,80.0,0,29,699,4.1,0,0,0,0,0,0,0,0,0,0,0,2.31,2.35,5.05,0,0
2021,TE,Adam Shaheen,,26,6,23.0,0,0,0,0,0,16,12,110,0,75.0,0,372,870,42.8,0,0,0,0,0,0,0,0,0,0,0,1.86,2.58,4.78,0,0
2021,QB,Joe Flacco,CIN,36,2,22.82,338,3,0,3,0,0,0,0,0,0.0,1,66,1026,6.4,0,0,0,0,0,0,0,0,0,0,0,5.53,11.41,11.41,1,0
2021,RB,Malcolm Brown,,28,6,22.5,0,0,0,125,1,5,3,10,0,60.0,0,129,460,28.0,0,0,0,0,0,0,0,0,0,0,0,2.57,2.33,4.75,0,0
2021,RB,Tony Jones,,23,10,22.1,0,0,0,142,0,8,5,29,0,62.5,0,132,671,19.7,0,0,0,0,0,0,0,0,0,0,0,1.98,0.32,4.28,0,0
2021,TE,Jody Fortson,,25,4,21.7,0,0,0,0,0,5,5,47,2,100.0,0,54,430,12.6,0,0,0,0,0,0,0,0,0,0,0,2.64,5.43,5.43,0,0
2021,TE,Kylen Granson,TEN,23,9,21.6,0,0,0,0,0,15,11,106,0,73.3,0,228,1114,20.5,0,0,0,0,0,0,0,0,0,0,0,1.15,1.38,3.58,0,0
2021,WR,Collin Johnson,,23,5,21.5,0,0,0,0,0,21,11,105,0,52.4,0,223,770,29.0,0,0,0,0,0,0,0,0,0,0,0,3.0,2.85,4.95,1,0
2021,TE,Lee Smith,ATL,33,5,21.5,0,0,0,0,0,11,9,65,1,81.8,0,311,998,31.2,0,0,0,0,0,0,0,0,0,0,0,3.13,2.95,4.95,0,0
2021,WR,Denzel Mims,DAL,23,6,21.3,0,0,0,0,0,23,8,133,0,34.8,0,279,1039,26.9,0,0,0,0,0,0,0,0,0,0,0,1.63,2.75,4.58,0,0
2021,QB,Jordan Love,GB,22,6,21.14,411,2,3,27,0,0,0,0,0,0.0,1,131,1116,11.7,0,0,0,0,0,0,0,0,0,0,0,4.8,0.24,5.43,1,0
2021,RB,Jonathan Williams,,27,5,20.7,0,0,0,79,1,6,4,28,0,66.7,0,55,305,18.0,0,0,0,0,0,0,0,0,0,0,0,3.44,2.55,5.05,1,0
2021,TE,Jacob Hollister,,27,5,20.5,0,0,0,0,0,14,9,55,1,64.3,0,174,519,33.5,0,0,0,0,0,0,0,0,0,0,0,1.8,3.35,4.75,0,0
2021,WR,Trinity Benson,,24,5,20.3,0,0,0,0,0,22,10,103,0,45.5,0,279,614,45.4,0,0,0,0,0,0,0,0,0,0,0,0.79,3.8,4.28,0,0
2021,TE,Jesse James,,27,3,20.2,0,0,0,0,0,8,7,62,1,87.5,0,265,1122,23.6,0,0,0,0,0,0,0,0,0,0,0,4.68,6.73,6.73,1,0
2021,WR,Kristian Wilkerson,,24,1,20.2,0,0,0,0,0,8,4,42,2,50.0,0,67,198,33.8,0,0,0,0,0,0,0,0,0,0,0,0.0,20.2,20.2,1,1
2021,WR,Equanimeous St. Brown,,24,8,20.2,0,0,0,14,0,17,9,98,0,52.9,0,292,860,34.0,0,0,0,0,0,0,0,0,0,0,0,2.34,0.75,4.3,0,0
2021,WR,Scotty Miller,CHI,24,4,20.1,0,0,0,43,1,9,5,38,0,55.6,0,135,613,22.0,0,0,0,0,0,0,0,0,0,0,0,4.27,5.03,5.03,1,0
2021,RB,Qadree Ollison,,24,6,19.7,0,0,0,105,1,6,4,12,0,66.7,1,69,416,16.6,0,0,0,0,0,0,0,0,0,0,0,2.72,1.6,4.63,0,0
2021,WR,Jeff Smith,,24,6,19.2,0,0,0,-1,0,17,8,113,0,47.1,0,218,1047,20.8,0,0,0,0,0,0,0,0,0,0,0,1.98,1.92,4.03,0,0
2021,TE,Drew Sample,CIN,25,7,19.1,0,0,0,0,0,15,11,81,0,73.3,0,459,1100,41.7,0,0,0,0,0,0,0,0,0,0,0,1.71,1.68,3.7,0,0
2021,TE,Chris Manhertz,NYG,29,6,19.1,0,0,0,0,0,9,6,71,1,66.7,0,391,1085,36.0,0,0,0,0,0,0,0,0,0,0,0,2.69,1.95,3.88,0,0
2021,K,Aldrick Rosas,,26,5,19.0,0,0,0,0,0,0,0,0,0,0.0,0,0,284,0.0,14,0,2,0,0,0,0,0,0,0,0,2.93,2.5,4.5,0,0
2021,RB,Austin Walter,,25,4,19.0,0,0,0,101,1,3,2,9,0,66.7,0,55,258,21.3,0,0,0,0,0,0,0,0,0,0,0,3.2,4.75,4.75,0,0
2021,K,Lirim Hajrullahu,,31,4,19.0,0,0,0,0,0,0,0,0,0,0.0,0,0,280,0.0,8,0,4,0,0,0,0,0,0,0,0,1.09,4.75,4.75,0,0
2021,WR,Kenny Stills,,29,4,18.9,0,0,0,1,0,23,6,68,1,26.1,0,274,851,32.2,0,0,0,0,0,0,0,0,0,0,0,3.72,4.72,4.72,1,0
2021,TE,Eric Saubert,SEA,27,6,18.7,0,0,0,0,0,12,8,47,1,66.7,0,290,1081,26.8,0,0,0,0,0,0,0,0,0,0,0,2.25,1.58,3.95,0,0
2021,TE,Blake Bell,,30,9,18.7,0,0,0,10,0,13,9,87,0,69.2,0,322,1113,28.9,0,0,0,0,0,0,0,0,0,0,0,1.81,0.88,3.4,0,0
2021,WR,Tom Kennedy,DET,25,4,18.4,75,1,0,0,0,10,6,54,0,60.0,0,149,939,15.9,0,0,0,0,0,0,0,0,0,0,0,3.53,4.6,4.6,1,0
2021,TE,Tommy Sweeney,,26,5,18.4,0,0,0,0,0,12,9,44,1,75.0,0,267,883,30.2,0,0,0,0,0,0,0,0,0,0,0,2.4,2.83,4.33,0,0
2021,QB,Mason Rudolph,PIT,26,2,18.38,277,1,1,53,0,0,0,0,0,0.0,0,97,1173,8.3,0,0,0,0,0,0,0,0,0,0,0,6.09,9.19,9.19,1,0
2021,WR,Phillip Dorsett,LV,28,4,18.0,0,0,0,0,0,14,7,110,0,50.0,0,96,406,23.6,0,0,0,0,0,0,0,0,0,0,0,3.01,4.5,4.5,0,0
2021,RB,J.J. Taylor,,23,5,17.5,0,0,0,37,2,4,4,8,0,100.0,1,52,579,9.0,0,0,0,0,0,0,0,0,0,0,0,6.22,0.48,4.88,1,0
2021,RB,Patrick Taylor,SF,23,4,17.2,0,0,0,89,1,2,2,3,0,100.0,0,63,525,12.0,0,0,0,0,0,0,0,0,0,0,0,5.38,4.3,4.3,1,0
2021,TE,Noah Gray,KC,22,6,16.6,0,0,0,0,0,10,7,36,1,70.0,0,289,1195,24.2,0,0,0,0,0,0,0,0,0,0,0,2.03,1.58,3.43,0,0
2021,WR,Shi Smith,,22,4,16.1,0,0,0,-3,0,11,6,104,0,54.5,0,85,684,12.4,0,0,0,0,0,0,0,0,0,0,0,4.65,4.03,4.03,1,0
2021,TE,Jesper Horsted,,24,2,16.1,0,0,0,0,0,3,2,21,2,66.7,0,6,715,0.8,0,0,0,0,0,0,0,0,0,0,0,0.85,8.05,8.05,0,0
2021,RB,Joshua Kelley,,23,8,16.0,0,0,0,102,0,6,5,38,0,83.3,1,139,908,15.3,0,0,0,0,0,0,0,0,0,0,0,1.77,0.52,3.47,0,0
2021,WR,Dez Fitzpatrick,,23,3,15.9,0,0,0,0,0,8,5,49,1,62.5,0,99,409,24.2,0,0,0,0,0,0,0,0,0,0,0,5.12,5.3,5.3,1,0
2021,QB,Nick Foles,,32,1,15.8,250,1,0,8,0,0,0,0,0,0.0,0,74,670,11.0,0,0,0,0,0,0,0,0,0,0,0,0.0,15.8,15.8,1,0
2021,TE,Antony Auclair,,28,4,15.7,0,0,0,0,0,5,5,47,1,100.0,0,316,1066,29.6,0,0,0,0,0,0,0,0,0,0,0,2.64,3.93,3.93,0,0
2021,RB,Larry Rountree,,22,8,15.6,0,0,0,87,1,2,1,-1,0,50.0,0,107,905,11.8,0,0,0,0,0,0,0,0,0,0,0,2.17,0.43,3.48,0,0
2021,TE,Ross Dwelley,,26,3,15.1,0,0,0,0,0,5,4,51,1,80.0,0,195,1091,17.9,0,0,0,0,0,0,0,0,0,0,0,3.13,5.03,5.03,0,0
2021,K,Ryan Santoso,,26,4,15.0,0,0,0,0,0,0,0,0,0,0.0,0,0,334,0.0,6,2,4,0,0,0,0,0,0,0,0,1.79,3.75,3.75,0,0
2021,K,Elliott Fry,,26,2,15.0,0,0,0,0,0,0,0,0,0,0.0,0,0,123,0.0,4,1,4,0,0,0,0,0,0,0,0,3.5,7.5,7.5,1,0
2021,WR,Dede Westbrook,,27,7,14.8,0,0,0,0,0,15,10,68,0,66.7,0,211,1075,19.6,0,0,0,0,0,0,0,0,0,0,0,1.3,1.25,2.98,0,0
2021,TE,Josh Oliver,MIN,24,7,14.6,0,0,0,0,0,15,9,66,0,60.0,0,155,1161,13.4,0,0,0,0,0,0,0,0,0,0,0,1.44,1.13,2.93,0,0
2021,WR,Anthony Miller,,26,3,14.5,0,0,0,0,0,12,6,25,1,50.0,0,95,245,38.8,0,0,0,0,0,0,0,0,0,0,0,5.07,4.83,4.83,1,0
2021,WR,Dax Milne,,22,8,14.4,0,0,0,1,0,14,9,83,0,64.3,1,163,908,18.0,0,0,0,0,0,0,0,0,0,0,0,1.11,0.9,2.7,0,0
2021,WR,Josh Gordon,,30,4,14.2,0,0,0,0,0,14,5,32,1,35.7,0,219,861,25.4,0,0,0,0,0,0,0,0,0,0,0,3.1,3.55,3.55,0,0
2021,WR,Chris Hogan,,33,3,14.1,0,0,0,0,0,8,4,41,1,50.0,0,68,292,23.3,0,0,0,0,0,0,0,0,0,0,0,2.36,4.7,4.7,0,0
2021,TE,Chris Herndon,,25,4,14.0,0,0,0,0,0,7,4,40,1,57.1,0,184,1141,16.1,0,0,0,0,0,0,0,0,0,0,0,2.17,3.5,3.5,0,0
2021,QB,Marcus Mariota,WAS,27,7,13.86,4,0,0,87,1,0,0,0,0,0.0,0,24,867,2.8,0,0,0,0,0,0,0,0,0,0,0,2.08,0.48,3.14,0,0
2021,WR,Preston Williams,,24,4,13.8,0,0,0,7,0,16,6,71,0,37.5,0,175,818,21.4,0,0,0,0,0,0,0,0,0,0,0,3.61,3.45,3.45,0,0
2021,QB,P.J. Walker,,26,5,13.78,362,1,3,13,0,0,0,0,0,0.0,1,126,1007,12.5,0,0,0,0,0,0,0,0,0,0,0,1.65,2.32,3.47,0,0
2021,RB,Wayne Gallman,,26,6,13.5,0,0,0,104,0,3,1,21,0,33.3,0,46,627,7.3,0,0,0,0,0,0,0,0,0,0,0,3.05,0.5,3.4,0,0
2021,RB,Benny Snell,,23,12,13.1,0,0,0,98,0,4,2,13,0,50.0,0,48,229,21.0,0,0,0,0,0,0,0,0,0,0,0,1.06,0.13,2.38,0,0
2021,QB,Sean Mannion,,29,1,12.96,189,1,0,14,0,0,0,0,0,0.0,0,51,1141,4.5,0,0,0,0,0,0,0,0,0,0,0,0.0,12.96,12.96,1,0
2021,RB,Marlon Mack,,25,5,12.9,0,0,0,101,0,5,2,8,0,40.0,0,59,540,10.9,0,0,0,0,0,0,0,0,0,0,0,2.13,1.63,3.13,0,0
2021,WR,Penny Hart,,25,6,12.9,0,0,0,0,0,12,7,59,0,58.3,0,142,991,14.3,0,0,0,0,0,0,0,0,0,0,0,0.94,1.6,2.6,0,0
2021,WR,Auden Tate,,24,3,12.9,0,0,0,0,0,4,3,39,1,75.0,0,115,431,26.7,0,0,0,0,0,0,0,0,0,0,0,2.41,4.3,4.3,0,0
2021,QB,Brandon Allen,NYG,28,4,12.86,149,2,0,-1,0,0,0,0,0,0.0,0,92,1100,8.4,0,0,0,0,0,0,0,0,0,0,0,3.57,3.22,3.22,0,0
2021,TE,Sean McKeon,IND,23,3,12.7,0,0,0,0,0,6,4,27,1,66.7,0,119,620,19.2,0,0,0,0,0,0,0,0,0,0,0,2.82,4.23,4.23,0,0
2021,RB,Ryquell Armstead,,24,2,12.6,0,0,0,80,0,4,3,16,0,75.0,0,34,115,29.6,0,0,0,0,0,0,0,0,0,0,0,1.9,6.3,6.3,0,0
2021,WR,KJ Hamler,,22,3,12.4,0,0,0,0,0,10,5,74,0,50.0,0,88,202,43.6,0,0,0,0,0,0,0,0,0,0,0,2.3,4.13,4.13,0,0
2021,QB,Brian Hoyer,,35,5,12.28,227,1,0,-8,0,0,0,0,0,0.0,0,41,1105,3.7,0,0,0,0,0,0,0,0,0,0,0,2.71,1.27,3.15,0,0
2021,K,Dominik Eberle,,25,1,12.0,0,0,0,0,0,0,0,0,0,0.0,0,0,135,0.0,5,0,2,0,0,0,0,0,0,0,0,0.0,12.0,12.0,1,0
2021,QB,Jake Fromm,,23,3,11.9,210,1,3,65,0,0,0,0,0,0.0,1,113,514,22.0,0,0,0,0,0,0,0,0,0,0,0,3.39,3.97,3.97,0,0
2021,TE,Luke Farrell,SF,23,7,11.6,0,0,0,0,0,11,7,56,0,63.6,0,254,942,27.0,0,0,0,0,0,0,0,0,0,0,0,0.9,1.13,2.2,0,0
2021,WR,Jaelon Darden,,22,5,11.4,0,0,0,11,0,12,6,43,0,50.0,0,89,910,9.8,0,0,0,0,0,0,0,0,0,0,0,1.41,1.83,2.6,0,0
2021,WR,Mike Thomas,,27,6,11.2,0,0,0,0,0,11,5,52,0,45.5,0,0,0,0.0,0,0,0,0,0,0,0,0,0,0,0,0.75,1.43,2.3,0,0
2021,TE,Tyree Jackson,,23,1,11.2,0,0,0,0,0,7,3,22,1,42.9,0,171,606,28.2,0,0,0,0,0,0,0,0,0,0,0,0.0,11.2,11.2,1,0
2021,WR,Cameron Batson,,25,3,11.0,0,0,0,15,0,5,2,15,1,40.0,0,62,285,21.8,0,0,0,0,0,0,0,0,0,0,0,2.52,3.67,3.67,0,0
2021,TE,Chris Myarick,,25,2,10.7,0,0,0,0,0,6,3,17,1,50.0,0,93,516,18.0,0,0,0,0,0,0,0,0,0,0,0,3.75,5.35,5.35,0,0
2021,RB,Jonathan Ward,,23,7,10.7,0,0,0,33,0,4,3,34,0,75.0,0,46,964,4.8,0,0,0,0,0,0,0,0,0,0,0,1.06,0.8,2.17,0,0
2021,TE,Tre' McKitty,,22,4,10.5,0,0,0,0,0,8,6,45,0,75.0,0,237,988,24.0,0,0,0,0,0,0,0,0,0,0,0,1.51,2.63,2.63,0,0
2021,WR,Ja'Marcus Bradley,,24,2,10.4,0,0,0,0,0,4,4,64,0,100.0,0,79,327,24.2,0,0,0,0,0,0,0,0,0,0,0,1.4,5.2,5.2,0,0
2021,TE,Charlie Woerner,ATL,23,4,10.2,0,0,0,0,0,6,5,52,0,83.3,0,249,1091,22.8,0,0,0,0,0,0,0,0,0,0,0,1.44,2.55,2.55,0,0
2021,WR,Dezmon Patmon,,23,2,10.1,0,0,0,0,0,4,2,21,1,50.0,0,64,517,12.4,0,0,0,0,0,0,0,0,0,0,0,3.35,5.05,5.05,0,0
2021,QB,Nick Mullens,JAX,26,1,9.88,147,1,0,0,0,0,0,0,0,0.0,0,56,264,21.2,0,0,0,0,0,0,0,0,0,0,0,0.0,9.88,9.88,0,0
2021,WR,Juwann Winfree,,24,3,9.8,0,0,0,0,0,13,8,58,0,61.5,1,143,455,31.4,0,0,0,0,0,0,0,0,0,0,0,1.95,3.27,3.27,0,0
2021,RB,Rodney Smith,,25,1,9.8,0,0,0,0,0,5,5,48,0,100.0,0,37,399,9.3,0,0,0,0,0,0,0,0,0,0,0,0.0,9.8,9.8,0,0
2021,WR,Curtis Samuel,,25,4,9.8,0,0,0,11,0,9,6,27,0,66.7,0,84,369,22.8,0,0,0,0,0,0,0,0,0,0,0,2.08,2.45,2.45,0,0
2021,WR,C.J. Board,,27,4,9.7,0,0,0,6,0,6,4,51,0,66.7,0,80,406,19.7,0,0,0,0,0,0,0,0,0,0,0,1.56,2.42,2.42,0,0
2021,TE,Parker Hesse,,26,3,9.3,0,0,0,0,0,6,5,43,0,83.3,0,123,624,19.7,0,0,0,0,0,0,0,0,0,0,0,2.12,3.1,3.1,0,0
2021,QB,Mitchell Trubisky,TEN,27,5,9.12,43,0,1,24,1,0,0,0,0,0.0,0,33,1198,2.8,0,0,0,0,0,0,0,0,0,0,0,2.86,0.45,2.34,0,0
2021,RB,Deon Jackson,,22,2,9.1,0,0,0,31,1,0,0,0,0,0.0,0,16,590,2.7,0,0,0,0,0,0,0,0,0,0,0,3.35,4.55,4.55,0,0
2021,RB,JaQuan Hardy,,23,2,8.9,0,0,0,29,1,0,0,0,0,0.0,0,8,355,2.3,0,0,0,0,0,0,0,0,0,0,0,4.15,4.45,4.45,0,0
2021,RB,Wendell Smallwood,WAS,27,2,8.7,0,0,0,25,0,5,4,22,0,80.0,0,21,245,8.6,0,0,0,0,0,0,0,0,0,0,0,0.15,4.35,4.35,0,0
2021,WR,William Fuller,,27,2,8.6,0,0,0,0,0,8,4,26,0,50.0,0,65,135,48.1,0,0,0,0,0,0,0,0,0,0,0,2.7,4.3,4.3,0,0
2021,WR,Jason Moore,,26,1,8.6,0,0,0,0,0,4,3,56,0,75.0,0,53,133,39.8,0,0,0,0,0,0,0,0,0,0,0,0.0,8.6,8.6,0,0
2021,WR,Alex Erickson,,28,3,8.5,0,0,0,0,0,4,3,55,0,75.0,0,59,1149,5.1,0,0,0,0,0,0,0,0,0,0,0,0.5,2.83,2.83,0,0
2021,TE,Darren Fells,TB,35,3,8.3,0,0,0,0,0,5,4,43,0,80.0,0,164,591,27.7,0,0,0,0,0,0,0,0,0,0,0,1.94,2.77,2.77,0,0
2021,TE,Colby Parkinson,LAR,22,4,8.3,0,0,0,0,0,8,5,33,0,62.5,0,187,830,22.5,0,0,0,0,0,0,0,0,0,0,0,0.86,2.08,2.08,0,0
2021,WR,Cody White,SEA,22,2,8.3,0,0,0,0,0,6,5,33,0,83.3,0,77,1059,7.3,0,0,0,0,0,0,0,0,0,0,0,0.45,4.15,4.15,0,0
2021,K,Chris Blewitt,,26,2,8.0,0,0,0,0,0,0,0,0,0,0.0,0,0,142,0.0,2,0,2,0,0,0,0,0,0,0,0,0.0,4.0,4.0,0,0
2021,WR,Willie Snead,,28,4,7.8,0,0,0,0,0,8,4,38,0,50.0,0,56,616,9.1,0,0,0,0,0,0,0,0,0,0,0,0.51,1.95,1.95,0,0
2021,RB,Mike Boone,,26,2,7.7,0,0,0,35,0,2,2,22,0,100.0,0,25,650,3.8,0,0,0,0,0,0,0,0,0,0,0,2.55,3.85,3.85,0,0
2021,WR,Amari Rodgers,,21,5,7.6,0,0,0,11,0,8,4,45,0,50.0,0,103,1116,9.2,0,0,0,0,0,0,0,0,0,0,0,1.35,1.18,2.15,0,0
2021,TE,Tyler Davis,,24,3,7.5,0,0,0,0,0,5,4,35,0,80.0,0,121,859,14.1,0,0,0,0,0,0,0,0,0,0,0,0.79,2.5,2.5,0,0
2021,WR,Cody Hollister,,27,3,7.3,0,0,0,0,0,7,4,33,0,57.1,0,147,214,68.7,0,0,0,0,0,0,0,0,0,0,0,1.25,2.43,2.43,0,0
2021,WR,Greg Dortch,DET,23,2,6.9,0,0,0,24,0,3,3,15,0,100.0,0,34,342,9.9,0,0,0,0,0,0,0,0,0,0,0,0.95,3.45,3.45,0,0
2021,QB,Kyle Allen,BUF,25,2,6.9,120,1,0,11,0,0,0,0,0,0.0,1,37,1072,3.5,0,0,0,0,0,0,0,0,0,0,0,3.23,3.45,3.45,0,0
2021,TE,Garrett Griffin,,27,2,6.9,0,0,0,0,0,4,4,39,0,100.0,0,235,847,27.7,0,0,0,0,0,0,0,0,0,0,0,2.55,3.45,3.45,0,0
2021,QB,Garrett Gilbert,,30,1,6.76,194,0,0,0,0,0,0,0,0,0.0,0,55,55,100.0,0,0,0,0,0,0,0,0,0,0,0,0.0,6.76,6.76,0,0
2021,TE,Kendall Blanton,,25,3,6.7,0,0,0,0,0,7,4,37,0,57.1,0,148,712,20.8,0,0,0,0,0,0,0,0,0,0,0,1.9,2.23,2.23,0,0
2021,WR,J.J. Arcega-Whiteside,,24,3,6.6,0,0,0,0,0,5,2,36,0,40.0,0,170,1063,16.0,0,0,0,0,0,0,0,0,0,0,0,0.94,2.2,2.2,0,0
2021,WR,Pharoh Cooper,,26,4,6.6,0,0,0,3,0,11,4,33,0,36.4,0,148,503,29.4,0,0,0,0,0,0,0,0,0,0,0,1.81,1.65,1.65,0,0
2021,WR,D.J. Montgomery,,24,1,6.6,0,0,0,0,0,6,3,36,0,50.0,0,50,185,27.0,0,0,0,0,0,0,0,0,0,0,0,0.0,6.6,6.6,0,0
2021,WR,Christian Blake,,25,3,6.5,0,0,0,0,0,9,4,25,0,44.4,0,110,998,11.0,0,0,0,0,0,0,0,0,0,0,0,0.74,2.17,2.17,0,0
2021,RB,Trayveon Williams,,23,2,6.5,0,0,0,51,0,2,1,4,0,50.0,0,36,325,11.1,0,0,0,0,0,0,0,0,0,0,0,1.95,3.25,3.25,0,0
2021,TE,Trevon Wesco,,25,2,6.5,0,0,0,0,0,5,3,35,0,60.0,0,177,903,19.6,0,0,0,0,0,0,0,0,0,0,0,0.35,3.25,3.25,0,0
2021,RB,Kalen Ballage,,25,5,6.4,0,0,0,36,0,7,2,8,0,28.6,0,65,1173,5.5,0,0,0,0,0,0,0,0,0,0,0,1.37,0.68,1.68,0,0
2021,RB,Ito Smith,DAL,25,1,6.4,0,0,0,4,1,0,0,0,0,0.0,0,5,62,8.1,0,0,0,0,0,0,0,0,0,0,0,0.0,6.4,6.4,0,0
2021,TE,Dominique Dafney,,24,3,6.4,0,0,0,0,0,4,2,34,0,50.0,0,167,666,25.1,0,0,0,0,0,0,0,0,0,0,0,1.09,2.13,2.13,0,0
2021,TE,Shane Zylstra,BUF,24,2,6.4,0,0,0,0,0,7,3,34,0,42.9,0,82,263,31.2,0,0,0,0,0,0,0,0,0,0,0,0.6,3.2,3.2,0,0
2021,TE,Kaden Smith,,24,2,6.3,0,0,0,0,0,3,3,33,0,100.0,0,192,654,29.4,0,0,0,0,0,0,0,0,0,0,0,1.25,3.15,3.15,0,0
2021,TE,Jack Stoll,CLE,23,3,6.2,0,0,0,0,0,5,4,22,0,80.0,0,331,1120,29.6,0,0,0,0,0,0,0,0,0,0,0,0.39,2.07,2.07,0,0
2021,TE,Jeremy Sprinkle,,27,2,6.1,0,0,0,0,0,3,3,31,0,100.0,0,184,1228,15.0,0,0,0,0,0,0,0,0,0,0,0,1.05,3.05,3.05,0,0
2021,WR,Trent Taylor,,27,1,6.1,0,0,0,0,0,3,2,41,0,66.7,0,33,253,13.0,0,0,0,0,0,0,0,0,0,0,0,0.0,6.1,6.1,0,0
2021,TE,Tommy Hudson,,24,3,6.1,0,0,0,0,0,6,3,31,0,50.0,0,65,400,16.3,0,0,0,0,0,0,0,0,0,0,0,0.52,2.03,2.03,0,0
2021,WR,KJ Hill,LAC,23,1,6.0,0,0,0,0,0,3,3,30,0,100.0,0,14,424,3.3,0,0,0,0,0,0,0,0,0,0,0,0.0,6.0,6.0,0,0
2021,WR,Brandon Powell,,25,1,6.0,0,0,0,0,0,0,0,0,0,0.0,0,3,385,0.8,0,0,0,0,0,0,0,0,0,0,0,0.0,6.0,6.0,0,0
2021,WR,Kevin White,,29,2,5.8,0,0,0,0,0,5,1,38,0,20.0,0,54,420,12.9,0,0,0,0,0,0,0,0,0,0,0,1.9,2.9,2.9,0,0
2021,RB,Reggie Gilliam,NE,24,4,5.6,0,0,0,3,0,5,3,23,0,60.0,0,155,1140,13.6,0,0,0,0,0,0,0,0,0,0,0,0.7,1.4,1.4,0,0
2021,TE,Kenny Yeboah,ARI,22,1,5.6,0,0,0,0,0,3,2,36,0,66.7,0,54,633,8.5,0,0,0,0,0,0,0,0,0,0,0,0.0,5.6,5.6,0,0
2021,WR,Andre Roberts,,33,7,5.4,0,0,0,19,0,2,1,35,0,50.0,2,33,1147,2.9,0,0,0,0,0,0,0,0,0,0,0,2.55,-0.75,2.25,0,0
2021,WR,Trenton Irwin,SF,25,2,5.4,0,0,0,0,0,5,2,34,0,40.0,0,83,563,14.7,0,0,0,0,0,0,0,0,0,0,0,0.8,2.7,2.7,0,0
2021,RB,Jaylen Samuels,,25,2,5.3,0,0,0,9,0,4,3,14,0,75.0,0,18,327,5.5,0,0,0,0,0,0,0,0,0,0,0,2.45,2.65,2.65,0,0
2021,RB,Patrick Laird,,26,3,5.1,0,0,0,4,0,3,3,17,0,100.0,0,58,428,13.6,0,0,0,0,0,0,0,0,0,0,0,0.36,1.7,1.7,0,0
2021,RB,Jason Huntley,,23,1,5.1,0,0,0,51,0,1,0,0,0,0.0,0,31,269,11.5,0,0,0,0,0,0,0,0,0,0,0,0.0,5.1,5.1,0,0
2021,TE,Daniel Brown,,29,1,4.9,0,0,0,0,0,2,2,29,0,100.0,0,38,773,4.9,0,0,0,0,0,0,0,0,0,0,0,0.0,4.9,4.9,0,0
2021,WR,Jake Kumerow,,29,2,4.8,0,0,0,0,0,6,2,28,0,33.3,0,116,1142,10.2,0,0,0,0,0,0,0,0,0,0,0,0.1,2.4,2.4,0,0
2021,RB,Dwayne Washington,,27,3,4.8,0,0,0,16,0,2,2,12,0,100.0,0,15,940,1.6,0,0,0,0,0,0,0,0,0,0,0,0.57,1.6,1.6,0,0
2021,WR,Keith Kirkwood,,26,1,4.7,0,0,0,0,0,7,3,17,0,42.9,0,74,210,35.2,0,0,0,0,0,0,0,0,0,0,0,0.0,4.7,4.7,0,0
2021,TE,Mitchell Wilcox,,24,1,4.6,0,0,0,0,0,5,3,16,0,60.0,0,84,1032,8.1,0,0,0,0,0,0,0,0,0,0,0,0.0,4.6,4.6,0,0
2021,WR,Tyron Billy-Johnson,,25,3,4.6,0,0,0,0,0,5,2,16,0,40.0,0,69,810,8.5,0,0,0,0,0,0,0,0,0,0,0,0.41,1.53,1.53,0,0
2021,WR,Michael Strachan,,24,1,4.6,0,0,0,0,0,3,2,26,0,66.7,0,62,474,13.1,0,0,0,0,0,0,0,0,0,0,0,0.0,4.6,4.6,0,0
2021,WR,Marcus Kemp,,26,2,4.4,0,0,0,0,0,5,2,24,0,40.0,0,75,1195,6.3,0,0,0,0,0,0,0,0,0,0,0,0.4,2.2,2.2,0,0
2021,WR,Seth Williams,,21,1,4.4,0,0,0,0,0,1,1,34,0,100.0,0,49,189,25.9,0,0,0,0,0,0,0,0,0,0,0,0.0,4.4,4.4,0,0
2021,RB,Cam Akers,,22,1,4.3,0,0,0,3,0,3,3,10,0,100.0,0,13,65,20.0,0,0,0,0,0,0,0,0,0,0,0,0.0,4.3,4.3,0,0
2021,WR,Dazz Newsome,,22,2,4.3,0,0,0,0,0,5,2,23,0,40.0,0,103,229,45.0,0,0,0,0,0,0,0,0,0,0,0,0.15,2.15,2.15,0,0
2021,WR,Tylan Wallace,CLE,22,2,4.3,0,0,0,0,0,6,2,23,0,33.3,0,84,1242,6.8,0,0,0,0,0,0,0,0,0,0,0,0.65,2.15,2.15,0,0
2021,RB,Scottie Phillips,,23,2,4.2,0,0,0,13,0,3,2,9,0,66.7,0,19,291,6.5,0,0,0,0,0,0,0,0,0,0,0,1.9,2.1,2.1,0,0
2021,TE,Demetrius Harris,,30,2,4.0,0,0,0,0,0,6,3,10,0,50.0,0,210,1020,20.6,0,0,0,0,0,0,0,0,0,0,0,0.7,2.0,2.0,0,0
2021,QB,Ian Book,,23,1,4.0,135,0,2,6,0,0,0,0,0,0.0,0,50,381,13.1,0,0,0,0,0,0,0,0,0,0,0,0.0,4.0,4.0,0,0
2021,RB,Kylin Hill,,23,4,3.9,0,0,0,24,0,2,1,5,0,50.0,0,26,509,5.1,0,0,0,0,0,0,0,0,0,0,0,0.52,0.98,0.98,0,0
2021,RB,Darrynton Evans,,23,1,3.8,0,0,0,7,0,2,2,11,0,100.0,0,6,68,8.8,0,0,0,0,0,0,0,0,0,0,0,0.0,3.8,3.8,0,0
2021,WR,David Sills,TB,25,2,3.7,0,0,0,0,0,6,2,17,0,33.3,0,98,264,37.1,0,0,0,0,0,0,0,0,0,0,0,0.35,1.85,1.85,0,0
2021,RB,Reggie Bonnafon,,25,1,3.6,0,0,0,4,0,2,2,12,0,100.0,0,14,343,4.1,0,0,0,0,0,0,0,0,0,0,0,0.0,3.6,3.6,0,0
2021,TE,Cethan Carter,,25,2,3.6,0,0,0,0,0,2,2,16,0,100.0,0,52,1154,4.5,0,0,0,0,0,0,0,0,0,0,0,0.0,1.8,1.8,0,0
2021,RB,Trey Ragas,,24,1,3.5,0,0,0,9,0,2,2,6,0,100.0,0,9,298,3.0,0,0,0,0,0,0,0,0,0,0,0,0.0,3.5,3.5,0,0
2021,WR,Stanley Morgan,,24,2,3.4,0,0,0,3,0,4,2,11,0,50.0,0,135,1100,12.3,0,0,0,0,0,0,0,0,0,0,0,0.4,1.7,1.7,0,0
2021,WR,Tyrell Williams,,29,1,3.4,0,0,0,0,0,3,2,14,0,66.7,0,39,92,42.4,0,0,0,0,0,0,0,0,0,0,0,0.0,3.4,3.4,0,0
2021,WR,Frank Darby,,23,2,3.4,0,0,0,0,0,4,1,14,0,25.0,0,20,795,2.5,0,0,0,0,0,0,0,0,0,0,0,0.7,1.7,1.7,0,0
2021,TE,Derek Carrier,,31,1,3.3,0,0,0,0,0,2,2,13,0,100.0,0,45,372,12.1,0,0,0,0,0,0,0,0,0,0,0,0.0,3.3,3.3,0,0
2021,TE,Luke Stocker,,33,2,3.2,0,0,0,0,0,2,2,12,0,100.0,0,154,788,19.5,0,0,0,0,0,0,0,0,0,0,0,0.1,1.6,1.6,0,0
2021,RB,La'Mical Perine,,23,2,3.1,0,0,0,31,0,0,0,0,0,0.0,0,24,463,5.2,0,0,0,0,0,0,0,0,0,0,0,1.25,1.55,1.55,0,0
2021,TE,Richard Rodgers,,29,1,3.1,0,0,0,0,0,2,2,11,0,100.0,0,69,208,33.2,0,0,0,0,0,0,0,0,0,0,0,0.0,3.1,3.1,0,0
2021,WR,C.J. Saunders,,24,1,3.1,0,0,0,0,0,2,2,11,0,100.0,0,15,72,20.8,0,0,0,0,0,0,0,0,0,0,0,0.0,3.1,3.1,0,0
2021,K,Chris Naggar,,23,1,3.0,0,0,0,0,0,0,0,0,0,0.0,0,0,68,0.0,1,1,1,0,0,0,0,0,0,0,0,0.0,3.0,3.0,0,0
2021,TE,Kevin Rader,,26,2,2.8,0,0,0,0,0,3,2,8,0,66.7,0,36,522,6.9,0,0,0,0,0,0,0,0,0,0,0,0.3,1.4,1.4,0,0
2021,TE,Ethan Wolf,,25,1,2.8,0,0,0,0,0,2,2,8,0,100.0,0,20,180,11.1,0,0,0,0,0,0,0,0,0,0,0,0.0,2.8,2.8,0,0
2021,WR,Davion Davis,,24,1,2.7,0,0,0,0,0,3,1,17,0,33.3,0,21,192,10.9,0,0,0,0,0,0,0,0,0,0,0,0.0,2.7,2.7,0,0
2021,RB,Anthony McFarland,,22,2,2.4,0,0,0,3,0,1,1,11,0,100.0,0,19,358,5.3,0,0,0,0,0,0,0,0,0,0,0,1.1,1.2,1.2,0,0
2021,WR,Andy Isabella,,24,1,2.3,0,0,0,0,0,1,1,13,0,100.0,0,30,859,3.5,0,0,0,0,0,0,0,0,0,0,0,0.0,2.3,2.3,0,0
2021,WR,Kirk Merritt,,24,1,2.3,0,0,0,0,0,3,1,13,0,33.3,0,11,207,5.3,0,0,0,0,0,0,0,0,0,0,0,0.0,2.3,2.3,0,0
2021,WR,Jaydon Mickens,,27,2,2.0,0,0,0,0,0,3,2,10,0,66.7,0,25,873,2.9,0,0,0,0,0,0,0,0,0,0,0,2.0,1.0,1.0,0,0
2021,WR,Marvin Hall,,28,1,2.0,0,0,0,0,0,1,1,10,0,100.0,0,17,100,17.0,0,0,0,0,0,0,0,0,0,0,0,0.0,2.0,2.0,0,0
2021,WR,Cody Thompson,,25,1,2.0,0,0,0,0,0,0,0,0,0,0.0,0,4,280,1.4,0,0,0,0,0,0,0,0,0,0,0,0.0,2.0,2.0,0,0
2021,RB,Gary Brightwell,CIN,23,2,2.0,0,0,0,4,0,1,1,6,0,100.0,0,12,909,1.3,0,0,0,0,0,0,0,0,0,0,0,0.6,1.0,1.0,0,0
2021,WR,Gunner Olszewski,NYG,24,5,2.0,0,0,0,9,0,3,2,31,0,66.7,0,66,1038,6.4,0,0,0,0,0,0,0,0,0,0,0,1.57,-0.3,0.75,0,0
2021,WR,Tarik Black,DET,23,1,2.0,0,0,0,0,0,2,1,10,0,50.0,0,19,46,41.3,0,0,0,0,0,0,0,0,0,0,0,0.0,2.0,2.0,0,0
2021,RB,Raheem Mostert,,29,1,2.0,0,0,0,20,0,0,0,0,0,0.0,0,4,125,3.2,0,0,0,0,0,0,0,0,0,0,0,0.0,2.0,2.0,0,0
2021,QB,Blaine Gabbert,,31,5,1.98,67,0,0,-7,0,0,0,0,0,0.0,0,44,1183,3.7,0,0,0,0,0,0,0,0,0,0,0,0.65,0.11,0.57,0,0
2021,TE,Brycen Hopkins,,24,1,1.9,0,0,0,0,0,1,1,9,0,100.0,0,59,634,9.3,0,0,0,0,0,0,0,0,0,0,0,0.0,1.9,1.9,0,0
2021,TE,Johnny Mundt,PHI,26,1,1.9,0,0,0,0,0,1,1,9,0,100.0,0,100,636,15.7,0,0,0,0,0,0,0,0,0,0,0,0.0,1.9,1.9,0,0
2021,RB,Ryan Nall,,25,2,1.8,0,0,0,4,0,1,1,4,0,100.0,0,19,741,2.6,0,0,0,0,0,0,0,0,0,0,0,0.5,0.9,0.9,0,0
2021,TE,Hunter Long,JAX,23,1,1.8,0,0,0,0,0,3,1,8,0,33.3,0,90,592,15.2,0,0,0,0,0,0,0,0,0,0,0,0.0,1.8,1.8,0,0
2021,TE,Eric Tomlinson,,29,1,1.7,0,0,0,0,0,2,1,7,0,50.0,0,319,1242,25.7,0,0,0,0,0,0,0,0,0,0,0,0.0,1.7,1.7,0,0
2021,WR,Tommylee Lewis,,28,1,1.7,0,0,0,0,0,2,1,7,0,50.0,0,3,136,2.2,0,0,0,0,0,0,0,0,0,0,0,0.0,1.7,1.7,0,0
2021,WR,Miles Boykin,,24,1,1.6,0,0,0,0,0,1,1,6,0,100.0,0,35,586,6.0,0,0,0,0,0,0,0,0,0,0,0,0.0,1.6,1.6,0,0
2021,QB,C.J. Beathard,,27,2,1.52,33,0,0,2,0,0,0,0,0,0.0,0,7,1085,0.6,0,0,0,0,0,0,0,0,0,0,0,0.56,0.76,0.76,0,0
2021,WR,Keke Coutee,,24,1,1.5,0,0,0,0,0,1,1,5,0,100.0,0,33,138,23.9,0,0,0,0,0,0,0,0,0,0,0,0.0,1.5,1.5,0,0
2021,WR,Easop Winston,,24,1,1.5,0,0,0,0,0,1,1,5,0,100.0,0,14,183,7.7,0,0,0,0,0,0,0,0,0,0,0,0.0,1.5,1.5,0,0
2021,RB,Devine Ozigbo,,24,1,1.4,0,0,0,-3,0,1,1,7,0,100.0,0,11,259,4.2,0,0,0,0,0,0,0,0,0,0,0,0.0,1.4,1.4,0,0
2021,RB,John Kelly,,24,1,1.3,0,0,0,13,0,0,0,0,0,0.0,0,3,498,0.6,0,0,0,0,0,0,0,0,0,0,0,0.0,1.3,1.3,0,0
2021,QB,Chad Henne,,36,4,1.28,82,0,0,0,0,0,0,0,0,0.0,0,31,1195,2.6,0,0,0,0,0,0,0,0,0,0,0,2.07,0.32,0.32,0,0
2021,TE,Nick Boyle,,28,1,1.2,0,0,0,0,0,2,1,2,0,50.0,0,95,433,21.9,0,0,0,0,0,0,0,0,0,0,0,0.0,1.2,1.2,0,0
2021,RB,Jacques Patrick,,24,1,1.2,0,0,0,12,0,0,0,0,0,0.0,0,6,76,7.9,0,0,0,0,0,0,0,0,0,0,0,0.0,1.2,1.2,0,0
2021,RB,Buddy Howell,,25,1,1.1,0,0,0,11,0,0,0,0,0,0.0,0,6,653,0.9,0,0,0,0,0,0,0,0,0,0,0,0.0,1.1,1.1,0,0
2021,RB,Mekhi Sargent,,23,4,1.1,0,0,0,11,0,1,0,0,0,0.0,0,6,644,0.9,0,0,0,0,0,0,0,0,0,0,0,0.13,0.28,0.28,0,0
2021,QB,Chris Streveler,,26,2,1.04,36,0,0,6,0,0,0,0,0,0.0,0,24,473,5.1,0,0,0,0,0,0,0,0,0,0,0,0.32,0.52,0.52,0,0
2021,K,Cody Parkey,,29,1,1.0,0,0,0,0,0,0,0,0,0,0.0,0,0,56,0.0,3,2,0,0,0,0,0,0,0,0,0,0.0,1.0,1.0,0,0
2021,TE,Darrell Daniels,,26,1,1.0,0,0,0,0,0,4,1,0,0,25.0,0,254,1101,23.1,0,0,0,0,0,0,0,0,0,0,0,0.0,1.0,1.0,0,0
2021,RB,Taiwan Jones,,33,1,1.0,0,0,0,0,0,0,0,0,0,0.0,0,1,1198,0.1,0,0,0,0,0,0,0,0,0,0,0,0.0,1.0,1.0,0,0
2021,TE,Deon Yelder,,26,1,1.0,0,0,0,0,0,1,1,0,0,100.0,0,14,282,5.0,0,0,0,0,0,0,0,0,0,0,0,0.0,1.0,1.0,0,0
2021,WR,River Cracraft,WAS,26,1,1.0,0,0,0,0,0,0,0,0,0,0.0,0,0,248,0.0,0,0,0,0,0,0,0,0,0,0,0,0.0,1.0,1.0,0,0
2021,TE,Daniel Helm,,26,1,0.9,0,0,0,0,0,2,1,-1,0,50.0,0,60,579,10.4,0,0,0,0,0,0,0,0,0,0,0,0.0,0.9,0.9,0,0
2021,QB,Sam Ehlinger,DEN,22,3,0.9,0,0,0,9,0,0,0,0,0,0.0,0,18,574,3.1,0,0,0,0,0,0,0,0,0,0,0,0.43,0.3,0.3,0,0
2021,RB,Damarea Crockett,,23,1,0.7,0,0,0,7,0,0,0,0,0,0.0,0,5,846,0.6,0,0,0,0,0,0,0,0,0,0,0,0.0,0.7,0.7,0,0
2021,RB,Jake Funk,,23,2,0.5,0,0,0,5,0,0,0,0,0,0.0,0,20,636,3.1,0,0,0,0,0,0,0,0,0,0,0,0.35,0.25,0.25,0,0
2021,WR,Malik Taylor,,25,2,0.4,0,0,0,0,0,3,2,14,0,66.7,1,32,773,4.1,0,0,0,0,0,0,0,0,0,0,0,3.2,0.2,0.2,0,0
2021,WR,Maurice Ffrench,,23,1,0.3,0,0,0,3,0,0,0,0,0,0.0,0,2,190,1.1,0,0,0,0,0,0,0,0,0,0,0,0.0,0.3,0.3,0,0
2021,RB,Nathan Cottrell,,25,1,0.3,0,0,0,3,0,0,0,0,0,0.0,0,1,258,0.4,0,0,0,0,0,0,0,0,0,0,0,0.0,0.3,0.3,0,0
2021,QB,Nathan Peterman,,27,1,0.2,0,0,0,2,0,0,0,0,0,0.0,0,4,484,0.8,0,0,0,0,0,0,0,0,0,0,0,0.0,0.2,0.2,0,0
2021,QB,Kellen Mond,,22,1,0.2,5,0,0,0,0,0,0,0,0,0.0,0,3,415,0.7,0,0,0,0,0,0,0,0,0,0,0,0.0,0.2,0.2,0,0
2021,QB,Jacob Eason,,23,0,0.0,25,0,1,0,0,0,0,0,0,0.0,0,5,401,1.2,0,0,0,0,0,0,0,0,0,0,0,0.0,0.0,0.0,0,0
2021,QB,David Blough,,26,1,0.0,0,0,0,6,0,0,0,0,0,0.0,0,4,794,0.5,0,0,0,0,0,0,0,0,0,0,0,0.0,-0.4,-0.4,0,0
2021,RB,Trenton Cannon,,27,3,0.0,0,0,0,4,0,0,0,0,0,0.0,1,11,785,1.4,0,0,0,0,0,0,0,0,0,0,0,1.53,-0.87,-0.87,0,0
2021,QB,Ryan Fitzpatrick,,38,1,0.0,13,0,0,2,0,0,0,0,0,0.0,0,16,55,29.1,0,0,0,0,0,0,0,0,0,0,0,0.0,-0.28,-0.28,0,0
2021,WR,Racey McMath,,22,2,0.0,0,0,0,0,0,6,2,8,0,33.3,1,106,664,16.0,0,0,0,0,0,0,0,0,0,0,0,2.0,-0.1,-0.1,0,0
2021,K,Josh Lambo,,30,3,0.0,0,0,0,0,0,0,0,0,0,0.0,0,0,325,0.0,5,2,0,0,0,0,0,0,0,0,0,1.41,0.0,0.0,0,0
2021,QB,Josh Rosen,,24,2,0.0,19,0,2,0,0,0,0,0,0,0.0,0,26,827,3.1,0,0,0,0,0,0,0,0,0,0,0,0.18,-0.62,-0.62,0,0
2021,TE,Feleipe Franks,CAR,23,3,0.0,0,0,1,6,0,0,0,0,0,0.0,0,14,792,1.8,0,0,0,0,0,0,0,0,0,0,0,0.61,-0.13,-0.13,0,0
2021,QB,John Wolford,,25,2,0.0,5,0,1,-1,0,0,0,0,0,0.0,0,24,1089,2.2,0,0,0,0,0,0,0,0,0,0,0,0.65,-0.45,-0.45,0,0
2022,QB,Patrick Mahomes,KC,26,17,428.4,5250,41,12,358,4,1,1,6,0,100.0,0,1131,1149,98.4,0,0,0,0,0,0,0,0,0,0,0,6.05,17.44,33.48,17,12
2022,QB,Josh Allen,BUF,26,17,409.24,4316,35,14,776,7,0,0,0,0,0.0,5,1061,1085,97.8,0,0,0,0,0,0,0,0,0,0,0,8.21,12.96,34.1,16,13
2022,QB,Jalen Hurts,PHI,24,15,383.04,3701,22,6,760,13,0,0,0,0,0.0,2,1028,1049,98.0,0,0,0,0,0,0,0,0,0,0,0,7.14,15.84,33.63,14,12
2022,RB,Austin Ekeler,,27,17,372.7,0,0,0,915,13,127,107,722,5,84.3,3,734,1192,61.6,0,0,0,0,0,0,0,0,0,0,0,8.74,11.68,34.9,16,9
2022,WR,Justin Jefferson,MIN,23,17,368.66,34,0,0,24,1,184,128,1809,8,69.6,0,1079,1168,92.4,0,0,0,0,0,0,0,0,0,0,0,11.68,5.25,34.82,13,9
2022,QB,Joe Burrow,CIN,25,17,365.98,4527,36,12,259,5,0,0,0,0,0.0,3,1091,1107,98.6,0,0,0,0,0,0,0,0,0,0,0,7.89,11.98,32.62,16,9
2022,RB,Christian McCaffrey,SF,26,17,356.36,34,1,0,1139,8,108,85,741,5,78.7,0,776,1060,73.2,0,0,0,0,0,0,0,0,0,0,0,8.27,11.1,32.37,15,8
2022,WR,Tyreek Hill,,28,17,346.2,0,0,0,32,1,170,119,1710,7,70.0,0,800,1057,75.7,0,0,0,0,0,0,0,0,0,0,0,9.58,9.2,33.2,15,8
2022,WR,Davante Adams,LAR,29,17,335.5,0,0,0,-1,0,180,100,1516,14,55.6,0,1044,1102,94.7,0,0,0,0,0,0,0,0,0,0,0,11.69,5.18,35.42,13,7
2022,RB,Josh Jacobs,GB,24,17,327.3,0,0,0,1653,12,64,53,400,0,82.8,1,821,1102,74.5,0,0,0,0,0,0,0,0,0,0,0,11.7,7.18,37.4,12,6
2022,WR,Stefon Diggs,,28,17,321.2,0,0,0,-3,0,156,110,1455,11,70.5,0,836,1085,77.1,0,0,0,0,0,0,0,0,0,0,0,10.12,6.53,31.65,14,9
2022,TE,Travis Kelce,KC,32,17,316.3,0,0,0,5,0,152,110,1338,12,72.4,1,914,1149,79.5,0,0,0,0,0,0,0,0,0,0,0,7.69,9.65,29.83,15,7
2022,QB,Geno Smith,NYJ,31,17,313.88,4282,30,11,366,1,0,0,0,0,0.0,4,1093,1093,100.0,0,0,0,0,0,0,0,0,0,0,0,5.45,11.77,25.57,16,6
2022,QB,Kirk Cousins,LV,34,17,304.58,4547,29,14,97,2,0,0,0,0,0.0,3,1114,1168,95.4,0,0,0,0,0,0,0,0,0,0,0,7.16,8.94,26.76,16,6
2022,QB,Justin Fields,KC,23,15,303.98,2242,17,11,1143,8,0,0,0,0,0.0,2,917,926,99.0,0,0,0,0,0,0,0,0,0,0,0,10.36,8.44,33.38,12,7
2022,QB,Trevor Lawrence,JAX,22,17,303.62,4113,25,8,291,5,0,0,0,0,0.0,9,1096,1123,97.6,0,0,0,0,0,0,0,0,0,0,0,7.56,7.79,27.84,14,6
2022,RB,Derrick Henry,BAL,28,16,301.76,4,1,0,1538,13,41,33,398,0,80.5,3,648,970,66.8,0,0,0,0,0,0,0,0,0,0,0,8.32,7.55,28.67,12,8
2022,WR,CeeDee Lamb,DAL,23,17,301.6,0,0,0,47,0,156,107,1359,9,68.6,0,1015,1159,87.6,0,0,0,0,0,0,0,0,0,0,0,8.4,8.25,29.1,14,6
2022,WR,A.J. Brown,NE,25,17,299.6,0,0,0,0,0,145,88,1496,11,60.7,2,1004,1175,85.4,0,0,0,0,0,0,0,0,0,0,0,9.06,7.2,31.03,14,4
2022,QB,Daniel Jones,IND,25,16,293.0,3205,15,5,708,7,0,0,0,0,0.0,3,1040,1135,91.6,0,0,0,0,0,0,0,0,0,0,0,7.06,11.12,28.34,14,5
2022,QB,Jared Goff,DET,27,17,290.32,4438,29,7,73,0,1,1,5,0,100.0,4,1133,1142,99.2,0,0,0,0,0,0,0,0,0,0,0,7.98,6.59,28.02,13,6
2022,QB,Justin Herbert,LAC,24,17,290.26,4739,25,10,147,0,2,2,-10,0,100.0,3,1162,1192,97.5,0,0,0,0,0,0,0,0,0,0,0,5.65,9.81,24.4,15,5
2022,RB,Saquon Barkley,PHI,25,16,283.0,0,0,0,1312,10,76,57,338,0,75.0,0,856,1072,79.9,0,0,0,0,0,0,0,0,0,0,0,7.15,7.85,26.43,13,5
2022,RB,Nick Chubb,,26,17,281.4,0,0,0,1525,12,37,27,239,1,73.0,1,660,1174,56.2,0,0,0,0,0,0,0,0,0,0,0,7.01,8.53,26.58,12,6
2022,QB,Tom Brady,,45,17,279.66,4694,25,9,-1,1,1,0,0,0,0.0,4,1192,1216,98.0,0,0,0,0,0,0,0,0,0,0,0,6.81,9.71,25.35,15,2
2022,WR,Amon-Ra St. Brown,DET,22,16,267.6,0,0,0,95,0,146,106,1161,6,72.6,0,832,1068,77.9,0,0,0,0,0,0,0,0,0,0,0,9.76,6.73,31.0,13,5
2022,WR,Jaylen Waddle,DEN,23,17,259.2,0,0,0,26,0,117,75,1356,8,64.1,1,785,1057,74.3,0,0,0,0,0,0,0,0,0,0,0,9.64,4.55,29.1,12,4
2022,WR,DeVonta Smith,PHI,23,16,254.6,0,0,0,0,0,136,95,1196,7,69.9,1,1083,1175,92.2,0,0,0,0,0,0,0,0,0,0,0,7.59,6.3,25.98,12,4
2022,QB,Aaron Rodgers,PIT,38,17,249.2,3695,26,12,94,1,0,0,0,0,0.0,4,1068,1094,97.6,0,0,0,0,0,0,0,0,0,0,0,3.62,9.73,18.17,16,0
2022,RB,Rhamondre Stevenson,NE,24,17,249.1,0,0,0,1040,5,88,69,421,1,78.4,1,699,1052,66.4,0,0,0,0,0,0,0,0,0,0,0,7.38,4.28,23.75,12,6
2022,RB,Tony Pollard,TEN,25,16,248.8,0,0,0,1007,9,55,39,371,3,70.9,0,569,1079,52.7,0,0,0,0,0,0,0,0,0,0,0,10.11,3.78,29.35,11,5
2022,RB,Aaron Jones,MIN,27,17,247.6,0,0,0,1121,2,72,59,395,5,81.9,3,630,1094,57.6,0,0,0,0,0,0,0,0,0,0,0,7.92,6.0,26.2,10,4
2022,WR,Amari Cooper,,28,17,247.0,0,0,1,0,0,132,78,1160,9,59.1,0,978,1174,83.3,0,0,0,0,0,0,0,0,0,0,0,8.52,4.75,26.25,10,6
2022,QB,Lamar Jackson,BAL,25,12,242.08,2242,17,7,764,3,0,0,0,0,0.0,2,728,790,92.2,0,0,0,0,0,0,0,0,0,0,0,10.81,10.72,31.73,11,5
2022,WR,Christian Kirk,SF,25,17,241.9,0,0,0,11,0,133,84,1108,8,63.2,1,991,1123,88.2,0,0,0,0,0,0,0,0,0,0,0,7.97,4.7,25.2,10,4
2022,WR,Ja'Marr Chase,CIN,22,12,241.4,0,0,0,8,0,134,87,1046,9,64.9,2,793,844,94.0,0,0,0,0,0,0,0,0,0,0,0,8.19,11.65,30.65,12,5
2022,RB,Joe Mixon,,26,15,240.7,0,0,0,826,7,75,60,441,2,80.0,0,624,965,64.7,0,0,0,0,0,0,0,0,0,0,0,11.59,6.9,28.13,12,2
2022,QB,Tua Tagovailoa,ATL,24,13,237.92,3548,25,8,70,0,0,0,0,0,0.0,1,705,776,90.9,0,0,0,0,0,0,0,0,0,0,0,8.99,10.21,29.38,12,4
2022,WR,Tyler Lockett,,29,16,237.3,0,0,0,0,0,117,84,1033,9,71.8,2,799,1017,78.6,0,0,0,0,0,0,0,0,0,0,0,6.7,6.13,23.15,13,2
2022,RB,Dalvin Cook,,27,17,236.8,0,0,0,1173,8,56,39,295,2,69.6,4,841,1168,72.0,0,0,0,0,0,0,0,0,0,0,0,7.21,5.98,25.45,11,4
2022,QB,Russell Wilson,,33,15,236.76,3524,16,11,277,3,1,1,1,0,100.0,2,961,988,97.3,0,0,0,0,0,0,0,0,0,0,0,6.47,9.47,25.69,12,4
2022,QB,Derek Carr,,31,15,231.08,3522,24,14,102,0,0,0,0,0,0.0,0,946,962,98.3,0,0,0,0,0,0,0,0,0,0,0,5.75,7.1,21.04,12,4
2022,WR,Terry McLaurin,WAS,26,17,229.0,0,0,0,29,0,120,77,1191,5,64.2,0,1063,1190,89.3,0,0,0,0,0,0,0,0,0,0,0,5.28,6.68,20.33,12,2
2022,WR,Brandon Aiyuk,SF,24,17,227.8,0,0,0,23,0,114,78,1015,8,68.4,1,1002,1100,91.1,0,0,0,0,0,0,0,0,0,0,0,6.32,6.78,22.78,11,3
2022,RB,Leonard Fournette,,27,16,227.1,0,0,1,668,3,83,73,523,3,88.0,0,689,1147,60.1,0,0,0,0,0,0,0,0,0,0,0,8.01,6.03,25.4,12,3
2022,RB,Jamaal Williams,,27,17,225.9,0,0,0,1066,17,16,12,73,0,75.0,2,460,1142,40.3,0,0,0,0,0,0,0,0,0,0,0,7.83,4.0,23.92,10,5
2022,WR,DK Metcalf,PIT,24,17,225.8,0,0,0,0,0,141,90,1048,6,63.8,2,893,1093,81.7,0,0,0,0,0,0,0,0,0,0,0,6.93,3.98,21.68,11,2
2022,WR,Mike Evans,SF,29,15,225.4,0,0,0,0,0,127,77,1124,6,60.6,0,931,1151,80.9,0,0,0,0,0,0,0,0,0,0,0,10.96,6.9,28.98,8,2
2022,WR,Tee Higgins,CIN,23,15,223.2,0,0,0,0,0,110,75,1042,7,68.2,0,757,1107,68.4,0,0,0,0,0,0,0,0,0,0,0,7.77,4.85,25.1,12,4
2022,RB,Najee Harris,,24,17,222.86,4,0,0,1038,7,53,41,229,3,77.4,2,763,1160,65.8,0,0,0,0,0,0,0,0,0,0,0,4.75,8.53,19.5,14,2
2022,WR,Chris Godwin,TB,26,15,222.8,0,0,0,5,0,142,104,1023,3,73.2,2,880,1084,81.2,0,0,0,0,0,0,0,0,0,0,0,5.61,9.28,22.85,13,3
2022,RB,Miles Sanders,,25,17,216.7,0,0,0,1269,11,26,20,78,0,76.9,2,673,1175,57.3,0,0,0,0,0,0,0,0,0,0,0,9.01,4.0,26.9,9,3
2022,WR,Michael Pittman,PIT,24,16,216.5,0,0,0,30,0,141,99,925,4,70.2,1,1065,1101,96.7,0,0,0,0,0,0,0,0,0,0,0,6.62,5.7,22.9,11,2
2022,WR,Garrett Wilson,NYJ,22,17,215.7,0,0,0,4,0,147,83,1103,4,56.5,1,884,1114,79.4,0,0,0,0,0,0,0,0,0,0,0,8.31,3.7,24.63,9,3
2022,TE,T.J. Hockenson,MIN,25,17,215.4,0,0,0,0,0,129,86,914,6,66.7,1,987,1166,84.6,0,0,0,0,0,0,0,0,0,0,0,9.96,4.28,26.78,9,2
2022,QB,Dak Prescott,DAL,29,12,213.6,2860,23,15,182,1,0,0,0,0,0.0,1,821,851,96.5,0,0,0,0,0,0,0,0,0,0,0,6.42,10.78,24.71,10,5
2022,RB,Alvin Kamara,NO,27,15,210.7,0,0,0,897,2,77,57,490,2,74.0,4,642,924,69.5,0,0,0,0,0,0,0,0,0,0,0,9.28,6.63,25.9,8,2
2022,QB,Kyler Murray,MIN,25,11,206.52,2368,14,7,418,3,0,0,0,0,0.0,2,719,799,90.0,0,0,0,0,0,0,0,0,0,0,0,7.36,11.52,25.91,10,5
2022,WR,Jerry Jeudy,CLE,23,14,204.2,0,0,0,40,0,100,67,972,6,67.0,0,713,1012,70.5,0,0,0,0,0,0,0,0,0,0,0,7.95,5.65,24.03,10,3
2022,RB,Travis Etienne,NO,23,17,204.1,0,0,0,1125,5,45,35,316,0,77.8,3,669,1123,59.6,0,0,0,0,0,0,0,0,0,0,0,7.52,3.03,23.43,10,3
2022,RB,Kenneth Walker,KC,21,15,202.5,0,0,0,1050,9,35,27,165,0,77.1,0,575,984,58.4,0,0,0,0,0,0,0,0,0,0,0,7.49,4.2,23.13,11,2
2022,TE,George Kittle,SF,28,15,201.5,0,0,0,0,0,86,60,765,11,69.8,1,859,956,89.9,0,0,0,0,0,0,0,0,0,0,0,8.59,4.33,25.38,8,4
2022,QB,Marcus Mariota,WAS,28,13,200.56,2219,15,9,438,4,0,0,0,0,0.0,3,776,776,100.0,0,0,0,0,0,0,0,0,0,0,0,5.47,8.97,21.33,11,2
2022,WR,Cooper Kupp,SEA,29,9,200.4,0,0,0,52,1,98,75,812,6,76.5,1,530,556,95.3,0,0,0,0,0,0,0,0,0,0,0,8.52,14.72,28.9,8,6
2022,RB,James Conner,ARI,27,13,199.2,0,0,0,782,7,58,46,300,1,79.3,1,663,938,70.7,0,0,0,0,0,0,0,0,0,0,0,6.11,8.45,23.25,10,4
2022,WR,DJ Moore,BUF,25,17,199.1,0,0,0,53,0,118,63,888,7,53.4,0,978,1016,96.3,0,0,0,0,0,0,0,0,0,0,0,8.2,2.2,22.9,9,4
2022,WR,Chris Olave,NO,22,15,198.2,0,0,0,0,0,119,72,1042,4,60.5,2,607,926,65.6,0,0,0,0,0,0,0,0,0,0,0,4.86,8.15,19.8,10,2
2022,WR,Zay Jones,,27,16,198.1,0,0,0,18,0,121,82,823,5,67.8,0,930,1076,86.4,0,0,0,0,0,0,0,0,0,0,0,9.43,3.8,27.15,7,4
2022,RB,Jerick McKinnon,,30,17,196.3,0,0,0,291,1,71,56,512,9,78.9,1,535,1149,46.6,0,0,0,0,0,0,0,0,0,0,0,9.41,2.5,25.8,7,3
2022,DST,NE Defense,NE,,17,194.0,0,0,0,0,0,0,0,0,0,0.0,0,0,0,0.0,0,0,0,54,19,8,7,0,1,335,5474,6.93,4.0,21.75,9,3
2022,QB,Davis Mills,HOU,23,15,193.52,3118,17,15,108,2,0,0,0,0,0.0,3,855,1063,80.4,0,0,0,0,0,0,0,0,0,0,0,5.25,6.64,19.6,10,1
2022,RB,D'Andre Swift,CHI,23,14,191.1,0,0,0,542,5,70,48,389,3,68.6,0,393,943,41.7,0,0,0,0,0,0,0,0,0,0,0,7.04,6.5,23.0,9,3
2022,TE,Mark Andrews,BAL,26,15,190.5,0,0,0,8,0,113,73,847,5,64.6,0,787,950,82.8,0,0,0,0,0,0,0,0,0,0,0,8.73,3.43,25.28,8,4
2022,DST,DAL Defense,DAL,,17,186.0,0,0,0,0,0,0,0,0,0,0.0,0,0,0,0.0,0,0,0,54,16,16,3,0,2,324,5613,7.05,4.25,22.5,7,3
2022,RB,Ezekiel Elliott,,27,15,185.8,0,0,0,876,12,23,17,92,0,73.9,0,558,1018,54.8,0,0,0,0,0,0,0,0,0,0,0,5.15,5.15,17.65,10,0
2022,WR,JuJu Smith-Schuster,NYG,25,16,183.3,0,0,0,0,0,101,78,933,3,77.2,2,765,1084,70.6,0,0,0,0,0,0,0,0,0,0,0,7.14,4.72,22.23,6,3
2022,QB,Andy Dalton,PHI,34,14,183.24,2871,18,9,54,0,0,0,0,0,0.0,1,736,1052,70.0,0,0,0,0,0,0,0,0,0,0,0,6.33,7.23,20.76,11,2
2022,WR,Jakobi Meyers,JAX,25,14,180.3,0,0,0,-11,0,96,67,804,6,69.8,2,690,869,79.4,0,0,0,0,0,0,0,0,0,0,0,5.95,6.63,20.98,8,3
2022,QB,Mac Jones,SF,23,14,180.08,2997,14,11,102,1,0,0,0,0,0.0,1,830,864,96.1,0,0,0,0,0,0,0,0,0,0,0,5.51,6.56,19.74,9,1
2022,WR,Adam Thielen,,32,17,180.0,0,0,0,4,0,107,70,716,6,65.4,0,1042,1168,89.2,0,0,0,0,0,0,0,0,0,0,0,5.72,3.35,18.58,7,1
2022,WR,Diontae Johnson,,26,17,179.7,0,0,0,25,0,147,86,882,0,58.5,0,1042,1160,89.8,0,0,0,0,0,0,0,0,0,0,0,3.84,5.93,16.08,9,0
2022,WR,Drake London,ATL,21,17,178.6,0,0,0,0,0,117,72,866,4,61.5,3,819,1051,77.9,0,0,0,0,0,0,0,0,0,0,0,5.86,3.45,18.23,8,1
2022,RB,Devin Singletary,NYG,24,17,178.2,0,0,0,822,5,52,38,280,1,73.1,3,709,1085,65.3,0,0,0,0,0,0,0,0,0,0,0,6.23,2.97,19.5,7,2
2022,RB,David Montgomery,HOU,25,16,177.7,0,0,0,801,5,40,34,316,1,85.0,2,629,972,64.7,0,0,0,0,0,0,0,0,0,0,0,6.52,3.5,20.02,8,2
2022,TE,Evan Engram,DEN,27,17,176.9,0,0,0,13,0,98,73,766,4,74.5,0,868,1123,77.3,0,0,0,0,0,0,0,0,0,0,0,8.8,2.42,21.8,8,1
2022,WR,Mike Williams,,27,13,176.5,0,0,0,0,0,93,63,895,4,67.7,0,703,924,76.1,0,0,0,0,0,0,0,0,0,0,0,8.07,4.1,23.48,8,4
2022,WR,Tyler Boyd,,27,16,175.52,23,0,0,0,0,83,59,776,6,71.1,0,797,1107,72.0,0,0,0,0,0,0,0,0,0,0,0,6.34,5.15,19.45,7,2
2022,WR,Curtis Samuel,,26,17,175.3,0,0,0,187,1,92,64,656,4,69.6,1,850,1190,71.4,0,0,0,0,0,0,0,0,0,0,0,6.36,1.48,18.65,9,1
2022,WR,Allen Lazard,,26,15,174.8,0,0,0,0,0,100,60,788,6,60.0,0,863,967,89.2,0,0,0,0,0,0,0,0,0,0,0,4.58,5.73,17.1,11,0
2022,QB,Jacoby Brissett,ARI,29,13,174.62,2608,12,6,243,2,0,0,0,0,0.0,4,787,1174,67.0,0,0,0,0,0,0,0,0,0,0,0,6.93,5.32,20.14,11,2
2022,WR,Gabe Davis,,23,15,171.6,0,0,0,0,0,93,48,836,7,51.6,1,926,1017,91.1,0,0,0,0,0,0,0,0,0,0,0,7.53,4.8,22.15,6,2
2022,WR,Joshua Palmer,BUF,22,15,170.3,0,0,0,4,0,107,72,769,3,67.3,0,898,1121,80.1,0,0,0,0,0,0,0,0,0,0,0,6.86,4.1,20.2,7,1
2022,RB,Raheem Mostert,,30,16,168.3,0,0,0,891,3,42,31,202,2,73.8,1,552,981,56.3,0,0,0,0,0,0,0,0,0,0,0,6.75,3.3,20.48,7,2
2022,QB,Jimmy Garoppolo,,30,11,167.78,2437,16,4,33,2,0,0,0,0,0.0,2,614,792,77.5,0,0,0,0,0,0,0,0,0,0,0,5.71,9.46,20.02,9,1
2022,RB,AJ Dillon,CAR,24,17,167.6,0,0,0,770,7,43,28,206,0,65.1,0,537,1094,49.1,0,0,0,0,0,0,0,0,0,0,0,6.41,2.88,20.23,6,3
2022,WR,Donovan Peoples-Jones,,23,16,167.1,0,0,0,2,0,96,61,839,3,63.5,1,1055,1174,89.9,0,0,0,0,0,0,0,0,0,0,0,4.99,3.25,16.2,10,0
2022,DST,SF Defense,SF,,16,167.0,0,0,0,0,0,0,0,0,0,0.0,0,0,0,0.0,0,0,0,44,20,8,3,0,0,267,5110,6.02,2.5,18.25,9,1
2022,WR,George Pickens,DAL,21,16,166.5,0,0,0,24,1,84,52,801,4,61.9,0,882,1160,76.0,0,0,0,0,0,0,0,0,0,0,0,5.87,2.68,17.33,9,0
2022,WR,Deebo Samuel,SF,26,13,166.4,0,0,0,232,3,94,56,632,2,59.6,2,659,864,76.3,0,0,0,0,0,0,0,0,0,0,0,5.36,7.05,19.13,9,2
2022,QB,Ryan Tannehill,,34,12,166.24,2536,13,6,98,2,0,0,0,0,0.0,2,686,725,94.6,0,0,0,0,0,0,0,0,0,0,0,5.62,7.5,19.38,10,1
2022,RB,Antonio Gibson,,24,15,165.9,0,0,0,546,3,58,46,353,2,79.3,0,489,1055,46.4,0,0,0,0,0,0,0,0,0,0,0,4.93,5.85,18.05,7,1
2022,RB,Dameon Pierce,PHI,22,13,164.4,0,0,0,939,4,39,30,165,1,76.9,2,508,798,63.7,0,0,0,0,0,0,0,0,0,0,0,6.08,5.48,19.5,9,2
2022,WR,Christian Watson,GB,23,14,164.1,0,0,0,80,2,66,41,611,7,62.1,0,507,905,56.0,0,0,0,0,0,0,0,0,0,0,0,9.5,2.25,24.8,6,4
2022,WR,Keenan Allen,,30,10,164.0,0,0,0,8,0,89,66,752,4,74.2,1,515,695,74.1,0,0,0,0,0,0,0,0,0,0,0,7.11,9.48,23.4,9,4
2022,QB,Matt Ryan,,37,12,161.28,3057,14,13,70,1,0,0,0,0,0.0,5,846,921,91.9,0,0,0,0,0,0,0,0,0,0,0,6.21,7.93,20.49,9,2
2022,DST,PHI Defense,PHI,,17,161.0,0,0,0,0,0,0,0,0,0,0.0,0,0,0,0.0,0,0,0,70,17,10,2,0,0,324,5125,4.75,4.0,16.5,6,0
2022,WR,Courtland Sutton,DEN,26,14,159.4,0,0,0,5,0,109,64,829,2,58.7,0,882,995,88.6,0,0,0,0,0,0,0,0,0,0,0,4.89,4.85,16.77,10,0
2022,RB,Tyler Allgeier,ARI,22,16,159.4,0,0,0,1035,3,17,16,139,1,94.1,0,497,976,50.9,0,0,0,0,0,0,0,0,0,0,0,5.87,3.7,18.08,8,1
2022,QB,Kenny Pickett,CAR,24,13,158.86,2404,7,9,237,3,0,0,0,0,0.0,1,805,1092,73.7,0,0,0,0,0,0,0,0,0,0,0,4.15,7.29,16.06,10,0
2022,K,Daniel Carlson,,27,16,158.0,0,0,0,0,0,0,0,0,0,0.0,0,0,1102,0.0,35,1,34,0,0,0,0,0,0,0,0,3.31,5.5,13.75,6,0
2022,RB,Jeff Wilson,,26,16,157.5,0,0,0,860,5,37,22,185,1,59.5,2,525,994,52.8,0,0,0,0,0,0,0,0,0,0,0,6.24,2.1,18.02,9,2
2022,K,Justin Tucker,,32,17,157.0,0,0,0,0,0,0,0,0,0,0.0,0,0,1096,0.0,31,1,37,0,0,0,0,0,0,0,0,3.33,5.0,13.75,6,0
2022,WR,Marquise Brown,PHI,25,12,156.0,0,0,0,1,0,107,67,709,3,62.6,0,783,859,91.2,0,0,0,0,0,0,0,0,0,0,0,7.07,5.95,21.23,8,3
2022,DST,BUF Defense,BUF,,17,156.0,0,0,0,0,0,0,0,0,0,0.0,0,0,0,0.0,0,0,0,40,17,7,1,2,1,285,5172,5.52,3.5,17.75,6,0
2022,WR,K.J. Osborn,TEN,25,16,155.6,0,0,0,6,0,90,60,650,5,66.7,0,873,1168,74.7,0,0,0,0,0,0,0,0,0,0,0,7.99,2.8,21.4,5,1
2022,K,Jason Myers,SEA,31,17,155.0,0,0,0,0,0,0,0,0,0,0.0,0,0,1093,0.0,41,1,34,0,0,0,0,0,0,0,0,3.58,4.25,13.5,6,0
2022,K,Brett Maher,,32,17,155.0,0,0,0,0,0,0,0,0,0,0.0,0,0,1159,0.0,50,3,29,0,0,0,0,0,0,0,0,5.68,2.5,16.75,8,1
2022,RB,Cordarrelle Patterson,,31,13,154.7,0,0,0,695,8,31,21,122,0,67.7,1,382,813,47.0,0,0,0,0,0,0,0,0,0,0,0,6.7,4.3,20.9,7,3
2022,RB,Latavius Murray,,32,13,154.2,0,0,0,760,6,35,27,132,0,77.1,0,447,858,52.1,0,0,0,0,0,0,0,0,0,0,0,4.55,7.05,17.68,9,1
2022,WR,Mack Hollins,NE,28,16,154.16,4,0,0,40,0,94,57,690,4,60.6,0,1030,1102,93.5,0,0,0,0,0,0,0,0,0,0,0,6.83,2.88,18.42,7,1
2022,DST,JAX Defense,JAX,,16,153.0,0,0,0,0,0,0,0,0,0,0.0,0,0,0,0.0,0,0,0,35,14,12,4,0,0,350,6006,6.22,2.25,18.0,6,1
2022,TE,Tyler Higbee,LAR,29,15,152.0,0,0,0,0,0,108,72,620,3,66.7,0,888,1022,86.9,0,0,0,0,0,0,0,0,0,0,0,7.17,2.93,19.27,7,1
2022,WR,DeAndre Hopkins,,30,9,151.7,0,0,0,0,0,96,64,717,3,66.7,1,555,628,88.4,0,0,0,0,0,0,0,0,0,0,0,8.14,10.23,23.18,8,2
2022,WR,Parris Campbell,,25,16,149.1,0,0,0,58,0,91,63,623,3,69.2,0,980,1151,85.1,0,0,0,0,0,0,0,0,0,0,0,6.27,3.33,18.77,5,2
2022,TE,Cole Kmet,CHI,23,15,148.3,0,0,0,9,0,69,50,544,7,72.5,0,970,1034,93.8,0,0,0,0,0,0,0,0,0,0,0,5.97,4.5,18.58,5,2
2022,TE,Pat Freiermuth,PIT,23,14,148.2,0,0,0,0,0,98,63,732,2,64.3,0,743,1096,67.8,0,0,0,0,0,0,0,0,0,0,0,3.86,5.7,15.13,8,0
2022,RB,Jonathan Taylor,IND,23,11,146.4,0,0,0,861,4,40,28,143,0,70.0,3,524,746,70.2,0,0,0,0,0,0,0,0,0,0,0,7.89,4.63,21.75,7,2
2022,TE,Taysom Hill,,32,16,145.8,240,2,0,575,7,13,9,77,2,69.2,0,326,983,33.2,0,0,0,0,0,0,0,0,0,0,0,7.93,1.41,19.07,7,1
2022,WR,Brandin Cooks,,28,13,145.6,0,0,0,7,0,93,57,699,3,61.3,0,657,809,81.2,0,0,0,0,0,0,0,0,0,0,0,4.74,6.58,17.23,6,1
2022,K,Younghoe Koo,,28,16,145.0,0,0,0,0,0,0,0,0,0,0.0,0,0,1051,0.0,33,2,32,0,0,0,0,0,0,0,0,4.8,3.25,15.25,7,0
2022,RB,Samaje Perine,CIN,26,15,143.1,0,0,0,394,2,51,38,287,4,74.5,0,448,1107,40.5,0,0,0,0,0,0,0,0,0,0,0,7.98,2.85,21.28,4,2
2022,DST,BAL Defense,BAL,,17,143.0,0,0,0,0,0,0,0,0,0,0.0,0,0,0,0.0,0,0,0,48,14,10,0,0,2,309,5513,4.02,4.0,14.5,4,0
2022,K,Eddy Pineiro,SF,26,17,142.0,0,0,0,0,0,0,0,0,0,0.0,0,0,1016,0.0,30,2,33,0,0,0,0,0,0,0,0,3.94,3.5,13.5,6,0
2022,TE,David Njoku,LAC,26,14,142.0,0,0,0,-8,0,80,58,628,4,72.5,1,817,972,84.1,0,0,0,0,0,0,0,0,0,0,0,6.41,2.98,17.9,6,1
2022,TE,Dalton Schultz,HOU,26,13,141.7,0,0,0,0,0,89,57,577,5,64.0,1,817,1028,79.5,0,0,0,0,0,0,0,0,0,0,0,6.63,3.7,18.95,6,1
2022,TE,Dallas Goedert,PHI,27,12,141.2,0,0,0,0,0,69,55,702,3,79.7,1,735,813,90.4,0,0,0,0,0,0,0,0,0,0,0,4.83,7.5,16.77,7,1
2022,RB,Cam Akers,,23,14,140.3,0,0,0,786,7,18,13,117,0,72.2,2,428,899,47.6,0,0,0,0,0,0,0,0,0,0,0,8.81,1.78,20.95,5,1
2022,K,Tyler Bass,BUF,25,17,140.0,0,0,0,0,0,0,0,0,0,0.0,0,0,1085,0.0,48,2,28,0,0,0,0,0,0,0,0,4.81,3.25,14.75,4,1
2022,K,Graham Gano,,35,17,140.0,0,0,0,0,0,0,0,0,0,0.0,0,0,1135,0.0,32,2,29,0,0,0,0,0,0,0,0,4.83,1.25,14.25,6,0
2022,TE,Gerald Everett,,28,15,139.5,0,0,0,0,0,87,58,555,4,66.7,0,667,1127,59.2,0,0,0,0,0,0,0,0,0,0,0,4.02,4.45,14.4,6,0
2022,RB,Rachaad White,WAS,23,16,139.1,0,0,0,481,1,58,50,290,2,86.2,3,469,1216,38.6,0,0,0,0,0,0,0,0,0,0,0,5.47,2.47,16.67,6,0
2022,K,Nick Folk,ATL,37,17,138.0,0,0,0,0,0,0,0,0,0,0.0,0,0,1052,0.0,32,3,32,0,0,0,0,0,0,0,0,6.52,0.75,17.75,6,1
2022,K,Robbie Gould,,39,17,136.0,0,0,0,0,0,0,0,0,0,0.0,0,0,1100,0.0,50,1,27,0,0,0,0,0,0,0,0,4.21,3.25,14.5,4,0
2022,TE,Dawson Knox,BUF,25,14,135.7,0,0,0,0,0,65,48,517,6,73.8,0,825,1029,80.2,0,0,0,0,0,0,0,0,0,0,0,4.96,4.3,15.68,5,1
2022,TE,Juwan Johnson,NO,25,14,134.8,0,0,0,0,0,65,42,508,7,64.6,0,648,993,65.3,0,0,0,0,0,0,0,0,0,0,0,6.34,2.68,18.0,6,2
2022,K,Riley Patterson,MIA,22,17,134.0,0,0,0,0,0,0,0,0,0,0.0,0,0,1123,0.0,36,1,30,0,0,0,0,0,0,0,0,3.61,2.75,12.5,5,0
2022,RB,Isiah Pacheco,DET,23,16,133.0,0,0,0,830,5,14,13,130,0,92.9,2,351,1149,30.5,0,0,0,0,0,0,0,0,0,0,0,5.01,1.55,14.28,7,0
2022,WR,Richie James,,26,15,132.5,0,0,0,6,0,70,57,569,4,81.4,3,524,1135,46.2,0,0,0,0,0,0,0,0,0,0,0,7.08,0.18,17.95,7,1
2022,K,Chase McLaughlin,TB,26,15,132.0,0,0,0,0,0,0,0,0,0,0.0,0,0,1059,0.0,21,0,30,0,0,0,0,0,0,0,0,4.9,3.5,15.0,5,1
2022,RB,D'Onta Foreman,,26,16,131.0,0,0,0,914,5,9,5,26,0,55.6,0,353,1016,34.7,0,0,0,0,0,0,0,0,0,0,0,9.24,0.45,22.45,5,2
2022,K,Greg Zuerlein,,34,17,131.0,0,0,0,0,0,0,0,0,0,0.0,0,0,1114,0.0,28,1,30,0,0,0,0,0,0,0,0,4.72,3.25,14.75,3,0
2022,WR,Jahan Dotson,ATL,22,11,130.6,0,0,0,-7,0,61,35,523,7,57.4,0,651,871,74.7,0,0,0,0,0,0,0,0,0,0,0,6.84,3.68,19.0,7,1
2022,K,Matt Gay,LV,28,17,130.0,0,0,0,0,0,0,0,0,0,0.0,0,0,1022,0.0,31,1,28,0,0,0,0,0,0,0,0,4.06,3.5,13.5,3,0
2022,K,Ka'imi Fairbairn,HOU,28,17,130.0,0,0,0,0,0,0,0,0,0,0.0,0,0,1063,0.0,24,0,29,0,0,0,0,0,0,0,0,3.22,4.25,12.25,4,0
2022,DST,SEA Defense,SEA,,17,130.0,0,0,0,0,0,0,0,0,0,0.0,0,0,0,0.0,0,0,0,45,14,9,1,0,1,387,6149,5.54,1.0,15.5,3,0
2022,TE,Tyler Conklin,DET,27,16,129.5,0,0,0,3,0,87,58,552,3,66.7,0,861,1114,77.3,0,0,0,0,0,0,0,0,0,0,0,6.18,2.3,16.73,4,1
2022,DST,KC Defense,KC,,17,129.0,0,0,0,0,0,0,0,0,0,0.0,0,0,0,0.0,0,0,0,55,11,8,2,1,0,369,5579,4.54,2.25,14.0,4,0
2022,WR,Darius Slayton,NYG,25,13,128.4,0,0,0,0,0,71,46,724,2,64.8,1,698,1075,64.9,0,0,0,0,0,0,0,0,0,0,0,5.3,3.13,15.55,7,0
2022,RB,Kareem Hunt,,27,17,126.8,0,0,0,468,3,44,35,210,1,79.5,0,492,1174,41.9,0,0,0,0,0,0,0,0,0,0,0,5.33,2.03,14.58,3,1
2022,RB,Michael Carter,TEN,23,16,126.0,0,0,0,402,3,54,41,288,0,75.9,1,496,1029,48.2,0,0,0,0,0,0,0,0,0,0,0,4.97,2.68,15.0,4,0
2022,K,Jason Sanders,NYJ,26,17,126.0,0,0,0,0,0,0,0,0,0,0.0,0,0,1057,0.0,41,3,26,0,0,0,0,0,0,0,0,3.22,3.25,12.0,4,0
2022,K,Ryan Succop,,35,16,125.0,0,0,0,0,0,0,0,0,0,0.0,0,0,1216,0.0,24,1,31,0,0,0,0,0,0,0,0,4.19,2.5,13.5,4,0
2022,K,Brandon McManus,,31,17,125.0,0,0,0,0,0,0,0,0,0,0.0,0,0,1136,0.0,25,2,28,0,0,0,0,0,0,0,0,3.8,3.0,12.75,4,0
2022,QB,Baker Mayfield,TB,27,12,124.42,2163,10,8,89,1,0,0,0,0,0.0,2,649,895,72.5,0,0,0,0,0,0,0,0,0,0,0,4.0,6.29,15.2,6,0
2022,K,Evan McPherson,CIN,23,17,123.0,0,0,0,0,0,0,0,0,0,0.0,0,0,1107,0.0,41,4,24,0,0,0,0,0,0,0,0,4.35,1.5,12.75,3,0
2022,DST,GB Defense,GB,,17,123.0,0,0,0,0,0,0,0,0,0,0.0,0,0,0,0.0,0,0,0,34,17,7,2,1,1,365,5721,5.54,1.5,15.0,4,1
2022,QB,Taylor Heinicke,,29,9,122.96,1859,12,6,96,1,0,0,0,0,0.0,5,614,1190,51.6,0,0,0,0,0,0,0,0,0,0,0,4.84,9.49,17.94,7,1
2022,TE,Noah Fant,NO,24,16,122.6,0,0,0,0,0,63,50,486,4,79.4,0,660,1093,60.4,0,0,0,0,0,0,0,0,0,0,0,3.82,3.33,13.38,4,0
2022,WR,Russell Gage,,26,13,122.6,0,0,0,0,0,70,51,426,5,72.9,1,529,920,57.5,0,0,0,0,0,0,0,0,0,0,0,7.09,3.45,17.9,4,2
2022,WR,Marquez Valdes-Scantling,DAL,27,15,122.4,0,0,0,-3,0,81,42,687,2,51.9,0,777,1149,67.6,0,0,0,0,0,0,0,0,0,0,0,4.3,2.83,13.93,4,0
2022,DST,IND Defense,IND,,16,122.0,0,0,0,0,0,0,0,0,0,0.0,0,0,0,0.0,0,0,0,44,10,10,2,0,3,397,5678,6.02,2.0,16.25,3,1
2022,DST,NYJ Defense,NYJ,,16,122.0,0,0,0,0,0,0,0,0,0,0.0,0,0,0,0.0,0,0,0,45,12,4,0,2,3,314,5288,4.55,3.0,13.5,3,1
2022,K,Greg Joseph,,28,17,120.0,0,0,0,0,0,0,0,0,0,0.0,0,0,1168,0.0,40,6,26,0,0,0,0,0,0,0,0,4.83,1.5,13.75,5,0
2022,WR,Isaiah McKenzie,,27,14,119.8,0,0,0,55,1,66,42,423,4,63.6,0,555,1029,53.9,0,0,0,0,0,0,0,0,0,0,0,6.18,2.88,16.38,3,2
2022,DST,WAS Defense,WAS,,17,119.0,0,0,0,0,0,0,0,0,0,0.0,0,0,0,0.0,0,0,0,43,9,6,3,1,1,329,5178,5.71,1.25,16.5,4,0
2022,QB,Carson Wentz,MIN,29,8,118.8,1755,11,9,86,1,0,0,0,0,0.0,1,510,627,81.3,0,0,0,0,0,0,0,0,0,0,0,9.55,7.26,22.45,3,3
2022,DST,NO Defense,NO,,17,118.0,0,0,0,0,0,0,0,0,0,0.0,0,0,0,0.0,0,0,0,48,7,6,1,0,1,321,5352,4.75,2.75,14.0,3,0
2022,DST,CIN Defense,CIN,,17,118.0,0,0,0,0,0,0,0,0,0,0.0,0,0,0,0.0,0,0,0,30,13,10,1,0,2,313,5439,5.51,1.5,15.25,3,0
2022,DST,NYG Defense,NYG,,15,118.0,0,0,0,0,0,0,0,0,0,0.0,0,0,0,0.0,0,0,0,41,6,10,2,0,2,369,6089,5.55,2.75,15.75,3,1
2022,RB,Khalil Herbert,SF,24,13,117.8,0,0,0,731,4,12,9,57,1,75.0,0,301,797,37.8,0,0,0,0,0,0,0,0,0,0,0,7.88,2.2,18.45,5,1
2022,K,Jake Elliott,PHI,27,16,117.0,0,0,0,0,0,0,0,0,0,0.0,0,0,1102,0.0,51,2,20,0,0,0,0,0,0,0,0,4.41,3.25,13.5,4,0
2022,DST,CLE Defense,CLE,,16,117.0,0,0,0,0,0,0,0,0,0,0.0,0,0,0,0.0,0,0,0,34,11,8,3,0,1,379,5635,8.01,0.25,18.75,4,1
2022,DST,CAR Defense,CAR,,17,117.0,0,0,0,0,0,0,0,0,0,0.0,0,0,0,0.0,0,0,0,35,10,6,3,0,5,362,5953,4.2,1.0,12.0,2,0
2022,WR,Marvin Jones,,32,14,116.9,0,0,0,0,0,81,46,529,3,56.8,0,700,1060,66.0,0,0,0,0,0,0,0,0,0,0,0,4.14,3.68,13.5,4,0
2022,TE,Jordan Akins,,30,14,116.5,0,0,0,0,0,54,37,495,5,68.5,1,406,930,43.7,0,0,0,0,0,0,0,0,0,0,0,6.1,2.5,15.85,5,1
2022,WR,Kalif Raymond,CHI,28,15,116.2,0,0,0,36,0,64,47,616,0,73.4,1,555,1142,48.6,0,0,0,0,0,0,0,0,0,0,0,3.97,3.15,13.0,4,0
2022,WR,Devin Duvernay,ARI,24,13,116.1,0,0,0,84,1,49,37,407,3,75.5,0,632,914,69.1,0,0,0,0,0,0,0,0,0,0,0,5.68,2.63,15.7,6,1
2022,WR,Robert Woods,,30,16,115.7,0,0,0,0,0,91,53,527,2,58.2,1,809,1035,78.2,0,0,0,0,0,0,0,0,0,0,0,4.24,2.38,13.33,4,0
2022,TE,Zach Ertz,,31,10,115.6,0,0,0,0,0,69,47,406,4,68.1,0,575,726,79.2,0,0,0,0,0,0,0,0,0,0,0,4.27,7.4,15.3,8,0
2022,QB,Matthew Stafford,LAR,34,9,115.38,2087,10,8,9,1,0,0,0,0,0.0,3,534,560,95.4,0,0,0,0,0,0,0,0,0,0,0,3.93,9.56,16.46,7,1
2022,WR,Chris Moore,BAL,29,14,115.1,0,0,0,3,0,74,48,548,2,64.9,0,678,1005,67.5,0,0,0,0,0,0,0,0,0,0,0,4.99,3.65,14.23,2,1
2022,WR,Noah Brown,,26,15,114.5,0,0,0,0,0,74,43,555,3,58.1,1,822,1101,74.7,0,0,0,0,0,0,0,0,0,0,0,6.7,1.5,16.83,5,2
2022,RB,Breece Hall,NYJ,21,7,114.1,0,0,0,463,4,31,19,218,1,61.3,1,233,475,49.1,0,0,0,0,0,0,0,0,0,0,0,5.58,12.63,19.7,6,2
2022,K,Mason Crosby,,37,17,114.0,0,0,0,0,0,0,0,0,0,0.0,0,0,1094,0.0,37,2,25,0,0,0,0,0,0,0,0,4.08,2.0,12.25,3,0
2022,K,Michael Badgley,,27,13,114.0,0,0,0,0,0,0,0,0,0,0.0,0,0,922,0.0,33,0,24,0,0,0,0,0,0,0,0,4.25,4.75,13.75,4,0
2022,DST,HOU Defense,HOU,,15,114.0,0,0,0,0,0,0,0,0,0,0.0,0,0,0,0.0,0,0,0,39,16,7,1,1,0,378,6452,3.05,4.0,11.5,3,0
2022,WR,Greg Dortch,DET,24,11,113.1,0,0,0,44,0,64,52,467,2,81.3,1,513,1139,45.0,0,0,0,0,0,0,0,0,0,0,0,7.26,2.4,18.52,5,1
2022,RB,Brian Robinson,ATL,23,12,112.7,0,0,0,797,2,12,9,60,1,75.0,0,351,822,42.7,0,0,0,0,0,0,0,0,0,0,0,5.2,3.93,15.05,6,1
2022,WR,Alec Pierce,IND,22,12,112.3,0,0,0,0,0,78,41,593,2,52.6,0,725,1101,65.8,0,0,0,0,0,0,0,0,0,0,0,4.63,4.8,15.15,4,0
2022,WR,DeAndre Carter,,29,16,112.3,0,0,0,-15,0,65,46,538,3,70.8,2,698,1192,58.6,0,0,0,0,0,0,0,0,0,0,0,5.62,1.63,15.6,4,1
2022,TE,Robert Tonyan,PIT,28,17,112.0,0,0,0,0,0,67,53,470,2,79.1,0,591,1094,54.0,0,0,0,0,0,0,0,0,0,0,0,4.54,1.88,13.27,3,0
2022,DST,MIN Defense,MIN,,17,112.0,0,0,0,0,0,0,0,0,0,0.0,0,0,0,0.0,0,0,0,38,15,8,1,0,3,415,6608,5.21,-1.0,13.25,4,0
2022,K,Cade York,NYJ,21,17,111.0,0,0,0,0,0,0,0,0,0,0.0,0,0,1174,0.0,35,2,24,0,0,0,0,0,0,0,0,3.6,3.0,12.0,3,0
2022,DST,TB Defense,TB,,17,111.0,0,0,0,0,0,0,0,0,0,0.0,0,0,0,0.0,0,0,0,44,10,10,1,0,1,358,5513,6.73,0.75,15.5,3,1
2022,DST,DEN Defense,DEN,,17,111.0,0,0,0,0,0,0,0,0,0,0.0,0,0,0,0.0,0,0,0,36,15,6,0,1,1,341,5440,5.3,0.25,14.0,3,0
2022,QB,Brock Purdy,SF,22,9,110.26,1374,13,4,13,1,0,0,0,0,0.0,0,380,956,39.7,0,0,0,0,0,0,0,0,0,0,0,8.4,4.31,19.13,6,1
2022,DST,LAC Defense,LAC,,17,110.0,0,0,0,0,0,0,0,0,0,0.0,0,0,0,0.0,0,0,0,40,14,8,1,1,1,378,5884,5.54,0.25,14.5,3,0
2022,TE,Hayden Hurst,,29,14,109.9,0,0,0,0,0,70,54,439,2,77.1,0,545,891,61.2,0,0,0,0,0,0,0,0,0,0,0,4.01,3.55,12.88,4,0
2022,WR,Olamide Zaccheaus,ATL,25,15,109.0,0,0,0,7,0,61,40,533,3,65.6,1,737,1051,70.1,0,0,0,0,0,0,0,0,0,0,0,3.75,2.95,12.45,4,0
2022,DST,MIA Defense,MIA,,17,109.0,0,0,0,0,0,0,0,0,0,0.0,0,0,0,0.0,0,0,0,40,8,6,2,1,1,383,5743,6.42,-1.0,15.75,4,0
2022,DST,ARI Defense,ARI,,16,109.0,0,0,0,0,0,0,0,0,0,0.0,0,0,0,0.0,0,0,0,36,11,9,5,0,1,437,5931,5.4,0.5,14.0,5,0
2022,DST,DET Defense,DET,,16,107.0,0,0,0,0,0,0,0,0,0,0.0,0,0,0,0.0,0,0,0,39,12,9,1,1,1,407,6670,5.38,-0.5,13.0,5,0
2022,DST,LAR Defense,LAR,,17,107.0,0,0,0,0,0,0,0,0,0,0.0,0,0,0,0.0,0,0,0,38,16,5,1,0,1,364,5798,4.81,1.5,13.0,3,0
2022,DST,PIT Defense,PIT,,16,107.0,0,0,0,0,0,0,0,0,0,0.0,0,0,0,0.0,0,0,0,40,20,3,1,0,3,340,5617,6.58,1.25,15.5,5,1
2022,RB,James Cook,BUF,22,16,106.5,0,0,0,525,2,32,21,180,1,65.6,1,269,1085,24.8,0,0,0,0,0,0,0,0,0,0,0,5.36,0.5,13.83,3,0
2022,K,Wil Lutz,DEN,28,16,106.0,0,0,0,0,0,0,0,0,0,0.0,0,0,1052,0.0,33,0,23,0,0,0,0,0,0,0,0,4.06,1.25,11.25,2,0
2022,K,Joey Slye,TEN,26,15,106.0,0,0,0,0,0,0,0,0,0,0.0,0,0,1190,0.0,24,4,25,0,0,0,0,0,0,0,0,4.09,3.5,12.25,2,0
2022,QB,Zach Wilson,NO,23,9,105.92,1688,6,7,102,1,1,1,2,1,100.0,1,504,590,85.4,0,0,0,0,0,0,0,0,0,0,0,6.78,5.05,18.79,5,2
2022,WR,Michael Gallup,,26,13,105.4,0,0,0,0,0,74,39,424,4,52.7,0,738,1034,71.4,0,0,0,0,0,0,0,0,0,0,0,4.48,3.25,13.4,4,0
2022,WR,Chase Claypool,,24,13,105.04,1,1,0,59,0,79,46,451,1,58.2,1,662,951,69.6,0,0,0,0,0,0,0,0,0,0,0,5.29,3.38,13.84,2,1
2022,RB,Kenyan Drake,,28,12,104.1,0,0,0,482,4,26,17,89,1,65.4,0,365,799,45.7,0,0,0,0,0,0,0,0,0,0,0,8.08,0.93,19.3,4,1
2022,TE,Hunter Henry,NE,27,15,103.9,0,0,0,0,0,59,41,509,2,69.5,0,797,1052,75.8,0,0,0,0,0,0,0,0,0,0,0,4.65,2.48,12.95,4,0
2022,WR,Josh Reynolds,,27,12,103.9,0,0,0,0,0,59,38,479,3,64.4,0,625,951,65.7,0,0,0,0,0,0,0,0,0,0,0,6.65,2.33,17.0,5,1
2022,WR,Demarcus Robinson,SF,27,15,103.8,0,0,0,0,0,75,48,458,2,64.0,1,637,1096,58.1,0,0,0,0,0,0,0,0,0,0,0,5.2,2.15,13.88,4,1
2022,WR,DeVante Parker,,29,10,102.9,0,0,0,0,0,47,31,539,3,66.0,0,545,808,67.5,0,0,0,0,0,0,0,0,0,0,0,7.37,3.45,17.23,5,2
2022,WR,Darnell Mooney,NYG,24,11,101.5,0,0,0,2,0,61,40,493,2,65.6,0,630,757,83.2,0,0,0,0,0,0,0,0,0,0,0,5.11,3.48,14.4,5,0
2022,WR,Romeo Doubs,NE,22,11,100.6,0,0,0,11,0,67,42,425,3,62.7,1,529,854,61.9,0,0,0,0,0,0,0,0,0,0,0,5.23,4.6,15.18,4,1
2022,WR,Rashid Shaheed,SEA,24,11,100.5,0,0,0,57,1,34,28,488,2,82.4,0,298,717,41.6,0,0,0,0,0,0,0,0,0,0,0,4.69,4.47,14.05,5,0
2022,WR,Isaiah Hodgins,NYG,23,9,100.2,0,0,0,0,0,48,37,392,4,77.1,1,433,726,59.6,0,0,0,0,0,0,0,0,0,0,0,5.89,5.95,17.08,4,1
2022,WR,Corey Davis,,27,12,98.6,0,0,0,0,0,64,32,536,2,50.0,0,617,882,70.0,0,0,0,0,0,0,0,0,0,0,0,5.57,2.63,15.48,4,0
2022,RB,Clyde Edwards-Helaire,,23,9,98.3,0,0,0,302,3,23,17,151,3,73.9,0,224,701,32.0,0,0,0,0,0,0,0,0,0,0,0,7.81,3.4,18.88,4,2
2022,TE,Mike Gesicki,CIN,26,14,98.2,0,0,0,0,0,52,32,362,5,61.5,0,478,1057,45.2,0,0,0,0,0,0,0,0,0,0,0,6.41,1.38,15.4,3,1
2022,WR,DJ Chark,,25,9,98.2,0,0,0,0,0,52,30,502,3,57.7,0,534,759,70.4,0,0,0,0,0,0,0,0,0,0,0,5.68,5.6,16.55,4,1
2022,DST,TEN Defense,TEN,,17,98.0,0,0,0,0,0,0,0,0,0,0.0,0,0,0,0.0,0,0,0,39,14,6,1,0,1,347,5978,5.91,-1.75,14.0,4,0
2022,TE,Austin Hooper,ATL,27,17,97.4,0,0,0,0,0,60,41,444,2,68.3,0,525,1035,50.7,0,0,0,0,0,0,0,0,0,0,0,4.57,1.53,12.28,2,0
2022,TE,Chig Okonkwo,WAS,22,13,97.2,0,0,0,2,0,46,32,450,3,69.6,0,378,1035,36.5,0,0,0,0,0,0,0,0,0,0,0,5.01,2.28,13.83,4,0
2022,WR,Nico Collins,HOU,23,10,97.1,0,0,0,0,0,66,37,481,2,56.1,0,442,618,71.5,0,0,0,0,0,0,0,0,0,0,0,3.17,6.7,12.53,5,0
2022,K,Cairo Santos,CHI,30,16,97.0,0,0,0,0,0,0,0,0,0,0.0,0,0,972,0.0,27,5,21,0,0,0,0,0,0,0,0,5.15,0.5,13.5,3,0
2022,K,Matt Prater,,38,12,95.0,0,0,0,0,0,0,0,0,0,0.0,0,0,931,0.0,17,1,22,0,0,0,0,0,0,0,0,4.87,2.5,14.0,4,0
2022,WR,Treylon Burks,WAS,22,11,94.1,0,0,0,47,0,54,33,444,1,61.1,0,393,674,58.3,0,0,0,0,0,0,0,0,0,0,0,5.21,3.45,14.3,3,0
2022,WR,Mecole Hardman,BUF,24,8,93.8,0,0,0,31,2,34,25,297,4,73.5,0,303,573,52.9,0,0,0,0,0,0,0,0,0,0,0,8.44,5.18,18.27,5,1
2022,TE,Cade Otton,TB,23,14,93.1,0,0,0,0,0,65,42,391,2,64.6,0,803,1151,69.8,0,0,0,0,0,0,0,0,0,0,0,4.8,2.28,13.33,4,0
2022,K,Harrison Butker,KC,27,13,93.0,0,0,0,0,0,0,0,0,0,0.0,0,0,877,0.0,38,3,18,0,0,0,0,0,0,0,0,4.11,2.5,12.25,3,0
2022,K,Cameron Dicker,LAC,22,11,93.0,0,0,0,0,0,0,0,0,0,0.0,0,0,757,0.0,24,0,21,0,0,0,0,0,0,0,0,1.97,6.5,10.5,2,0
2022,RB,Jaylen Warren,PIT,23,16,92.3,0,0,0,379,1,33,28,214,0,84.8,0,342,1091,31.3,0,0,0,0,0,0,0,0,0,0,0,4.04,1.33,11.48,5,0
2022,TE,Isaiah Likely,NYG,22,13,91.3,0,0,0,0,0,60,36,373,3,60.0,0,414,1024,40.4,0,0,0,0,0,0,0,0,0,0,0,5.9,1.73,14.4,3,0
2022,RB,Damien Harris,,25,11,90.9,0,0,0,462,3,23,17,97,0,73.9,0,238,685,34.7,0,0,0,0,0,0,0,0,0,0,0,5.01,3.0,14.0,4,0
2022,QB,Deshaun Watson,CLE,26,6,90.58,1102,7,5,175,1,0,0,0,0,0.0,0,387,392,98.7,0,0,0,0,0,0,0,0,0,0,0,5.15,12.28,17.9,5,1
2022,WR,Marquise Goodwin,,31,10,90.2,0,0,0,5,0,42,27,387,4,64.3,0,420,826,50.8,0,0,0,0,0,0,0,0,0,0,0,6.78,3.63,15.83,3,2
2022,RB,Eno Benjamin,,23,12,89.6,0,0,0,313,2,34,25,193,0,73.5,0,339,1040,32.6,0,0,0,0,0,0,0,0,0,0,0,6.19,1.75,14.05,2,1
2022,QB,Sam Darnold,SEA,25,6,89.32,1143,7,3,106,2,0,0,0,0,0.0,2,377,434,86.9,0,0,0,0,0,0,0,0,0,0,0,6.69,11.2,18.65,5,2
2022,K,Chris Boswell,PIT,31,12,89.0,0,0,0,0,0,0,0,0,0,0.0,0,0,793,0.0,18,0,20,0,0,0,0,0,0,0,0,3.82,2.75,11.5,3,0
2022,TE,Will Dissly,,26,15,88.9,0,0,0,0,0,38,34,349,3,89.5,0,569,951,59.8,0,0,0,0,0,0,0,0,0,0,0,3.96,2.35,12.03,3,0
2022,RB,James Robinson,,24,10,88.6,0,0,0,425,3,14,11,51,2,78.6,0,271,727,37.3,0,0,0,0,0,0,0,0,0,0,0,7.43,1.65,17.4,4,1
2022,RB,Alexander Mattison,,24,17,88.4,0,0,0,283,5,18,15,91,1,83.3,0,297,1168,25.4,0,0,0,0,0,0,0,0,0,0,0,5.05,0.35,12.55,2,0
2022,WR,Elijah Moore,PHI,22,13,88.1,0,0,0,5,0,65,37,446,1,56.9,0,731,1055,69.3,0,0,0,0,0,0,0,0,0,0,0,3.78,2.85,11.33,2,0
2022,WR,Rondale Moore,,22,8,87.9,0,0,0,-5,0,56,41,414,1,73.2,0,459,562,81.7,0,0,0,0,0,0,0,0,0,0,0,7.61,4.53,17.45,5,1
2022,RB,Kenny Gainwell,TB,23,16,87.9,0,0,0,240,4,29,23,169,0,79.3,0,331,1175,28.2,0,0,0,0,0,0,0,0,0,0,0,4.05,1.43,11.35,3,0
2022,WR,Kendrick Bourne,ARI,27,14,87.3,0,0,0,39,0,48,35,434,1,72.9,0,441,1000,44.1,0,0,0,0,0,0,0,0,0,0,0,5.79,2.0,12.98,1,1
2022,RB,Chuba Hubbard,CAR,23,13,86.7,0,0,0,466,2,17,14,171,0,82.4,1,275,887,31.0,0,0,0,0,0,0,0,0,0,0,0,6.1,0.1,14.1,3,0
2022,TE,Greg Dulcich,MIA,22,10,86.1,0,0,0,0,0,55,33,411,2,60.0,0,497,663,75.0,0,0,0,0,0,0,0,0,0,0,0,4.69,3.58,13.38,5,0
2022,TE,Foster Moreau,HOU,25,13,85.2,0,0,0,2,0,54,33,420,2,61.1,1,745,963,77.4,0,0,0,0,0,0,0,0,0,0,0,3.28,3.53,10.8,2,0
2022,WR,Allen Robinson,,29,10,84.9,0,0,0,0,0,52,33,339,3,63.5,0,562,620,90.6,0,0,0,0,0,0,0,0,0,0,0,5.34,3.35,14.43,4,0
2022,TE,Darren Waller,,29,8,84.8,0,0,0,0,0,43,28,388,3,65.1,0,346,653,53.0,0,0,0,0,0,0,0,0,0,0,0,4.57,6.48,14.73,4,0
2022,WR,Quez Watkins,PHI,24,12,84.5,0,0,0,1,0,51,33,354,3,64.7,1,681,1175,58.0,0,0,0,0,0,0,0,0,0,0,0,4.15,2.88,12.13,3,0
2022,RB,Deon Jackson,,23,12,84.5,0,0,0,236,1,34,30,209,1,88.2,1,250,1086,23.0,0,0,0,0,0,0,0,0,0,0,0,8.37,0.05,17.2,4,1
2022,WR,Ben Skowronek,PIT,25,13,84.3,0,0,0,17,1,61,39,376,0,63.9,0,696,847,82.2,0,0,0,0,0,0,0,0,0,0,0,5.06,1.8,13.33,4,0
2022,RB,Melvin Gordon,,29,10,84.1,0,0,0,318,2,32,25,223,0,78.1,2,284,680,41.8,0,0,0,0,0,0,0,0,0,0,0,5.25,3.03,13.5,5,0
2022,K,Randy Bullock,,32,15,84.0,0,0,0,0,0,0,0,0,0,0.0,0,0,912,0.0,28,0,17,0,0,0,0,0,0,0,0,3.81,1.5,10.5,2,0
2022,WR,Trent Sherfield,BUF,26,15,83.7,0,0,0,0,0,51,30,417,2,58.8,0,610,1057,57.7,0,0,0,0,0,0,0,0,0,0,0,4.48,1.58,11.93,2,0
2022,WR,Terrace Marshall,MIA,22,12,83.0,0,0,0,0,0,47,28,490,1,59.6,0,645,903,71.4,0,0,0,0,0,0,0,0,0,0,0,3.77,3.1,11.43,3,0
2022,DST,LV Defense,LV,,16,83.0,0,0,0,0,0,0,0,0,0,0.0,0,0,0,0.0,0,0,0,27,6,7,3,0,2,400,6216,3.8,0.5,10.25,2,0
2022,DST,ATL Defense,ATL,,15,83.0,0,0,0,0,0,0,0,0,0,0.0,0,0,0,0.0,0,0,0,21,10,7,2,1,3,386,6156,4.3,1.25,11.0,2,0
2022,WR,Nick Westbrook-Ikhine,IND,25,11,82.7,0,0,0,0,0,50,25,397,3,50.0,0,777,1035,75.1,0,0,0,0,0,0,0,0,0,0,0,7.55,1.85,14.8,2,1
2022,WR,Jauan Jennings,MIN,25,15,82.6,0,0,0,0,0,56,35,416,1,62.5,0,489,1047,46.7,0,0,0,0,0,0,0,0,0,0,0,3.91,1.6,10.43,2,0
2022,WR,Randall Cobb,,32,12,81.7,0,0,0,0,0,50,34,417,1,68.0,0,371,836,44.4,0,0,0,0,0,0,0,0,0,0,0,4.49,2.45,11.95,2,0
2022,RB,J.K. Dobbins,DEN,23,8,81.2,0,0,0,520,2,8,7,42,1,87.5,0,201,482,41.7,0,0,0,0,0,0,0,0,0,0,0,6.77,4.45,15.85,3,1
2022,RB,Nyheim Miller-Hines,,25,15,80.4,0,0,0,33,1,37,30,241,1,81.1,0,208,1094,19.0,0,0,0,0,0,0,0,0,0,0,0,4.39,0.75,11.15,3,0
2022,WR,Van Jefferson,WAS,26,9,78.9,0,0,0,0,0,44,24,369,3,54.5,0,498,641,77.7,0,0,0,0,0,0,0,0,0,0,0,2.87,5.78,11.68,4,0
2022,QB,Mitchell Trubisky,TEN,28,7,78.88,1252,4,5,38,2,0,0,0,0,0.0,0,356,1160,30.7,0,0,0,0,0,0,0,0,0,0,0,3.86,9.3,13.53,6,0
2022,RB,Rex Burkhead,,32,15,77.4,0,0,0,80,0,51,37,204,1,72.5,0,260,998,26.1,0,0,0,0,0,0,0,0,0,0,0,3.98,1.25,10.65,2,0
2022,TE,Logan Thomas,,31,12,77.3,0,0,0,0,0,61,39,323,1,63.9,0,681,996,68.4,0,0,0,0,0,0,0,0,0,0,0,3.92,2.25,11.33,3,0
2022,RB,Dontrell Hilliard,,27,11,77.2,0,0,0,145,0,26,21,177,4,80.8,0,200,716,27.9,0,0,0,0,0,0,0,0,0,0,0,5.9,1.9,13.38,3,1
2022,WR,Hunter Renfrow,,26,10,76.0,0,0,0,0,0,50,36,330,2,72.0,1,377,623,60.5,0,0,0,0,0,0,0,0,0,0,0,5.2,3.25,12.73,2,0
2022,TE,Kyle Pitts,ATL,21,10,75.6,0,0,0,0,0,59,28,356,2,47.5,0,434,599,72.5,0,0,0,0,0,0,0,0,0,0,0,5.02,3.8,12.73,3,0
2022,TE,Daniel Bellinger,TEN,21,11,75.0,0,0,0,2,1,35,30,268,2,85.7,1,574,861,66.7,0,0,0,0,0,0,0,0,0,0,0,3.59,3.33,10.45,2,0
2022,RB,Chase Edmonds,,26,13,74.2,0,0,0,245,2,24,16,157,1,66.7,0,297,859,34.6,0,0,0,0,0,0,0,0,0,0,0,4.59,0.95,11.63,3,0
2022,TE,Jelani Woods,NYJ,23,11,74.2,0,0,0,0,0,40,25,312,3,62.5,0,334,1021,32.7,0,0,0,0,0,0,0,0,0,0,0,5.32,2.2,12.78,3,0
2022,RB,Darrell Henderson,,25,10,73.5,0,0,0,283,3,22,17,102,0,77.3,0,331,620,53.4,0,0,0,0,0,0,0,0,0,0,0,4.01,3.3,11.6,4,0
2022,WR,Nelson Agholor,,29,10,73.2,0,0,0,0,0,53,31,362,2,58.5,2,476,982,48.5,0,0,0,0,0,0,0,0,0,0,0,7.14,2.1,14.33,2,1
2022,WR,Laviska Shenault,,23,11,72.7,0,0,0,65,1,32,27,272,1,84.4,0,206,792,26.0,0,0,0,0,0,0,0,0,0,0,0,5.05,2.08,12.0,2,0
2022,WR,Julio Jones,,33,10,70.4,0,0,0,45,0,43,24,299,2,55.8,0,351,737,47.6,0,0,0,0,0,0,0,0,0,0,0,4.1,2.83,11.2,3,0
2022,WR,Jamal Agnew,,27,14,70.3,0,0,0,86,0,30,23,187,3,76.7,0,141,980,14.4,0,0,0,0,0,0,0,0,0,0,0,5.84,0.75,12.88,2,1
2022,TE,Noah Gray,KC,23,17,70.0,0,0,0,1,1,34,28,299,1,82.4,0,597,1149,52.0,0,0,0,0,0,0,0,0,0,0,0,2.38,1.88,7.78,0,0
2022,RB,JaMycal Hasty,,25,13,70.0,0,0,0,194,2,26,20,126,1,76.9,0,222,1123,19.8,0,0,0,0,0,0,0,0,0,0,0,6.49,0.75,13.5,3,1
2022,TE,Colby Parkinson,LAR,23,13,69.2,0,0,0,0,0,34,25,322,2,73.5,0,443,1093,40.5,0,0,0,0,0,0,0,0,0,0,0,3.98,1.85,10.28,2,0
2022,K,Matthew Wright,,26,6,67.0,0,0,0,0,0,0,0,0,0,0.0,0,0,443,0.0,15,0,15,0,0,0,0,0,0,0,0,3.53,9.5,13.5,4,0
2022,DST,CHI Defense,CHI,,16,67.0,0,0,0,0,0,0,0,0,0,0.0,0,0,0,0.0,0,0,0,20,14,7,0,0,1,451,6390,4.16,-2.0,9.0,1,0
2022,WR,Tyquan Thornton,KC,22,12,66.3,0,0,0,16,1,45,22,247,2,48.9,0,527,803,65.6,0,0,0,0,0,0,0,0,0,0,0,5.97,1.78,12.05,2,1
2022,WR,Dante Pettis,BUF,26,11,65.2,0,0,0,37,0,41,19,245,3,46.3,0,524,1034,50.7,0,0,0,0,0,0,0,0,0,0,0,5.0,2.28,11.35,2,0
2022,RB,Joshua Kelley,,24,12,64.8,0,0,0,287,2,25,14,101,0,56.0,0,261,929,28.1,0,0,0,0,0,0,0,0,0,0,0,3.87,2.55,9.35,2,0
2022,WR,Equanimeous St. Brown,,25,15,64.7,0,0,0,54,0,38,21,323,1,55.3,0,555,971,57.2,0,0,0,0,0,0,0,0,0,0,0,3.38,0.8,9.13,1,0
2022,TE,Brock Wright,DET,23,10,63.6,0,0,0,0,0,24,18,216,4,75.0,0,591,1142,51.8,0,0,0,0,0,0,0,0,0,0,0,4.65,2.45,11.33,2,0
2022,RB,Zack Moss,,24,13,63.5,0,0,0,456,1,13,11,39,0,84.6,1,249,926,26.9,0,0,0,0,0,0,0,0,0,0,0,5.61,0.48,11.15,1,1
2022,WR,Trenton Irwin,SF,26,9,63.2,0,0,0,11,0,23,15,231,4,65.2,0,287,617,46.5,0,0,0,0,0,0,0,0,0,0,0,6.27,2.13,12.8,3,0
2022,WR,Tutu Atwell,MIA,22,10,63.2,0,0,0,34,1,35,18,298,1,51.4,0,308,831,37.1,0,0,0,0,0,0,0,0,0,0,0,4.13,2.23,10.9,2,0
2022,TE,Kylen Granson,TEN,24,12,62.2,0,0,0,0,0,40,31,302,0,77.5,0,408,904,45.1,0,0,0,0,0,0,0,0,0,0,0,2.67,2.55,8.4,1,0
2022,TE,Harrison Bryant,,24,13,61.7,0,0,0,8,0,42,31,239,1,73.8,0,564,1174,48.0,0,0,0,0,0,0,0,0,0,0,0,2.46,2.45,7.98,1,0
2022,WR,Shi Smith,,23,11,61.6,0,0,0,0,0,41,22,296,2,53.7,1,482,1016,47.4,0,0,0,0,0,0,0,0,0,0,0,4.64,2.2,10.55,2,0
2022,WR,A.J. Green,,34,10,61.6,0,0,0,0,0,47,24,236,2,51.1,0,554,1129,49.1,0,0,0,0,0,0,0,0,0,0,0,4.84,2.3,10.93,1,0
2022,TE,Trey McBride,ARI,22,9,61.5,0,0,0,0,0,39,29,265,1,74.4,0,599,1140,52.5,0,0,0,0,0,0,0,0,0,0,0,5.49,3.23,10.8,1,1
2022,QB,Mike White,,27,4,60.58,1192,3,4,9,1,0,0,0,0,0.0,1,285,693,41.1,0,0,0,0,0,0,0,0,0,0,0,7.46,15.15,15.15,3,1
2022,WR,Jarvis Landry,,29,8,60.2,0,0,0,0,0,39,25,272,1,64.1,0,301,533,56.5,0,0,0,0,0,0,0,0,0,0,0,4.89,4.08,10.98,2,0
2022,RB,Matt Breida,,27,17,59.8,0,0,0,220,1,25,20,118,0,80.0,0,264,1135,23.3,0,0,0,0,0,0,0,0,0,0,0,3.1,0.55,8.32,1,0
2022,QB,Cooper Rush,ATL,28,7,59.64,1051,5,3,6,0,0,0,0,0,0.0,0,341,1159,29.4,0,0,0,0,0,0,0,0,0,0,0,5.77,4.01,12.97,3,0
2022,RB,Gus Edwards,,27,9,59.3,0,0,0,433,3,2,0,0,0,0.0,1,159,590,26.9,0,0,0,0,0,0,0,0,0,0,0,5.35,2.13,11.08,1,0
2022,RB,Zonovan Knight,ARI,21,7,59.0,0,0,0,300,1,14,13,100,0,92.9,0,198,470,42.1,0,0,0,0,0,0,0,0,0,0,0,6.15,3.3,13.05,3,0
2022,WR,Justin Watson,HOU,26,10,58.5,0,0,0,0,0,34,15,315,2,44.1,0,494,1149,43.0,0,0,0,0,0,0,0,0,0,0,0,3.43,2.6,9.45,1,0
2022,WR,Braxton Berrios,NYG,26,13,57.68,2,1,0,91,2,32,18,145,0,56.3,0,297,1114,26.7,0,0,0,0,0,0,0,0,0,0,0,3.0,1.48,8.48,0,0
2022,WR,Kadarius Toney,,23,8,57.3,0,0,0,82,1,20,16,171,2,80.0,1,144,610,23.6,0,0,0,0,0,0,0,0,0,0,0,5.81,2.25,12.08,2,0
2022,WR,Ray-Ray McCloud,,25,12,57.1,0,0,0,78,1,25,14,243,1,56.0,0,286,1100,26.0,0,0,0,0,0,0,0,0,0,0,0,4.66,1.75,9.78,2,0
2022,WR,Kendall Hinton,,25,10,56.4,0,0,0,13,0,33,24,311,0,72.7,0,461,796,57.9,0,0,0,0,0,0,0,0,0,0,0,3.26,2.33,9.38,1,0
2022,TE,C.J. Uzomah,,29,12,56.2,0,0,0,0,0,27,21,232,2,77.8,0,525,988,53.1,0,0,0,0,0,0,0,0,0,0,0,4.23,1.98,8.2,1,0
2022,RB,J.D. McKissic,,29,8,55.8,0,0,0,95,0,40,27,173,0,67.5,0,221,557,39.7,0,0,0,0,0,0,0,0,0,0,0,3.99,3.8,10.15,1,0
2022,TE,Irv Smith,,24,7,55.2,0,0,0,0,0,36,25,182,2,69.4,0,285,540,52.8,0,0,0,0,0,0,0,0,0,0,0,3.39,5.43,10.07,2,0
2022,TE,MyCole Pruitt,,30,9,55.0,0,0,0,0,0,21,16,150,4,76.2,0,321,803,40.0,0,0,0,0,0,0,0,0,0,0,0,3.58,2.48,9.48,1,0
2022,RB,Ameer Abdullah,JAX,29,12,54.1,0,0,0,20,0,32,25,211,1,78.1,0,175,1102,15.9,0,0,0,0,0,0,0,0,0,0,0,3.55,1.73,8.32,1,0
2022,TE,Mo Alie-Cox,IND,28,11,53.9,0,0,0,0,0,28,19,189,3,67.9,1,586,1151,50.9,0,0,0,0,0,0,0,0,0,0,0,7.1,1.1,10.48,1,1
2022,QB,Tyler Huntley,BAL,24,5,53.02,658,2,3,137,1,0,0,0,0,0.0,0,268,1018,26.3,0,0,0,0,0,0,0,0,0,0,0,3.98,9.11,11.75,3,0
2022,WR,Tre'Quan Smith,,26,8,52.8,0,0,0,0,0,27,19,278,1,70.4,0,403,923,43.7,0,0,0,0,0,0,0,0,0,0,0,5.12,2.05,11.15,3,0
2022,WR,Rashod Bateman,BAL,22,5,52.5,0,0,0,0,0,28,15,285,2,53.6,1,190,385,49.4,0,0,0,0,0,0,0,0,0,0,0,6.13,7.93,11.95,2,1
2022,TE,Tommy Tremble,CAR,22,11,52.4,0,0,0,0,0,32,19,174,3,59.4,1,510,1016,50.2,0,0,0,0,0,0,0,0,0,0,0,3.6,1.3,8.93,1,0
2022,TE,Jonnu Smith,,27,10,52.0,0,0,0,5,0,38,27,245,0,71.1,0,423,864,49.0,0,0,0,0,0,0,0,0,0,0,0,2.13,3.1,7.35,0,0
2022,WR,Damiere Byrd,,29,8,51.8,0,0,0,0,0,23,13,268,2,56.5,0,312,858,36.4,0,0,0,0,0,0,0,0,0,0,0,5.47,1.98,10.98,2,0
2022,WR,Phillip Dorsett,LV,29,10,51.7,0,0,0,0,0,40,20,257,1,50.0,0,465,935,49.7,0,0,0,0,0,0,0,0,0,0,0,3.47,2.35,8.57,1,0
2022,WR,Wan'Dale Robinson,TEN,21,6,51.6,0,0,0,-1,0,31,23,227,1,74.2,0,229,412,55.6,0,0,0,0,0,0,0,0,0,0,0,6.35,4.88,11.65,3,0
2022,RB,Rashaad Penny,,26,5,51.2,0,0,0,346,2,5,4,16,0,80.0,0,170,297,57.2,0,0,0,0,0,0,0,0,0,0,0,9.51,5.63,12.43,1,1
2022,WR,Robbie Chosen,,29,9,51.2,0,0,0,0,0,44,20,282,1,45.5,1,494,1039,47.5,0,0,0,0,0,0,0,0,0,0,0,5.94,2.0,10.0,1,1
2022,RB,Justin Jackson,,26,12,51.1,0,0,0,170,1,19,12,101,1,63.2,0,186,1071,17.4,0,0,0,0,0,0,0,0,0,0,0,3.25,0.95,8.2,1,0
2022,WR,Michael Thomas,,29,3,51.1,0,0,0,0,0,22,16,171,3,72.7,0,136,198,68.7,0,0,0,0,0,0,0,0,0,0,0,5.33,17.03,17.03,2,1
2022,RB,Dare Ogunbowale,,28,11,49.7,0,0,0,123,1,26,20,104,0,76.9,0,183,1063,17.2,0,0,0,0,0,0,0,0,0,0,0,3.33,1.75,8.38,1,0
2022,TE,Jake Ferguson,DAL,23,11,48.4,0,0,0,0,0,22,19,174,2,86.4,0,430,1084,39.7,0,0,0,0,0,0,0,0,0,0,0,3.79,1.63,8.32,1,0
2022,RB,DeeJay Dallas,JAX,23,11,48.2,0,0,1,186,0,19,17,126,0,89.5,0,196,975,20.1,0,0,0,0,0,0,0,0,0,0,0,4.01,0.63,8.73,2,0
2022,RB,Mark Ingram,,32,10,48.1,0,0,0,233,1,18,16,68,0,88.9,2,205,714,28.7,0,0,0,0,0,0,0,0,0,0,0,3.07,1.53,7.93,0,0
2022,WR,Brandon Powell,,26,15,47.6,0,0,0,80,0,32,24,156,0,75.0,0,290,1022,28.4,0,0,0,0,0,0,0,0,0,0,0,3.29,0.23,7.65,1,0
2022,QB,Joe Flacco,CIN,37,5,47.34,1051,5,3,6,0,0,0,-3,0,0.0,4,295,945,31.2,0,0,0,0,0,0,0,0,0,0,0,9.99,5.37,12.33,2,1
2022,WR,Sammy Watkins,,29,8,46.5,0,0,0,0,0,27,16,325,0,59.3,1,357,745,47.9,0,0,0,0,0,0,0,0,0,0,0,3.31,3.25,8.38,1,0
2022,RB,Boston Scott,,27,12,46.2,0,0,0,217,3,6,5,15,0,83.3,0,170,1020,16.7,0,0,0,0,0,0,0,0,0,0,0,3.64,0.8,8.07,2,0
2022,QB,Jameis Winston,NYG,28,3,45.92,858,4,5,16,0,0,0,0,0,0.0,0,196,915,21.4,0,0,0,0,0,0,0,0,0,0,0,4.93,15.31,15.31,2,1
2022,TE,Adam Trautman,DEN,25,11,45.7,0,0,0,0,0,22,18,207,1,81.8,0,521,916,56.9,0,0,0,0,0,0,0,0,0,0,0,2.62,2.25,6.73,1,0
2022,QB,Jarrett Stidham,DEN,26,3,45.64,656,4,3,84,0,0,0,0,0,0.0,1,156,1102,14.2,0,0,0,0,0,0,0,0,0,0,0,10.26,15.21,15.21,2,1
2022,WR,David Bell,,21,12,45.4,0,0,0,0,0,35,24,214,0,68.6,0,516,1108,46.6,0,0,0,0,0,0,0,0,0,0,0,1.92,1.63,5.93,0,0
2022,RB,Caleb Huntley,,23,12,44.9,0,0,0,366,1,2,2,3,0,100.0,0,120,718,16.7,0,0,0,0,0,0,0,0,0,0,0,3.33,0.95,7.5,1,0
2022,RB,Travis Homer,PIT,24,8,44.1,0,0,0,74,0,18,16,157,1,88.9,1,165,623,26.5,0,0,0,0,0,0,0,0,0,0,0,3.88,2.75,8.28,1,0
2022,RB,Elijah Mitchell,PHI,24,5,43.6,0,0,0,279,2,4,3,7,0,75.0,0,80,329,24.3,0,0,0,0,0,0,0,0,0,0,0,4.76,6.53,9.88,1,0
2022,RB,Raheem Blackshear,,24,10,43.0,0,0,0,77,3,12,10,93,0,83.3,1,79,792,10.0,0,0,0,0,0,0,0,0,0,0,0,5.35,-0.05,9.78,2,0
2022,RB,Ty Johnson,BUF,24,10,42.8,0,0,0,160,1,24,12,88,0,50.0,0,173,1114,15.5,0,0,0,0,0,0,0,0,0,0,0,4.61,0.77,9.03,2,0
2022,QB,Bailey Zappe,NYJ,23,4,42.64,781,5,3,0,0,1,1,-6,0,100.0,3,207,861,24.0,0,0,0,0,0,0,0,0,0,0,0,4.82,10.66,10.66,2,0
2022,WR,Ashton Dulin,IND,25,7,42.5,0,0,0,8,0,22,15,207,1,68.2,0,229,828,27.7,0,0,0,0,0,0,0,0,0,0,0,3.68,3.33,8.55,1,0
2022,WR,Skyy Moore,GB,21,14,42.4,0,0,0,24,0,33,22,250,0,66.7,3,313,1090,28.7,0,0,0,0,0,0,0,0,0,0,0,3.5,-0.65,7.33,1,0
2022,WR,Scotty Miller,CHI,25,9,42.3,0,0,0,8,0,40,23,185,0,57.5,0,258,1152,22.4,0,0,0,0,0,0,0,0,0,0,0,3.44,1.88,7.88,1,0
2022,QB,P.J. Walker,,27,6,42.14,731,3,3,39,0,0,0,0,0,0.0,0,260,893,29.1,0,0,0,0,0,0,0,0,0,0,0,6.94,2.34,10.22,2,0
2022,QB,Teddy Bridgewater,DET,29,3,42.02,683,4,4,27,0,0,0,0,0,0.0,0,141,756,18.7,0,0,0,0,0,0,0,0,0,0,0,4.41,14.01,14.01,3,1
2022,RB,Justice Hill,BAL,24,13,42.0,0,0,0,262,0,12,12,58,0,100.0,1,265,972,27.3,0,0,0,0,0,0,0,0,0,0,0,2.2,0.98,5.98,0,0
2022,WR,KhaDarel Hodge,,27,7,41.2,0,0,0,0,0,20,13,202,1,65.0,0,199,1051,18.9,0,0,0,0,0,0,0,0,0,0,0,3.48,3.38,8.63,1,0
2022,RB,Javonte Williams,DAL,22,4,41.0,0,0,0,204,0,22,16,76,0,72.7,1,142,265,53.6,0,0,0,0,0,0,0,0,0,0,0,5.43,10.25,10.25,1,0
2022,TE,Shane Zylstra,BUF,25,6,41.0,0,0,0,0,0,15,11,60,4,73.3,0,211,883,23.9,0,0,0,0,0,0,0,0,0,0,0,8.63,2.08,9.55,1,1
2022,TE,Josh Oliver,MIN,25,8,40.9,0,0,0,0,0,25,14,149,2,56.0,0,514,1096,46.9,0,0,0,0,0,0,0,0,0,0,0,5.25,1.78,8.45,1,0
2022,TE,Ian Thomas,LV,26,13,40.7,0,0,0,0,0,30,21,197,0,70.0,0,556,1016,54.7,0,0,0,0,0,0,0,0,0,0,0,1.69,1.5,5.25,0,0
2022,TE,Durham Smythe,BAL,27,10,40.0,0,0,0,1,1,20,15,129,1,75.0,0,557,979,56.9,0,0,0,0,0,0,0,0,0,0,0,2.55,1.5,6.88,0,0
2022,QB,Gardner Minshew,ARI,26,5,39.82,663,3,3,3,1,0,0,0,0,0.0,1,151,1175,12.9,0,0,0,0,0,0,0,0,0,0,0,9.89,3.78,9.98,2,1
2022,TE,Peyton Hendershot,,23,7,39.5,0,0,0,2,1,16,11,103,2,68.8,0,298,1159,25.7,0,0,0,0,0,0,0,0,0,0,0,2.74,3.68,7.75,0,0
2022,TE,Johnny Mundt,PHI,27,12,39.0,0,0,0,0,0,21,19,140,1,90.5,0,443,1168,37.9,0,0,0,0,0,0,0,0,0,0,0,1.67,1.68,5.23,0,0
2022,K,Dustin Hopkins,,31,5,39.0,0,0,0,0,0,0,0,0,0,0.0,0,0,366,0.0,12,0,9,0,0,0,0,0,0,0,0,3.25,6.5,8.75,1,0
2022,QB,Desmond Ridder,,23,4,38.72,708,2,0,64,0,0,0,0,0,0.0,2,271,1051,25.8,0,0,0,0,0,0,0,0,0,0,0,3.82,9.68,9.68,1,0
2022,QB,Sam Ehlinger,DEN,23,4,38.62,573,3,3,87,0,0,0,0,0,0.0,1,222,642,34.6,0,0,0,0,0,0,0,0,0,0,0,3.94,9.66,9.66,1,0
2022,RB,Marlon Mack,,26,5,38.3,0,0,0,84,1,10,8,99,1,80.0,0,64,497,12.9,0,0,0,0,0,0,0,0,0,0,0,6.81,5.5,9.1,2,0
2022,WR,Amari Rodgers,,22,10,38.1,0,0,0,7,0,25,16,204,1,64.0,2,268,1054,25.4,0,0,0,0,0,0,0,0,0,0,0,4.66,0.2,7.63,1,0
2022,WR,Marquez Callaway,,24,8,37.8,0,0,0,0,0,32,16,158,1,50.0,0,397,879,45.2,0,0,0,0,0,0,0,0,0,0,0,2.41,2.53,6.93,0,0
2022,TE,Cameron Brate,,31,9,37.4,0,0,0,0,0,38,20,174,0,52.6,0,355,760,46.7,0,0,0,0,0,0,0,0,0,0,0,2.68,2.15,6.35,1,0
2022,TE,Mitchell Wilcox,,25,9,36.9,0,0,0,0,0,18,17,139,1,94.4,0,498,1107,45.0,0,0,0,0,0,0,0,0,0,0,0,3.78,1.63,7.03,1,0
2022,TE,Eric Saubert,SEA,28,8,36.8,0,0,0,0,0,24,15,148,1,62.5,0,395,1136,34.8,0,0,0,0,0,0,0,0,0,0,0,3.0,2.1,7.1,0,0
2022,TE,O.J. Howard,,27,7,36.5,0,0,0,0,0,23,10,145,2,43.5,0,313,803,39.0,0,0,0,0,0,0,0,0,0,0,0,5.25,2.4,7.63,1,0
2022,WR,Zach Pascal,,27,10,36.0,0,0,0,0,0,19,15,150,1,78.9,0,338,1175,28.8,0,0,0,0,0,0,0,0,0,0,0,3.52,1.65,6.38,1,0
2022,TE,Connor Heyward,LV,23,8,35.8,0,0,0,27,0,17,12,151,1,70.6,0,174,1160,15.0,0,0,0,0,0,0,0,0,0,0,0,2.73,2.23,6.73,0,0
2022,QB,Colt McCoy,,35,4,35.8,780,1,3,36,0,0,0,0,0,0.0,0,229,623,36.8,0,0,0,0,0,0,0,0,0,0,0,4.31,8.95,8.95,2,0
2022,WR,Byron Pringle,,28,7,35.5,0,0,0,0,0,16,10,135,2,62.5,0,285,626,45.5,0,0,0,0,0,0,0,0,0,0,0,3.72,2.25,7.43,1,0
2022,WR,Sterling Shepard,,29,3,34.4,0,0,0,0,0,24,13,154,1,54.2,0,165,205,80.5,0,0,0,0,0,0,0,0,0,0,0,2.58,11.47,11.47,1,0
2022,RB,Malik Davis,DAL,23,6,34.4,0,0,0,161,1,7,6,63,0,85.7,0,79,849,9.3,0,0,0,0,0,0,0,0,0,0,0,2.41,4.32,7.18,0,0
2022,WR,Khalil Shakir,BUF,22,7,34.1,0,0,0,0,0,20,10,161,1,50.0,0,275,934,29.4,0,0,0,0,0,0,0,0,0,0,0,4.83,2.38,7.03,1,0
2022,WR,Velus Jones,SEA,25,10,34.0,0,0,0,103,1,14,7,107,1,50.0,3,159,737,21.6,0,0,0,0,0,0,0,0,0,0,0,4.74,-0.5,8.48,1,0
2022,RB,Avery Williams,,24,15,34.0,0,0,0,109,1,14,13,61,0,92.9,1,141,1051,13.4,0,0,0,0,0,0,0,0,0,0,0,2.55,0.08,5.2,1,0
2022,WR,Jalen Nailor,LV,23,4,32.9,0,0,0,0,0,13,9,179,1,69.2,0,57,1023,5.6,0,0,0,0,0,0,0,0,0,0,0,6.43,8.23,8.23,2,0
2022,WR,Dyami Brown,WAS,22,5,32.8,0,0,0,15,0,14,5,143,2,35.7,0,169,1055,16.0,0,0,0,0,0,0,0,0,0,0,0,8.98,2.08,7.83,1,1
2022,TE,Zach Gentry,,25,12,32.2,0,0,0,0,0,23,19,132,0,82.6,0,577,1160,49.7,0,0,0,0,0,0,0,0,0,0,0,2.43,1.05,5.35,0,0
2022,RB,Jordan Mason,MIN,23,8,31.8,0,0,0,258,1,0,0,0,0,0.0,0,82,1021,8.0,0,0,0,0,0,0,0,0,0,0,0,2.28,1.85,6.1,0,0
2022,WR,Steven Sims,,25,11,31.4,0,0,0,70,0,23,14,104,0,60.9,0,284,840,33.8,0,0,0,0,0,0,0,0,0,0,0,2.3,0.63,5.35,0,0
2022,WR,River Cracraft,WAS,27,5,31.2,0,0,0,0,0,14,9,102,2,64.3,0,159,703,22.6,0,0,0,0,0,0,0,0,0,0,0,2.8,5.43,7.43,0,0
2022,TE,John Bates,WAS,24,6,30.8,0,0,0,0,0,22,14,108,1,63.6,0,510,1190,42.9,0,0,0,0,0,0,0,0,0,0,0,3.45,3.13,6.93,1,0
2022,RB,Craig Reynolds,,26,6,30.8,0,0,0,102,0,10,9,116,0,90.0,0,116,600,19.3,0,0,0,0,0,0,0,0,0,0,0,3.59,3.15,6.83,1,0
2022,TE,Lawrence Cager,WAS,25,4,30.8,0,0,0,0,0,19,13,118,1,68.4,0,213,553,38.5,0,0,0,0,0,0,0,0,0,0,0,4.72,7.7,7.7,1,0
2022,RB,Kyren Williams,LAR,22,8,30.5,0,0,0,139,0,12,9,76,0,75.0,0,141,593,23.8,0,0,0,0,0,0,0,0,0,0,0,2.91,1.33,6.3,0,0
2022,TE,Teagan Quitoriano,ARI,22,4,30.3,0,0,0,0,0,14,7,113,2,50.0,0,323,567,57.0,0,0,0,0,0,0,0,0,0,0,0,2.59,7.58,7.58,1,0
2022,WR,Keelan Cole,,29,7,30.1,0,0,0,0,0,21,10,141,1,47.6,0,369,988,37.3,0,0,0,0,0,0,0,0,0,0,0,3.7,2.23,6.08,1,0
2022,RB,Gary Brightwell,CIN,24,8,30.0,0,0,0,141,1,8,5,39,0,62.5,0,87,1135,7.7,0,0,0,0,0,0,0,0,0,0,0,2.99,0.8,6.7,0,0
2022,TE,Jody Fortson,,26,7,29.8,0,0,0,0,0,13,9,108,2,69.2,1,184,877,21.0,0,0,0,0,0,0,0,0,0,0,0,3.05,1.9,6.7,0,0
2022,WR,Denzel Mims,DAL,24,7,29.6,0,0,0,0,0,25,11,186,0,44.0,0,270,639,42.3,0,0,0,0,0,0,0,0,0,0,0,2.83,2.0,5.98,0,0
2022,TE,Donald Parham,,25,5,29.0,0,0,0,0,0,12,10,130,1,83.3,0,153,435,35.2,0,0,0,0,0,0,0,0,0,0,0,2.26,5.18,6.8,0,0
2022,TE,Eric Tomlinson,,30,5,28.9,0,0,0,0,0,13,9,79,2,69.2,0,407,1136,35.8,0,0,0,0,0,0,0,0,0,0,0,3.43,4.28,6.58,1,0
2022,RB,Mike Boone,,27,7,28.8,0,0,0,102,0,15,9,96,0,60.0,0,126,600,21.0,0,0,0,0,0,0,0,0,0,0,0,3.27,2.13,5.98,1,0
2022,TE,James Mitchell,CAR,23,8,28.3,0,0,0,0,0,11,11,113,1,100.0,0,183,934,19.6,0,0,0,0,0,0,0,0,0,0,0,2.25,2.0,5.08,0,0
2022,RB,Brandon Bolden,,32,7,27.3,0,0,0,66,0,9,9,57,1,100.0,0,82,1035,7.9,0,0,0,0,0,0,0,0,0,0,0,3.41,1.5,6.13,1,0
2022,RB,Pierre Strong,GB,23,4,27.2,0,0,0,100,1,7,7,42,0,100.0,0,51,935,5.5,0,0,0,0,0,0,0,0,0,0,0,6.29,6.8,6.8,1,0
2022,TE,Brevin Jordan,HOU,22,8,26.8,0,0,0,0,0,28,14,128,0,50.0,0,272,708,38.4,0,0,0,0,0,0,0,0,0,0,0,2.2,1.8,4.9,0,0
2022,TE,Marcedes Lewis,,38,6,26.6,0,0,0,0,0,7,6,66,2,85.7,0,451,1094,41.2,0,0,0,0,0,0,0,0,0,0,0,3.61,2.05,5.93,1,0
2022,WR,Cedrick Wilson,DET,26,7,26.4,0,0,0,8,0,18,12,136,0,66.7,0,237,928,25.5,0,0,0,0,0,0,0,0,0,0,0,0.99,3.18,4.43,0,0
2022,TE,Josiah Deguara,SF,25,7,26.4,0,0,0,0,0,15,13,114,0,86.7,0,258,1094,23.6,0,0,0,0,0,0,0,0,0,0,0,2.73,1.65,5.43,0,0
2022,RB,Jonathan Williams,,28,7,26.2,0,0,0,152,0,10,7,40,0,70.0,0,99,915,10.8,0,0,0,0,0,0,0,0,0,0,0,2.52,1.93,5.82,0,0
2022,RB,Hassan Haskins,,22,7,26.0,0,0,0,93,0,12,11,57,0,91.7,0,155,913,17.0,0,0,0,0,0,0,0,0,0,0,0,1.81,2.58,4.83,0,0
2022,WR,Jalen Reagor,MIA,23,8,25.9,0,0,0,25,0,13,8,104,1,61.5,0,82,1168,7.0,0,0,0,0,0,0,0,0,0,0,0,2.38,1.38,5.1,0,0
2022,WR,KJ Hamler,,23,5,25.8,0,0,0,23,0,14,7,165,0,50.0,0,224,464,48.3,0,0,0,0,0,0,0,0,0,0,0,2.35,4.43,5.95,0,0
2022,TE,Albert Okwuegbunam,LV,24,4,25.5,0,0,0,0,0,18,10,95,1,55.6,0,190,689,27.6,0,0,0,0,0,0,0,0,0,0,0,4.89,6.38,6.38,1,0
2022,RB,Sony Michel,,27,9,24.9,0,0,0,106,0,13,9,53,0,69.2,0,125,700,17.9,0,0,0,0,0,0,0,0,0,0,0,2.33,0.68,4.97,0,0
2022,TE,N'Keal Harry,,24,6,24.6,0,0,0,0,0,9,7,116,1,77.8,0,176,442,39.8,0,0,0,0,0,0,0,0,0,0,0,3.16,2.08,5.33,1,0
2022,WR,DeSean Jackson,,35,6,24.3,0,0,0,0,0,17,9,153,0,52.9,0,110,440,25.0,0,0,0,0,0,0,0,0,0,0,0,2.66,2.38,5.1,0,0
2022,TE,Geoff Swaim,,28,8,23.8,0,0,0,0,0,16,12,58,1,75.0,0,577,1035,55.7,0,0,0,0,0,0,0,0,0,0,0,3.22,1.25,4.7,1,0
2022,TE,Pharaoh Brown,,28,6,23.7,0,0,0,0,0,20,12,117,0,60.0,0,341,1074,31.8,0,0,0,0,0,0,0,0,0,0,0,1.42,3.05,4.72,0,0
2022,TE,Jack Stoll,CLE,24,8,23.3,0,0,0,0,0,14,11,123,0,78.6,0,574,1175,48.9,0,0,0,0,0,0,0,0,0,0,0,1.78,1.7,4.13,0,0
2022,TE,Tanner Hudson,CIN,27,5,23.2,0,0,0,0,0,15,10,132,0,66.7,0,259,747,34.7,0,0,0,0,0,0,0,0,0,0,0,2.38,3.6,5.3,0,0
2022,QB,Joshua Dobbs,,27,2,22.84,411,2,2,44,0,0,0,0,0,0.0,2,139,983,14.1,0,0,0,0,0,0,0,0,0,0,0,0.06,11.42,11.42,2,0
2022,RB,Malcolm Brown,,29,6,22.8,0,0,0,81,1,6,5,37,0,83.3,0,95,667,14.2,0,0,0,0,0,0,0,0,0,0,0,2.21,2.68,4.72,0,0
2022,RB,Reggie Gilliam,NE,25,5,22.6,0,0,0,0,0,11,9,76,1,81.8,0,176,1026,17.2,0,0,0,0,0,0,0,0,0,0,0,2.84,3.23,5.23,0,0
2022,TE,Dan Arnold,,27,9,22.5,0,0,0,0,0,13,9,135,0,69.2,0,167,1123,14.9,0,0,0,0,0,0,0,0,0,0,0,0.74,1.73,3.23,0,0
2022,TE,Quintin Morris,JAX,23,5,22.4,0,0,0,0,0,11,8,84,1,72.7,1,281,951,29.5,0,0,0,0,0,0,0,0,0,0,0,2.25,3.5,5.2,0,0
2022,WR,Tom Kennedy,DET,26,5,22.1,0,0,0,0,0,15,8,141,0,53.3,0,227,521,43.6,0,0,0,0,0,0,0,0,0,0,0,2.26,3.43,4.95,0,0
2022,QB,Brett Rypien,,26,4,22.02,483,2,4,7,0,0,0,0,0,0.0,1,175,1136,15.4,0,0,0,0,0,0,0,0,0,0,0,3.44,5.51,5.51,0,0
2022,RB,Tevin Coleman,,29,2,22.0,0,0,0,26,1,3,3,44,1,100.0,0,32,319,10.0,0,0,0,0,0,0,0,0,0,0,0,10.7,11.0,11.0,1,1
2022,RB,Corey Clement,,27,4,21.9,0,0,0,55,1,7,5,54,0,71.4,0,73,616,11.9,0,0,0,0,0,0,0,0,0,0,0,4.84,5.48,5.48,1,0
2022,WR,David Sills,TB,26,7,21.6,0,0,0,0,0,17,11,106,0,64.7,0,270,668,40.4,0,0,0,0,0,0,0,0,0,0,0,1.72,1.93,4.2,0,0
2022,WR,Jeff Smith,,25,5,21.4,0,0,0,0,0,11,8,134,0,72.7,0,141,707,19.9,0,0,0,0,0,0,0,0,0,0,0,3.75,2.42,4.95,1,0
2022,QB,Malik Willis,MIA,23,7,21.34,276,0,3,123,1,0,0,0,0,0.0,2,211,1035,20.4,0,0,0,0,0,0,0,0,0,0,0,4.7,-0.13,5.87,1,0
2022,WR,Breshad Perriman,,28,6,21.3,0,0,0,-7,0,19,9,110,1,47.4,1,229,758,30.2,0,0,0,0,0,0,0,0,0,0,0,4.62,1.1,5.23,1,0
2022,RB,Darrel Williams,,27,5,21.1,0,0,0,102,1,8,4,9,0,50.0,0,99,458,21.6,0,0,0,0,0,0,0,0,0,0,0,5.08,1.73,5.1,1,0
2022,K,Austin Seibert,,25,3,21.0,0,0,0,0,0,0,0,0,0,0.0,0,0,208,0.0,12,0,3,0,0,0,0,0,0,0,0,2.83,7.0,7.0,1,0
2022,TE,Ko Kieft,TB,24,7,21.0,0,0,0,0,0,10,7,80,1,70.0,0,265,1216,21.8,0,0,0,0,0,0,0,0,0,0,0,1.89,1.95,3.85,0,0
2022,QB,Davis Webb,,27,1,20.82,168,1,0,41,1,0,0,0,0,0.0,0,63,124,50.8,0,0,0,0,0,0,0,0,0,0,0,0.0,20.82,20.82,1,1
2022,QB,David Blough,,27,2,20.58,402,2,2,5,0,0,0,0,0,0.0,1,109,202,54.0,0,0,0,0,0,0,0,0,0,0,0,3.29,10.29,10.29,1,0
2022,TE,Ross Dwelley,,27,3,20.5,0,0,0,0,0,5,3,105,1,60.0,0,101,772,13.1,0,0,0,0,0,0,0,0,0,0,0,3.96,6.83,6.83,1,0
2022,QB,Skylar Thompson,BAL,25,7,20.46,534,1,3,21,0,0,0,0,0,0.0,2,211,646,32.7,0,0,0,0,0,0,0,0,0,0,0,3.26,0.52,5.51,0,0
2022,WR,Kenny Golladay,,28,3,20.1,0,0,0,0,0,17,6,81,1,35.3,0,261,801,32.6,0,0,0,0,0,0,0,0,0,0,0,3.05,6.7,6.7,1,0
2022,QB,Kyle Allen,BUF,26,2,19.94,416,2,4,13,0,0,0,0,0,0.0,1,126,599,21.0,0,0,0,0,0,0,0,0,0,0,0,1.83,9.97,9.97,1,0
2022,TE,Chris Myarick,,26,6,19.5,0,0,0,0,0,8,7,65,1,87.5,0,300,1072,28.0,0,0,0,0,0,0,0,0,0,0,0,1.97,2.08,4.13,0,0
2022,QB,Sam Howell,DAL,21,1,19.26,169,1,1,35,1,0,0,0,0,0.0,0,66,563,11.7,0,0,0,0,0,0,0,0,0,0,0,0.0,19.26,19.26,1,0
2022,WR,Samori Toure,PHI,24,4,19.2,0,0,0,0,0,10,5,82,1,50.0,0,112,694,16.1,0,0,0,0,0,0,0,0,0,0,0,3.75,4.8,4.8,1,0
2022,WR,T.Y. Hilton,,32,3,19.1,0,0,0,0,0,10,7,121,0,70.0,0,60,220,27.3,0,0,0,0,0,0,0,0,0,0,0,2.09,6.37,6.37,0,0
2022,RB,Royce Freeman,,26,4,19.0,0,0,0,117,0,8,6,33,0,75.0,1,106,265,40.0,0,0,0,0,0,0,0,0,0,0,0,2.47,4.75,4.75,0,0
2022,TE,Anthony Firkser,DET,27,7,19.0,0,0,0,0,0,13,9,100,0,69.2,0,149,700,21.3,0,0,0,0,0,0,0,0,0,0,0,0.86,2.1,3.3,0,0
2022,WR,Marcus Johnson,,28,4,18.9,0,0,0,0,0,22,9,99,0,40.9,0,312,930,33.5,0,0,0,0,0,0,0,0,0,0,0,2.15,4.72,4.72,0,0
2022,WR,Michael Bandy,DEN,24,5,18.9,0,0,0,0,0,21,10,89,0,47.6,0,205,718,28.6,0,0,0,0,0,0,0,0,0,0,0,2.91,2.83,4.6,0,0
2022,WR,Anthony Schwartz,,21,4,18.8,0,0,0,57,1,10,4,51,0,40.0,1,107,785,13.6,0,0,0,0,0,0,0,0,0,0,0,4.39,4.7,4.7,1,0
2022,RB,Benny Snell,,24,3,18.7,0,0,0,90,1,2,2,17,0,100.0,0,42,1160,3.6,0,0,0,0,0,0,0,0,0,0,0,5.61,6.23,6.23,1,0
2022,RB,Zander Horvath,,23,6,18.6,0,0,0,8,0,8,5,8,2,62.5,0,110,1060,10.4,0,0,0,0,0,0,0,0,0,0,0,3.48,0.68,4.5,0,0
2022,RB,Keaontay Ingram,,22,9,18.1,0,0,0,60,1,5,4,21,0,80.0,0,104,825,12.6,0,0,0,0,0,0,0,0,0,0,0,3.5,0.25,4.15,1,0
2022,TE,Brycen Hopkins,,25,5,17.9,0,0,0,0,0,11,7,109,0,63.6,0,173,835,20.7,0,0,0,0,0,0,0,0,0,0,0,2.6,2.3,4.03,0,0
2022,TE,Parker Hesse,,27,9,17.9,0,0,0,0,0,11,9,89,0,81.8,0,646,1051,61.5,0,0,0,0,0,0,0,0,0,0,0,0.53,1.6,2.4,0,0
2022,QB,John Wolford,,26,2,17.8,390,1,3,32,0,0,0,0,0,0.0,1,121,673,18.0,0,0,0,0,0,0,0,0,0,0,0,0.88,8.9,8.9,0,0
2022,QB,Bryce Perkins,,25,5,17.44,161,1,2,90,0,0,0,0,0,0.0,0,90,591,15.2,0,0,0,0,0,0,0,0,0,0,0,4.23,1.76,4.41,1,0
2022,QB,Jeff Driskel,,29,7,17.22,108,1,0,75,0,1,1,4,0,100.0,0,96,464,20.7,0,0,0,0,0,0,0,0,0,0,0,2.83,0.92,3.66,0,0
2022,K,Rodrigo Blankenship,,25,2,17.0,0,0,0,0,0,0,0,0,0,0.0,0,0,236,0.0,4,1,4,0,0,0,0,0,0,0,0,0.5,8.5,8.5,0,0
2022,WR,Cam Sims,,26,8,16.9,0,0,0,0,0,18,8,89,0,44.4,0,328,1190,27.6,0,0,0,0,0,0,0,0,0,0,0,0.68,1.58,2.65,0,0
2022,RB,Ronald Jones,,25,5,16.2,0,0,0,70,1,1,1,22,0,100.0,0,38,448,8.5,0,0,0,0,0,0,0,0,0,0,0,3.94,1.43,3.98,1,0
2022,TE,Tre' McKitty,,23,6,16.2,0,0,0,0,0,18,10,72,0,55.6,0,541,1192,45.4,0,0,0,0,0,0,0,0,0,0,0,1.48,1.68,3.33,0,0
2022,K,Matt Ammendola,,25,4,16.0,0,0,0,0,0,0,0,0,0,0.0,0,0,260,0.0,5,2,5,0,0,0,0,0,0,0,0,3.08,4.0,4.0,0,0
2022,WR,Dax Milne,,23,6,15.7,0,0,0,0,0,7,6,37,1,85.7,0,83,1043,8.0,0,0,0,0,0,0,0,0,0,0,0,2.25,1.48,3.23,0,0
2022,WR,Jameson Williams,DET,21,2,15.1,0,0,0,40,0,9,1,41,1,11.1,0,78,413,18.9,0,0,0,0,0,0,0,0,0,0,0,3.55,7.55,7.55,1,0
2022,K,Taylor Bertolet,,29,2,15.0,0,0,0,0,0,0,0,0,0,0.0,0,0,142,0.0,6,0,3,0,0,0,0,0,0,0,0,4.5,7.5,7.5,1,0
2022,RB,Phillip Lindsay,,28,3,14.8,0,0,0,49,0,8,6,19,0,75.0,0,66,222,29.7,0,0,0,0,0,0,0,0,0,0,0,3.47,4.93,4.93,0,0
2022,RB,Jordan Wilkins,,28,4,14.7,0,0,0,58,0,8,6,29,0,75.0,0,40,237,16.9,0,0,0,0,0,0,0,0,0,0,0,2.65,3.68,3.68,0,0
2022,RB,Salvon Ahmed,CHI,23,6,14.2,0,0,0,64,1,1,1,8,0,100.0,0,35,930,3.8,0,0,0,0,0,0,0,0,0,0,0,3.59,0.53,3.48,1,0
2022,WR,Brandon Johnson,LV,24,4,14.2,0,0,0,0,0,14,6,42,1,42.9,1,204,453,45.0,0,0,0,0,0,0,0,0,0,0,0,4.24,3.55,3.55,0,0
2022,TE,Armani Rogers,,24,5,14.0,0,0,0,26,0,6,5,64,0,83.3,0,158,770,20.5,0,0,0,0,0,0,0,0,0,0,0,1.81,2.05,3.45,0,0
2022,WR,Dee Eskridge,,25,6,13.8,0,0,0,10,0,13,7,58,0,53.8,0,168,625,26.9,0,0,0,0,0,0,0,0,0,0,0,2.16,1.08,3.1,0,0
2022,QB,Trace McSorley,,27,5,13.58,412,0,5,61,0,0,0,0,0,0.0,2,148,852,17.4,0,0,0,0,0,0,0,0,0,0,0,1.25,2.13,3.03,0,0
2022,WR,Jalen Virgil,,24,3,13.5,0,0,0,0,0,5,2,75,1,40.0,1,74,661,11.2,0,0,0,0,0,0,0,0,0,0,0,6.63,4.5,4.5,1,0
2022,WR,James Proche,,25,4,13.2,0,0,1,0,0,17,8,62,0,47.1,0,193,977,19.8,0,0,0,0,0,0,0,0,0,0,0,1.56,3.3,3.3,0,0
2022,TE,Grant Calcaterra,PHI,23,4,13.1,0,0,0,0,0,9,5,81,0,55.6,0,227,1025,22.1,0,0,0,0,0,0,0,0,0,0,0,1.62,3.28,3.28,0,0
2022,RB,Chris Evans,,24,3,12.8,0,0,0,0,0,4,3,38,1,75.0,0,18,825,2.2,0,0,0,0,0,0,0,0,0,0,0,2.65,4.27,4.27,0,0
2022,QB,Nick Mullens,JAX,27,4,12.76,224,1,1,8,0,0,0,0,0,0.0,0,54,1168,4.6,0,0,0,0,0,0,0,0,0,0,0,2.4,3.19,3.19,0,0
2022,QB,Trey Lance,LAC,22,2,12.46,194,0,1,67,0,0,0,0,0,0.0,0,84,144,58.3,0,0,0,0,0,0,0,0,0,0,0,3.73,6.23,6.23,0,0
2022,QB,Tyrod Taylor,GB,33,2,12.32,58,1,1,70,0,0,0,0,0,0.0,1,32,1074,3.0,0,0,0,0,0,0,0,0,0,0,0,3.72,6.16,6.16,0,0
2022,RB,Andrew Beck,NYJ,26,5,11.9,0,0,0,0,0,11,5,69,0,45.5,0,198,867,22.8,0,0,0,0,0,0,0,0,0,0,0,2.66,1.18,3.0,0,0
2022,TE,Kyle Rudolph,,32,3,11.8,0,0,0,0,0,5,3,28,1,60.0,0,79,793,10.0,0,0,0,0,0,0,0,0,0,0,0,2.74,3.93,3.93,0,0
2022,QB,Jordan Love,GB,23,4,11.7,195,1,0,-1,0,0,0,0,0,0.0,0,26,1094,2.4,0,0,0,0,0,0,0,0,0,0,0,3.37,2.93,2.93,0,0
2022,WR,Trent Taylor,,28,7,11.7,0,0,0,15,0,10,6,62,0,60.0,1,148,1107,13.4,0,0,0,0,0,0,0,0,0,0,0,2.32,0.08,3.23,0,0
2022,TE,Nick Vannett,SEA,29,5,11.5,0,0,0,0,0,9,6,55,0,66.7,0,207,640,32.3,0,0,0,0,0,0,0,0,0,0,0,0.82,1.93,2.5,0,0
2022,WR,Andre Baccellia,,25,5,11.5,0,0,0,0,0,10,7,45,0,70.0,0,118,643,18.4,0,0,0,0,0,0,0,0,0,0,0,0.78,2.05,2.48,0,0
2022,RB,Kene Nwangwu,NYJ,24,3,11.5,0,0,0,14,0,2,2,21,0,100.0,0,18,1168,1.5,0,0,0,0,0,0,0,0,0,0,0,1.8,3.83,3.83,0,0
2022,WR,Freddie Swain,,24,3,11.4,0,0,0,0,0,6,4,74,0,66.7,0,116,252,46.0,0,0,0,0,0,0,0,0,0,0,0,2.55,3.8,3.8,0,0
2022,RB,Kevin Harris,,21,5,11.2,0,0,0,52,1,0,0,0,0,0.0,0,42,304,13.8,0,0,0,0,0,0,0,0,0,0,0,3.25,0.65,2.83,0,0
2022,WR,John Brown,,32,1,11.2,0,0,0,0,0,2,1,42,1,50.0,0,22,193,11.4,0,0,0,0,0,0,0,0,0,0,0,0.0,11.2,11.2,1,0
2022,WR,Gunner Olszewski,NYG,25,9,11.2,0,0,0,39,0,7,5,53,0,71.4,1,216,1085,19.9,0,0,0,0,0,0,0,0,0,0,0,1.83,0.0,2.58,0,0
2022,QB,Trevor Siemian,,30,2,11.16,184,1,1,8,0,0,0,0,0,0.0,0,60,757,7.9,0,0,0,0,0,0,0,0,0,0,0,5.38,5.58,5.58,1,0
2022,WR,Jamison Crowder,,29,4,11.0,0,0,0,0,0,13,6,60,0,46.2,0,93,283,32.9,0,0,0,0,0,0,0,0,0,0,0,1.86,2.75,2.75,0,0
2022,WR,Deven Thompkins,LV,22,2,10.8,0,0,0,26,0,10,5,32,0,50.0,0,72,443,16.3,0,0,0,0,0,0,0,0,0,0,0,2.8,5.4,5.4,0,0
2022,RB,Darrynton Evans,,24,3,10.7,0,0,0,64,0,1,1,33,0,100.0,0,49,362,13.5,0,0,0,0,0,0,0,0,0,0,0,2.96,3.57,3.57,0,0
2022,WR,Jake Kumerow,,30,2,10.4,0,0,0,0,0,7,4,64,0,57.1,0,92,415,22.2,0,0,0,0,0,0,0,0,0,0,0,1.8,5.2,5.2,0,0
2022,RB,Tony Jones,,24,3,10.4,0,0,0,24,0,8,5,30,0,62.5,0,63,389,16.2,0,0,0,0,0,0,0,0,0,0,0,1.68,3.47,3.47,0,0
2022,RB,Ty Montgomery,,29,1,10.3,0,0,0,-2,0,4,3,15,1,75.0,0,21,57,36.8,0,0,0,0,0,0,0,0,0,0,0,0.0,10.3,10.3,1,0
2022,RB,Snoop Conner,,22,5,10.2,0,0,0,42,1,0,0,0,0,0.0,0,38,650,5.8,0,0,0,0,0,0,0,0,0,0,0,2.84,0.63,2.48,0,0
2022,RB,Ke'Shawn Vaughn,,25,5,10.2,0,0,0,53,0,4,3,19,0,75.0,0,37,1149,3.2,0,0,0,0,0,0,0,0,0,0,0,1.81,1.2,2.45,0,0
2022,TE,Chris Manhertz,NYG,30,5,10.2,0,0,0,0,0,8,6,42,0,75.0,0,427,1123,38.0,0,0,0,0,0,0,0,0,0,0,0,1.07,1.68,2.33,0,0
2022,WR,Laquon Treadwell,IND,27,3,10.2,0,0,0,0,0,10,6,42,0,60.0,0,138,350,39.4,0,0,0,0,0,0,0,0,0,0,0,1.84,3.4,3.4,0,0
2022,K,Tristan Vizcaino,,26,1,10.0,0,0,0,0,0,0,0,0,0,0.0,0,0,178,0.0,3,0,2,0,0,0,0,0,0,0,0,0.0,10.0,10.0,0,0
2022,RB,Ronnie Rivers,LAR,23,2,10.0,0,0,0,21,0,5,5,29,0,100.0,0,25,518,4.8,0,0,0,0,0,0,0,0,0,0,0,2.6,5.0,5.0,0,0
2022,TE,Blake Bell,,31,2,10.0,0,0,0,0,0,2,2,20,1,100.0,0,32,172,18.6,0,0,0,0,0,0,0,0,0,0,0,3.7,5.0,5.0,0,0
2022,RB,Tyrion Davis-Price,,21,5,9.9,0,0,0,99,0,2,0,0,0,0.0,0,70,597,11.7,0,0,0,0,0,0,0,0,0,0,0,1.26,1.65,2.38,0,0
2022,WR,Kyle Philips,,23,3,9.8,0,0,0,0,0,13,8,78,0,61.5,2,63,239,26.4,0,0,0,0,0,0,0,0,0,0,0,4.66,3.27,3.27,0,0
2022,TE,Tyler Kroft,,29,4,9.7,0,0,0,0,0,5,4,57,0,80.0,0,238,718,33.1,0,0,0,0,0,0,0,0,0,0,0,0.84,2.42,2.42,0,0
2022,WR,Cole Beasley,,33,4,9.5,0,0,0,0,0,8,6,35,0,75.0,0,30,271,11.1,0,0,0,0,0,0,0,0,0,0,0,1.07,2.38,2.38,0,0
2022,WR,Kevin White,,30,2,9.4,0,0,0,0,0,5,2,74,0,40.0,0,131,420,31.2,0,0,0,0,0,0,0,0,0,0,0,2.7,4.7,4.7,0,0
2022,RB,Myles Gaskin,,25,2,9.4,0,0,0,26,0,6,4,28,0,66.7,0,39,262,14.9,0,0,0,0,0,0,0,0,0,0,0,1.6,4.7,4.7,0,0
2022,RB,Tyler Badie,DEN,22,1,9.4,0,0,0,0,0,1,1,24,1,100.0,0,9,65,13.8,0,0,0,0,0,0,0,0,0,0,0,0.0,9.4,9.4,0,0
2022,QB,Nathan Peterman,,28,1,9.26,139,1,1,7,0,0,0,0,0,0.0,0,44,334,13.2,0,0,0,0,0,0,0,0,0,0,0,0.0,9.26,9.26,0,0
2022,RB,David Johnson,,30,4,9.1,0,0,0,24,0,4,4,47,0,100.0,1,58,295,19.7,0,0,0,0,0,0,0,0,0,0,0,2.09,2.28,2.28,0,0
2022,QB,Chris Streveler,,27,1,9.0,90,0,0,54,0,0,0,0,0,0.0,0,31,129,24.0,0,0,0,0,0,0,0,0,0,0,0,0.0,9.0,9.0,0,0
2022,K,Caleb Shudak,,24,1,9.0,0,0,0,0,0,0,0,0,0,0.0,0,0,57,0.0,1,0,3,0,0,0,0,0,0,0,0,0.0,9.0,9.0,0,0
2022,WR,Michael Woods,DEN,22,5,9.0,0,0,0,-5,0,10,5,45,0,50.0,0,155,736,21.1,0,0,0,0,0,0,0,0,0,0,0,0.62,1.63,2.03,0,0
2022,TE,Charlie Kolar,LAC,23,1,8.9,0,0,0,0,0,6,4,49,0,66.7,0,36,130,27.7,0,0,0,0,0,0,0,0,0,0,0,0.0,8.9,8.9,0,0
2022,WR,Michael Strachan,,25,2,8.9,0,0,0,0,0,9,3,59,0,33.3,0,131,1021,12.8,0,0,0,0,0,0,0,0,0,0,0,1.15,4.45,4.45,0,0
2022,WR,Chris Conley,,29,2,8.6,0,0,0,0,0,7,4,46,0,57.1,0,152,572,26.6,0,0,0,0,0,0,0,0,0,0,0,0.6,4.3,4.3,0,0
2022,QB,Chase Daniel,,35,2,8.48,52,1,0,4,0,0,0,0,0,0.0,0,30,1192,2.5,0,0,0,0,0,0,0,0,0,0,0,3.16,4.24,4.24,0,0
2022,RB,Isaiah Spiller,,21,5,8.4,0,0,0,41,0,3,3,13,0,100.0,0,53,555,9.5,0,0,0,0,0,0,0,0,0,0,0,1.7,1.05,2.22,0,0
2022,WR,Jalen Guyton,,25,1,8.4,0,0,0,0,0,4,2,64,0,50.0,0,29,203,14.3,0,0,0,0,0,0,0,0,0,0,0,0.0,8.4,8.4,0,0
2022,WR,Cody Hollister,,28,2,8.4,0,0,0,0,0,5,3,54,0,60.0,0,171,650,26.3,0,0,0,0,0,0,0,0,0,0,0,1.0,4.2,4.2,0,0
2022,RB,Julius Chestnut,TEN,21,3,8.3,0,0,0,12,0,3,3,41,0,100.0,0,29,385,7.5,0,0,0,0,0,0,0,0,0,0,0,1.18,2.77,2.77,0,0
2022,TE,Luke Farrell,SF,24,4,8.0,0,0,0,0,0,4,4,40,0,100.0,0,97,1123,8.6,0,0,0,0,0,0,0,0,0,0,0,0.44,2.0,2.0,0,0
2022,RB,Trayveon Williams,,24,4,8.0,0,0,0,30,0,3,2,30,0,66.7,0,36,611,5.9,0,0,0,0,0,0,0,0,0,0,0,1.93,2.0,2.0,0,0
2022,WR,Mike Thomas,,28,2,7.8,0,0,0,0,0,10,2,38,0,20.0,0,198,683,29.0,0,0,0,0,0,0,0,0,0,0,0,0.4,3.9,3.9,0,0
2022,RB,Jaret Patterson,LAC,22,1,7.8,0,0,0,78,0,1,0,0,0,0.0,0,33,218,15.1,0,0,0,0,0,0,0,0,0,0,0,0.0,7.8,7.8,0,0
2022,TE,Tyler Mabry,,25,1,7.7,0,0,0,0,0,1,1,7,1,100.0,0,5,142,3.5,0,0,0,0,0,0,0,0,0,0,0,0.0,7.7,7.7,0,0
2022,QB,Anthony Brown,,24,2,7.58,302,0,2,-5,0,0,0,0,0,0.0,1,101,306,33.0,0,0,0,0,0,0,0,0,0,0,0,3.65,3.79,3.79,0,0
2022,RB,Spencer Brown,,23,2,7.3,0,0,0,43,0,4,2,10,0,50.0,0,31,129,24.0,0,0,0,0,0,0,0,0,0,0,0,0.95,3.65,3.65,0,0
2022,WR,Tylan Wallace,CLE,23,4,7.3,0,0,0,0,0,7,4,33,0,57.1,0,77,588,13.1,0,0,0,0,0,0,0,0,0,0,0,0.29,1.83,1.83,0,0
2022,RB,Zamir White,,22,11,7.0,0,0,0,70,0,0,0,0,0,0.0,0,40,913,4.4,0,0,0,0,0,0,0,0,0,0,0,1.01,-0.17,1.67,0,0
2022,K,Nick Sciba,,22,1,7.0,0,0,0,0,0,0,0,0,0,0.0,0,0,76,0.0,1,0,2,0,0,0,0,0,0,0,0,0.0,7.0,7.0,0,0
2022,RB,Troy Hairston,,23,4,6.9,0,0,0,0,0,8,5,19,0,62.5,0,168,997,16.9,0,0,0,0,0,0,0,0,0,0,0,0.62,1.73,1.73,0,0
2022,TE,Stephen Sullivan,,25,2,6.6,0,0,0,0,0,6,2,46,0,33.3,0,125,845,14.8,0,0,0,0,0,0,0,0,0,0,0,1.0,3.3,3.3,0,0
2022,TE,Trevon Wesco,,26,3,6.6,0,0,0,0,0,4,2,26,0,50.0,0,181,854,21.2,0,0,0,0,0,0,0,0,0,0,0,0.83,2.2,2.2,0,0
2022,TE,Tyler Davis,,25,3,6.6,0,0,0,0,0,7,4,26,0,57.1,0,174,1094,15.9,0,0,0,0,0,0,0,0,0,0,0,1.71,2.2,2.2,0,0
2022,TE,Ryan Griffin,,32,4,6.6,0,0,0,0,0,8,4,26,0,50.0,0,146,909,16.1,0,0,0,0,0,0,0,0,0,0,0,0.68,1.65,1.65,0,0
2022,WR,Racey McMath,,23,3,6.4,0,0,0,4,0,8,2,40,0,25.0,0,64,330,19.4,0,0,0,0,0,0,0,0,0,0,0,1.98,2.13,2.13,0,0
2022,RB,Trestan Ebner,,23,5,6.2,0,0,0,54,0,8,2,8,0,25.0,1,85,1034,8.2,0,0,0,0,0,0,0,0,0,0,0,1.18,0.85,1.67,0,0
2022,RB,Anthony McFarland,,23,1,6.1,0,0,0,30,0,2,2,11,0,100.0,0,21,69,30.4,0,0,0,0,0,0,0,0,0,0,0,0.0,6.1,6.1,0,0
2022,WR,Tim Jones,JAX,24,3,6.0,0,0,0,0,0,4,3,30,0,75.0,0,145,1123,12.9,0,0,0,0,0,0,0,0,0,0,0,0.73,2.0,2.0,0,0
2022,TE,Jesper Horsted,,25,2,5.9,0,0,0,0,0,4,3,19,0,75.0,0,57,981,5.8,0,0,0,0,0,0,0,0,0,0,0,1.95,2.95,2.95,0,0
2022,RB,Patrick Taylor,SF,24,4,5.8,0,0,0,31,0,1,1,17,0,100.0,0,33,846,3.9,0,0,0,0,0,0,0,0,0,0,0,0.79,1.45,1.45,0,0
2022,QB,Nick Foles,,33,2,5.76,224,0,4,8,0,0,0,0,0,0.0,0,83,739,11.2,0,0,0,0,0,0,0,0,0,0,0,0.16,2.88,2.88,0,0
2022,TE,Stone Smartt,PHI,23,3,5.7,0,0,0,0,0,5,4,17,0,80.0,0,74,557,13.3,0,0,0,0,0,0,0,0,0,0,0,0.29,1.9,1.9,0,0
2022,TE,Ben Ellefson,,26,2,5.6,0,0,0,0,0,3,3,26,0,100.0,0,43,267,16.1,0,0,0,0,0,0,0,0,0,0,0,1.6,2.8,2.8,0,0
2022,RB,Dwayne Washington,,28,3,5.5,0,0,0,38,0,1,1,7,0,100.0,0,41,753,5.4,0,0,0,0,0,0,0,0,0,0,0,0.45,1.83,1.83,0,0
2022,TE,Kendall Blanton,,26,2,5.5,0,0,0,0,0,2,2,35,0,100.0,0,25,252,9.9,0,0,0,0,0,0,0,0,0,0,0,1.05,2.75,2.75,0,0
2022,WR,Simi Fehoko,ARI,24,2,5.4,0,0,0,0,0,4,3,24,0,75.0,0,36,310,11.6,0,0,0,0,0,0,0,0,0,0,0,0.5,2.7,2.7,0,0
2022,RB,D'Ernest Johnson,,26,3,5.4,0,0,0,17,0,3,3,7,0,100.0,0,35,1107,3.2,0,0,0,0,0,0,0,0,0,0,0,0.86,1.8,1.8,0,0
2022,RB,Larry Rountree,,23,2,5.3,0,0,0,19,0,2,2,14,0,100.0,0,25,258,9.7,0,0,0,0,0,0,0,0,0,0,0,1.15,2.65,2.65,0,0
2022,RB,Jonathan Ward,,24,2,5.2,0,0,0,25,0,3,2,7,0,66.7,0,10,581,1.7,0,0,0,0,0,0,0,0,0,0,0,1.4,2.6,2.6,0,0
2022,WR,Montrell Washington,,23,8,5.2,0,0,0,30,0,9,4,2,0,44.4,1,78,1001,7.8,0,0,0,0,0,0,0,0,0,0,0,0.86,-0.02,1.33,0,0
2022,QB,Blaine Gabbert,,32,1,5.16,29,1,0,0,0,0,0,0,0,0.0,0,14,1216,1.2,0,0,0,0,0,0,0,0,0,0,0,0.0,5.16,5.16,0,0
2022,WR,Penny Hart,,26,3,5.0,0,0,0,0,0,4,3,20,0,75.0,0,34,562,6.0,0,0,0,0,0,0,0,0,0,0,0,0.59,1.67,1.67,0,0
2022,TE,Maxx Williams,,28,2,4.8,0,0,0,0,0,3,3,18,0,100.0,0,169,790,21.4,0,0,0,0,0,0,0,0,0,0,0,0.7,2.4,2.4,0,0
2022,WR,Jaelon Darden,,23,3,4.8,0,0,0,2,0,2,2,26,0,100.0,0,60,973,6.2,0,0,0,0,0,0,0,0,0,0,0,1.39,1.6,1.6,0,0
2022,WR,Tyrie Cleveland,,24,1,4.8,0,0,0,0,0,7,2,28,0,28.6,0,76,428,17.8,0,0,0,0,0,0,0,0,0,0,0,0.0,4.8,4.8,0,0
2022,RB,Giovani Bernard,,30,1,4.7,0,0,0,28,0,2,2,-1,0,100.0,0,25,642,3.9,0,0,0,0,0,0,0,0,0,0,0,0.0,4.7,4.7,0,0
2022,WR,Daylen Baldwin,,22,1,4.5,0,0,0,0,0,2,2,25,0,100.0,0,12,66,18.2,0,0,0,0,0,0,0,0,0,0,0,0.0,4.5,4.5,0,0
2022,WR,Bryan Edwards,,23,3,4.5,0,0,0,0,0,5,3,15,0,60.0,0,91,437,20.8,0,0,0,0,0,0,0,0,0,0,0,0.36,1.5,1.5,0,0
2022,WR,Dareke Young,LV,23,1,4.4,0,0,0,0,0,2,2,24,0,100.0,0,109,851,12.8,0,0,0,0,0,0,0,0,0,0,0,0.0,4.4,4.4,0,0
2022,WR,Dezmon Patmon,,24,1,4.4,0,0,0,0,0,6,2,24,0,33.3,0,24,114,21.1,0,0,0,0,0,0,0,0,0,0,0,0.0,4.4,4.4,0,0
2022,TE,Cole Turner,MIA,22,1,4.3,0,0,0,0,0,9,2,23,0,22.2,0,245,680,36.0,0,0,0,0,0,0,0,0,0,0,0,0.0,4.3,4.3,0,0
2022,WR,Andy Isabella,,25,3,4.2,0,0,0,1,0,5,2,21,0,40.0,0,73,328,22.3,0,0,0,0,0,0,0,0,0,0,0,0.92,1.4,1.4,0,0
2022,WR,Pharoh Cooper,,27,2,4.1,0,0,0,15,0,2,2,6,0,100.0,0,25,343,7.3,0,0,0,0,0,0,0,0,0,0,0,1.25,2.05,2.05,0,0
2022,TE,Sean McKeon,IND,24,2,4.1,0,0,0,0,0,3,2,11,0,66.7,0,128,913,14.0,0,0,0,0,0,0,0,0,0,0,0,0.05,2.05,2.05,0,0
2022,WR,Cade Johnson,,24,1,4.1,0,0,0,0,0,4,2,21,0,50.0,0,56,206,27.2,0,0,0,0,0,0,0,0,0,0,0,0.0,4.1,4.1,0,0
2022,WR,Lil'Jordan Humphrey,DEN,24,2,4.0,0,0,0,0,0,4,2,20,0,50.0,0,128,379,33.8,0,0,0,0,0,0,0,0,0,0,0,0.1,2.0,2.0,0,0
2022,K,Dominik Eberle,,26,1,4.0,0,0,0,0,0,0,0,0,0,0.0,0,0,74,0.0,2,2,1,0,0,0,0,0,0,0,0,0.0,4.0,4.0,0,0
2022,TE,Stephen Anderson,,29,2,3.9,0,0,0,0,0,7,3,9,0,42.9,0,132,1205,11.0,0,0,0,0,0,0,0,0,0,0,0,0.75,1.95,1.95,0,0
2022,WR,Keith Kirkwood,,27,2,3.8,0,0,0,0,0,4,2,18,0,50.0,0,153,332,46.1,0,0,0,0,0,0,0,0,0,0,0,0.5,1.9,1.9,0,0
2022,WR,Dennis Houston,TB,23,1,3.6,0,0,0,0,0,6,2,16,0,33.3,0,60,130,46.2,0,0,0,0,0,0,0,0,0,0,0,0.0,3.6,3.6,0,0
2022,WR,Quintez Cephus,,24,1,3.5,0,0,0,0,0,3,2,15,0,66.7,0,51,282,18.1,0,0,0,0,0,0,0,0,0,0,0,0.0,3.5,3.5,0,0
2022,WR,Nsimba Webster,,26,1,3.4,0,0,0,0,0,3,2,14,0,66.7,0,10,122,8.2,0,0,0,0,0,0,0,0,0,0,0,0.0,3.4,3.4,0,0
2022,WR,Austin Trammell,JAX,24,2,3.3,0,0,0,0,0,4,2,13,0,50.0,0,54,348,15.5,0,0,0,0,0,0,0,0,0,0,0,0.15,1.65,1.65,0,0
2022,WR,Jalen Tolbert,MIA,23,2,3.2,0,0,0,0,0,3,2,12,0,66.7,0,89,616,14.4,0,0,0,0,0,0,0,0,0,0,0,0.2,1.6,1.6,0,0
2022,RB,Mike Davis,,29,5,3.2,0,0,0,18,0,2,2,4,0,100.0,0,42,506,8.3,0,0,0,0,0,0,0,0,0,0,0,0.56,0.38,0.77,0,0
2022,WR,Miles Boykin,,25,2,3.1,0,0,0,0,0,3,2,11,0,66.7,0,132,1091,12.1,0,0,0,0,0,0,0,0,0,0,0,0.55,1.55,1.55,0,0
2022,WR,Danny Gray,PHI,23,2,2.9,0,0,0,9,0,7,1,10,0,14.3,0,87,922,9.4,0,0,0,0,0,0,0,0,0,0,0,0.55,1.45,1.45,0,0
2022,RB,J.J. Taylor,,24,1,2.7,0,0,0,9,0,1,1,8,0,100.0,0,17,63,27.0,0,0,0,0,0,0,0,0,0,0,0,0.0,2.7,2.7,0,0
2022,WR,Juwann Winfree,,25,1,2.7,0,0,0,0,0,4,1,17,0,25.0,0,35,196,17.9,0,0,0,0,0,0,0,0,0,0,0,0.0,2.7,2.7,0,0
2022,TE,Mason Schreck,,28,2,2.6,0,0,0,0,0,2,2,6,0,100.0,0,34,178,19.1,0,0,0,0,0,0,0,0,0,0,0,0.3,1.3,1.3,0,0
2022,WR,DJ Turner,HOU,25,2,2.6,0,0,0,26,0,1,0,0,0,0.0,0,21,565,3.7,0,0,0,0,0,0,0,0,0,0,0,0.7,1.3,1.3,0,0
2022,TE,Devin Asiasi,,25,1,2.5,0,0,0,0,0,4,2,5,0,50.0,0,183,871,21.0,0,0,0,0,0,0,0,0,0,0,0,0.0,2.5,2.5,0,0
2022,WR,Frank Darby,,24,1,2.5,0,0,0,0,0,1,1,15,0,100.0,0,54,313,17.3,0,0,0,0,0,0,0,0,0,0,0,0.0,2.5,2.5,0,0
2022,RB,Ty Chandler,NO,24,1,2.0,0,0,0,20,0,0,0,0,0,0.0,0,12,222,5.4,0,0,0,0,0,0,0,0,0,0,0,0.0,2.0,2.0,0,0
2022,K,Josh Lambo,,31,1,2.0,0,0,0,0,0,0,0,0,0,0.0,0,0,66,0.0,3,1,0,0,0,0,0,0,0,0,0,0.0,2.0,2.0,0,0
2022,RB,Trey Sermon,,23,1,1.9,0,0,0,19,0,0,0,0,0,0.0,0,8,155,5.2,0,0,0,0,0,0,0,0,0,0,0,0.0,1.9,1.9,0,0
2022,TE,Jeremy Ruckert,NYJ,22,1,1.8,0,0,0,0,0,2,1,8,0,50.0,0,46,579,7.9,0,0,0,0,0,0,0,0,0,0,0,0.0,1.8,1.8,0,0
2022,TE,Drew Sample,CIN,26,2,1.8,0,0,0,0,0,2,2,-2,0,100.0,0,39,170,22.9,0,0,0,0,0,0,0,0,0,0,0,0.3,0.9,0.9,0,0
2022,WR,Tyron Billy-Johnson,,26,1,1.8,0,0,0,0,0,1,1,8,0,100.0,0,34,384,8.9,0,0,0,0,0,0,0,0,0,0,0,0.0,1.8,1.8,0,0
2022,WR,Maurice Alexander,CHI,25,1,1.7,0,0,0,0,0,1,1,7,0,100.0,0,7,259,2.7,0,0,0,0,0,0,0,0,0,0,0,0.0,1.7,1.7,0,0
2022,WR,Braylon Sanders,,23,1,1.7,0,0,0,0,0,3,2,17,0,66.7,1,34,246,13.8,0,0,0,0,0,0,0,0,0,0,0,0.0,1.7,1.7,0,0
2022,WR,Jalen Camp,,24,1,1.7,0,0,0,0,0,1,1,7,0,100.0,0,21,126,16.7,0,0,0,0,0,0,0,0,0,0,0,0.0,1.7,1.7,0,0
2022,RB,Devine Ozigbo,,25,3,1.7,0,0,0,4,0,1,1,3,0,100.0,0,11,263,4.2,0,0,0,0,0,0,0,0,0,0,0,0.52,0.57,0.57,0,0
2022,RB,Godwin Igwebuike,,27,1,1.7,0,0,0,4,0,1,1,3,0,100.0,0,5,336,1.5,0,0,0,0,0,0,0,0,0,0,0,0.0,1.7,1.7,0,0
2022,TE,Tommy Sweeney,,27,1,1.7,0,0,0,0,0,1,1,7,0,100.0,0,68,322,21.1,0,0,0,0,0,0,0,0,0,0,0,0.0,1.7,1.7,0,0
2022,WR,Jacob Harris,,25,1,1.6,0,0,0,0,0,1,1,6,0,100.0,0,1,421,0.2,0,0,0,0,0,0,0,0,0,0,0,0.0,1.6,1.6,0,0
2022,WR,C.J. Board,,28,1,1.6,0,0,0,0,0,1,1,6,0,100.0,0,16,240,6.7,0,0,0,0,0,0,0,0,0,0,0,0.0,1.6,1.6,0,0
2022,RB,Ty'Son Williams,,25,1,1.5,0,0,0,0,0,1,1,5,0,100.0,0,2,52,3.8,0,0,0,0,0,0,0,0,0,0,0,0.0,1.5,1.5,0,0
2022,WR,Jason Moore,,27,1,1.5,0,0,0,0,0,2,1,5,0,50.0,0,54,507,10.7,0,0,0,0,0,0,0,0,0,0,0,0.0,1.5,1.5,0,0
2022,QB,Brian Hoyer,,36,1,1.48,37,0,0,0,0,0,0,0,0,0.0,0,15,249,6.0,0,0,0,0,0,0,0,0,0,0,0,0.0,1.48,1.48,0,0
2022,RB,Demetric Felton,,24,3,1.4,0,0,0,-4,0,4,2,8,0,50.0,0,74,553,13.4,0,0,0,0,0,0,0,0,0,0,0,1.07,0.47,0.47,0,0
2022,TE,Richard Rodgers,,30,1,1.4,0,0,0,0,0,4,1,4,0,25.0,0,96,677,14.2,0,0,0,0,0,0,0,0,0,0,0,0.0,1.4,1.4,0,0
2022,QB,Jacob Eason,,24,1,1.36,59,0,1,0,0,0,0,0,0,0.0,0,7,94,7.4,0,0,0,0,0,0,0,0,0,0,0,0.0,1.36,1.36,0,0
2022,WR,Erik Ezukanma,PHI,22,1,1.3,0,0,0,0,0,1,1,3,0,100.0,0,10,65,15.4,0,0,0,0,0,0,0,0,0,0,0,0.0,1.3,1.3,0,0
2022,WR,Mason Kinsey,TEN,24,1,1.3,0,0,0,0,0,1,1,3,0,100.0,0,13,121,10.7,0,0,0,0,0,0,0,0,0,0,0,0.0,1.3,1.3,0,0
2022,WR,Deonte Harty,,24,3,1.3,0,0,0,0,0,2,2,13,0,100.0,1,24,266,9.0,0,0,0,0,0,0,0,0,0,0,0,1.73,0.43,0.43,0,0
2022,RB,Jerome Ford,WAS,22,2,1.2,0,0,0,12,0,0,0,0,0,0.0,0,14,905,1.5,0,0,0,0,0,0,0,0,0,0,0,0.3,0.6,0.6,0,0
2022,WR,Cody White,SEA,23,1,1.2,0,0,0,0,0,1,1,2,0,100.0,0,10,69,14.5,0,0,0,0,0,0,0,0,0,0,0,0.0,1.2,1.2,0,0
2022,QB,Kyle Trask,,24,1,0.92,23,0,0,0,0,0,0,0,0,0.0,0,10,185,5.4,0,0,0,0,0,0,0,0,0,0,0,0.0,0.92,0.92,0,0
2022,RB,Reggie Bonnafon,,26,1,0.8,0,0,0,8,0,0,0,0,0,0.0,0,3,66,4.5,0,0,0,0,0,0,0,0,0,0,0,0.0,0.8,0.8,0,0
2022,QB,Brandon Allen,NYG,29,1,0.78,22,0,0,-1,0,0,0,0,0,0.0,0,16,1107,1.4,0,0,0,0,0,0,0,0,0,0,0,0.0,0.78,0.78,0,0
2022,QB,Josh Johnson,CIN,36,1,0.7,10,0,0,3,0,0,0,0,0,0.0,0,22,387,5.7,0,0,0,0,0,0,0,0,0,0,0,0.0,0.7,0.7,0,0
2022,RB,Kylin Hill,,24,1,0.7,0,0,0,7,0,0,0,0,0,0.0,0,1,138,0.7,0,0,0,0,0,0,0,0,0,0,0,0.0,0.7,0.7,0,0
2022,RB,Duke Johnson,,28,1,0.4,0,0,0,4,0,0,0,0,0,0.0,0,5,75,6.7,0,0,0,0,0,0,0,0,0,0,0,0.0,0.4,0.4,0,0
2022,WR,Ihmir Smith-Marsette,ARI,23,2,0.4,0,0,0,-1,0,4,1,15,0,25.0,1,70,473,14.8,0,0,0,0,0,0,0,0,0,0,0,0.3,0.2,0.2,0,0
2022,QB,Case Keenum,CHI,34,2,0.32,8,0,0,0,0,0,0,0,0,0.0,0,24,1085,2.2,0,0,0,0,0,0,0,0,0,0,0,0.04,0.16,0.16,0,0
2022,RB,Damien Williams,,30,1,0.2,0,0,0,2,0,0,0,0,0,0.0,0,10,75,13.3,0,0,0,0,0,0,0,0,0,0,0,0.0,0.2,0.2,0,0
2022,RB,Jordan Howard,,27,1,0.1,0,0,0,1,0,0,0,0,0,0.0,0,4,98,4.1,0,0,0,0,0,0,0,0,0,0,0,0.0,0.1,0.1,0,0
2022,WR,KaVontae Turpin,DAL,26,6,0.0,0,0,0,17,0,2,1,9,0,50.0,2,62,1159,5.3,0,0,0,0,0,0,0,0,0,0,0,1.47,-0.85,0.9,0,0
2022,QB,C.J. Beathard,,28,4,0.0,35,0,1,-4,0,0,0,0,0,0.0,0,27,1123,2.4,0,0,0,0,0,0,0,0,0,0,0,0.21,0.0,0.0,0,0
2022,WR,Keke Coutee,,25,2,0.0,0,0,0,0,0,1,1,20,0,100.0,1,2,512,0.4,0,0,0,0,0,0,0,0,0,0,0,1.0,0.0,0.0,0,0
2022,QB,Tim Boyle,,27,1,0.0,33,0,2,-2,0,0,0,0,0,0.0,0,13,51,25.5,0,0,0,0,0,0,0,0,0,0,0,0.0,-0.88,-0.88,0,0
2023,QB,Josh Allen,BUF,27,17,410.64,4306,29,18,524,15,0,0,0,0,0.0,4,1126,1164,96.7,0,0,0,0,0,0,0,0,0,0,0,7.12,14.86,33.99,17,13
2023,WR,CeeDee Lamb,DAL,24,17,403.2,0,0,0,113,2,181,135,1749,12,74.6,2,991,1184,83.7,0,0,0,0,0,0,0,0,0,0,0,10.44,11.4,39.05,16,8
2023,RB,Christian McCaffrey,SF,27,16,391.3,0,0,0,1459,14,83,67,564,7,80.7,2,812,1005,80.8,0,0,0,0,0,0,0,0,0,0,0,9.4,14.35,37.78,16,12
2023,WR,Tyreek Hill,,29,16,376.4,0,0,0,15,0,171,119,1799,13,69.6,1,695,1037,67.0,0,0,0,0,0,0,0,0,0,0,0,9.37,11.6,34.9,16,10
2023,QB,Jalen Hurts,PHI,25,17,371.82,3858,23,15,605,15,0,0,0,0,0.0,5,1103,1147,96.2,0,0,0,0,0,0,0,0,0,0,0,7.65,10.72,29.35,15,13
2023,QB,Dak Prescott,DAL,30,17,351.84,4516,36,9,242,2,0,0,0,0,0.0,2,1115,1184,94.2,0,0,0,0,0,0,0,0,0,0,0,8.98,8.76,32.13,14,8
2023,QB,Lamar Jackson,BAL,26,16,338.22,3678,24,7,821,5,0,0,0,0,0.0,6,1040,1069,97.3,0,0,0,0,0,0,0,0,0,0,0,8.62,10.49,32.76,15,8
2023,WR,Amon-Ra St. Brown,DET,23,16,331.9,0,0,0,24,0,164,119,1515,10,72.6,1,1010,1118,90.3,0,0,0,0,0,0,0,0,0,0,0,6.5,12.45,29.23,15,8
2023,QB,Jordan Love,GB,24,17,330.06,4159,32,11,247,4,0,0,0,0,0.0,3,1083,1096,98.8,0,0,0,0,0,0,0,0,0,0,0,5.45,11.82,26.07,15,8
2023,QB,Brock Purdy,SF,23,16,306.6,4280,31,11,144,2,0,0,0,0,0.0,2,936,1066,87.8,0,0,0,0,0,0,0,0,0,0,0,6.48,10.33,26.99,14,9
2023,QB,Jared Goff,DET,28,17,301.1,4575,30,12,21,2,0,0,0,0,0.0,4,1175,1178,99.7,0,0,0,0,0,0,0,0,0,0,0,6.12,10.51,26.23,16,6
2023,WR,Puka Nacua,LAR,22,17,298.5,0,0,0,89,0,160,105,1486,6,65.6,0,1000,1148,87.1,0,0,0,0,0,0,0,0,0,0,0,8.63,6.7,29.58,13,7
2023,QB,Patrick Mahomes,KC,27,16,294.22,4183,27,14,389,0,0,0,0,0,0.0,3,1051,1072,98.0,0,0,0,0,0,0,0,0,0,0,0,5.91,12.06,25.89,15,5
2023,RB,Breece Hall,NYJ,22,17,290.5,0,0,0,994,5,95,76,591,4,80.0,0,667,1101,60.6,0,0,0,0,0,0,0,0,0,0,0,10.95,4.33,32.03,12,7
2023,WR,A.J. Brown,NE,26,17,289.6,0,0,0,0,0,158,106,1456,7,67.1,2,1019,1147,88.8,0,0,0,0,0,0,0,0,0,0,0,9.93,4.47,30.83,13,5
2023,WR,DJ Moore,BUF,26,17,287.5,0,0,0,21,1,136,96,1364,8,70.6,1,1029,1138,90.4,0,0,0,0,0,0,0,0,0,0,0,11.32,5.98,33.45,12,6
2023,QB,Tua Tagovailoa,ATL,25,17,284.36,4624,29,14,74,0,0,0,0,0,0.0,5,1045,1098,95.2,0,0,0,0,0,0,0,0,0,0,0,5.86,9.97,25.44,14,4
2023,QB,Baker Mayfield,TB,28,17,284.06,4044,28,10,163,1,0,0,0,0,0.0,3,1100,1103,99.7,0,0,0,0,0,0,0,0,0,0,0,5.71,8.99,23.61,15,4
2023,WR,Mike Evans,SF,30,17,282.5,0,0,0,0,0,136,79,1255,13,58.1,0,863,1103,78.2,0,0,0,0,0,0,0,0,0,0,0,8.38,5.73,28.05,12,6
2023,RB,Travis Etienne,NO,24,17,282.4,0,0,0,1008,11,73,58,476,1,79.5,0,856,1166,73.4,0,0,0,0,0,0,0,0,0,0,0,8.27,6.9,27.85,12,6
2023,QB,C.J. Stroud,HOU,21,15,281.02,4108,23,5,167,3,1,1,0,0,100.0,4,967,982,98.5,0,0,0,0,0,0,0,0,0,0,0,8.59,10.04,28.99,14,7
2023,WR,Keenan Allen,,31,13,278.86,49,1,0,6,0,150,108,1243,7,72.0,1,779,875,89.0,0,0,0,0,0,0,0,0,0,0,0,11.15,11.33,36.17,12,6
2023,QB,Sam Howell,DAL,22,17,278.54,3946,21,21,263,5,1,1,4,0,100.0,2,1061,1107,95.8,0,0,0,0,0,0,0,0,0,0,0,7.96,5.7,25.96,12,6
2023,QB,Trevor Lawrence,JAX,23,16,276.54,4016,21,14,339,4,0,0,0,0,0.0,7,1047,1103,94.9,0,0,0,0,0,0,0,0,0,0,0,6.41,9.84,25.81,14,4
2023,WR,Stefon Diggs,,29,17,273.8,0,0,0,5,0,160,107,1183,8,66.9,1,949,1164,81.5,0,0,0,0,0,0,0,0,0,0,0,8.14,6.65,27.23,11,4
2023,RB,Rachaad White,WAS,24,17,267.9,0,0,0,990,6,70,64,549,3,91.4,2,861,1103,78.1,0,0,0,0,0,0,0,0,0,0,0,6.01,7.38,23.15,13,4
2023,RB,Raheem Mostert,,31,15,267.7,0,0,0,1012,18,32,25,175,3,78.1,1,555,977,56.8,0,0,0,0,0,0,0,0,0,0,0,10.4,8.13,32.03,13,5
2023,RB,Joe Mixon,,27,17,267.0,0,0,0,1034,9,64,52,376,3,81.3,0,752,1088,69.1,0,0,0,0,0,0,0,0,0,0,0,6.04,8.7,24.23,13,4
2023,WR,Davante Adams,LAR,30,17,265.4,0,0,0,0,0,175,103,1144,8,58.9,0,963,1046,92.1,0,0,0,0,0,0,0,0,0,0,0,10.78,3.95,31.28,12,5
2023,QB,Russell Wilson,,34,15,264.9,3070,26,8,341,3,0,0,0,0,0.0,5,938,1072,87.5,0,0,0,0,0,0,0,0,0,0,0,4.17,13.1,22.88,14,3
2023,WR,Ja'Marr Chase,CIN,23,16,262.72,-7,0,0,-6,0,145,100,1216,7,69.0,0,890,1024,86.9,0,0,0,0,0,0,0,0,0,0,0,12.12,6.75,33.78,9,5
2023,WR,Nico Collins,HOU,24,15,261.4,0,0,0,7,0,109,80,1297,8,73.4,0,668,982,68.0,0,0,0,0,0,0,0,0,0,0,0,10.68,5.4,33.0,11,5
2023,RB,Kyren Williams,LAR,23,12,255.0,0,0,0,1144,12,48,32,206,3,66.7,2,678,826,82.1,0,0,0,0,0,0,0,0,0,0,0,8.68,11.73,31.05,10,7
2023,QB,Matthew Stafford,LAR,35,15,254.1,3965,24,11,65,0,0,0,0,0,0.0,0,1000,1023,97.8,0,0,0,0,0,0,0,0,0,0,0,4.12,12.45,22.93,15,4
2023,WR,Michael Pittman,PIT,25,16,250.2,0,0,0,0,0,156,109,1152,4,69.9,1,991,1077,92.0,0,0,0,0,0,0,0,0,0,0,0,5.87,7.93,22.95,13,3
2023,WR,Brandon Aiyuk,SF,25,16,249.2,0,0,0,0,0,105,75,1342,7,71.4,1,803,983,81.7,0,0,0,0,0,0,0,0,0,0,0,7.33,7.33,26.18,12,4
2023,QB,Derek Carr,,32,17,249.12,3878,25,8,40,0,0,0,0,0,0.0,3,978,1158,84.5,0,0,0,0,0,0,0,0,0,0,0,6.44,6.11,22.97,12,3
2023,RB,Derrick Henry,BAL,29,17,246.66,14,2,0,1167,12,36,28,214,0,77.8,0,558,1050,53.1,0,0,0,0,0,0,0,0,0,0,0,7.71,3.55,23.02,11,5
2023,RB,Bijan Robinson,ATL,21,17,246.3,0,0,0,976,4,86,58,487,4,67.4,3,771,1130,68.2,0,0,0,0,0,0,0,0,0,0,0,7.61,4.15,23.73,13,4
2023,WR,Deebo Samuel,SF,27,15,243.7,0,0,0,225,5,89,60,892,7,67.4,0,708,954,74.2,0,0,0,0,0,0,0,0,0,0,0,10.4,4.03,29.33,10,6
2023,RB,Jahmyr Gibbs,DET,21,15,242.1,0,0,0,945,10,71,52,316,1,73.2,1,596,1048,56.9,0,0,0,0,0,0,0,0,0,0,0,8.37,7.18,27.13,9,6
2023,QB,Justin Herbert,LAC,25,13,241.16,3134,20,7,228,3,1,1,10,0,100.0,1,838,875,95.8,0,0,0,0,0,0,0,0,0,0,0,8.36,7.71,27.2,10,8
2023,TE,Sam LaPorta,DET,22,17,239.3,0,0,0,4,0,120,86,889,10,71.7,0,981,1178,83.3,0,0,0,0,0,0,0,0,0,0,0,7.47,5.98,24.93,10,3
2023,QB,Justin Fields,KC,24,13,239.18,2562,16,9,657,4,0,0,0,0,0.0,4,829,861,96.3,0,0,0,0,0,0,0,0,0,0,0,8.24,9.19,28.15,11,6
2023,QB,Geno Smith,NYJ,32,15,236.26,3624,20,9,155,1,1,1,-2,0,100.0,3,906,992,91.3,0,0,0,0,0,0,0,0,0,0,0,6.75,7.57,24.63,11,4
2023,RB,Alvin Kamara,NO,28,13,233.0,0,0,0,694,5,86,75,466,1,87.2,0,558,888,62.8,0,0,0,0,0,0,0,0,0,0,0,6.97,9.98,26.65,11,4
2023,RB,James Cook,BUF,23,17,232.7,0,0,0,1122,2,54,44,445,4,81.5,2,634,1164,54.5,0,0,0,0,0,0,0,0,0,0,0,8.07,5.65,25.08,10,2
2023,WR,Chris Olave,NO,23,16,231.3,0,0,0,0,0,138,87,1123,5,63.0,0,814,1096,74.3,0,0,0,0,0,0,0,0,0,0,0,5.6,6.45,20.58,12,2
2023,WR,Adam Thielen,,33,17,231.0,0,0,0,6,0,137,103,1014,4,75.2,0,1046,1151,90.9,0,0,0,0,0,0,0,0,0,0,0,8.82,3.28,27.03,10,4
2023,TE,Evan Engram,DEN,28,17,230.3,0,0,0,0,0,143,114,963,4,79.7,2,917,1166,78.6,0,0,0,0,0,0,0,0,0,0,0,7.05,6.43,24.28,10,3
2023,WR,Calvin Ridley,TEN,28,17,229.9,0,0,0,23,0,136,76,1016,8,55.9,0,993,1166,85.2,0,0,0,0,0,0,0,0,0,0,0,8.69,4.33,25.9,8,6
2023,WR,DeVonta Smith,PHI,24,16,227.6,0,0,0,0,0,112,81,1066,7,72.3,1,1043,1082,96.4,0,0,0,0,0,0,0,0,0,0,0,6.83,5.83,23.55,10,4
2023,WR,Amari Cooper,,29,15,227.0,0,0,0,0,0,128,72,1250,5,56.3,1,883,1127,78.3,0,0,0,0,0,0,0,0,0,0,0,12.01,4.2,30.48,9,4
2023,WR,DK Metcalf,PIT,25,16,225.4,0,0,0,0,0,119,66,1114,8,55.5,0,831,991,83.9,0,0,0,0,0,0,0,0,0,0,0,7.5,6.28,22.95,13,2
2023,WR,DeAndre Hopkins,,31,17,223.6,0,0,0,9,0,137,75,1057,7,54.7,0,758,1050,72.2,0,0,0,0,0,0,0,0,0,0,0,8.33,4.2,25.28,10,3
2023,RB,Saquon Barkley,PHI,26,14,223.2,0,0,0,962,6,60,41,280,4,68.3,2,717,907,79.1,0,0,0,0,0,0,0,0,0,0,0,7.73,6.95,26.0,9,4
2023,RB,Tony Pollard,TEN,26,17,222.6,0,0,0,1005,6,67,55,311,0,82.1,1,836,1184,70.6,0,0,0,0,0,0,0,0,0,0,0,5.92,5.8,20.6,9,2
2023,WR,Jordan Addison,MIN,21,16,221.3,0,0,0,2,0,108,70,911,10,64.8,0,921,1121,82.2,0,0,0,0,0,0,0,0,0,0,0,8.01,4.78,25.05,11,3
2023,TE,Travis Kelce,KC,33,15,219.4,0,0,0,0,0,121,93,984,5,76.9,1,775,1007,77.0,0,0,0,0,0,0,0,0,0,0,0,7.73,6.55,24.98,11,3
2023,TE,T.J. Hockenson,MIN,26,15,219.0,0,0,0,0,0,127,95,960,5,74.8,1,790,995,79.4,0,0,0,0,0,0,0,0,0,0,0,6.62,8.45,24.1,12,3
2023,WR,Jakobi Meyers,JAX,26,16,218.58,12,1,0,24,2,106,71,807,8,67.0,0,903,1006,89.8,0,0,0,0,0,0,0,0,0,0,0,7.12,4.88,22.83,10,4
2023,WR,Jayden Reed,GB,23,16,217.2,0,0,0,119,2,94,64,793,8,68.1,0,578,1030,56.1,0,0,0,0,0,0,0,0,0,0,0,6.51,5.23,21.63,11,2
2023,RB,Isiah Pacheco,DET,24,14,213.9,0,0,0,935,7,49,44,244,2,89.8,1,568,999,56.9,0,0,0,0,0,0,0,0,0,0,0,7.23,7.68,25.38,10,4
2023,WR,Garrett Wilson,NYJ,23,17,213.2,0,0,0,0,0,168,95,1042,3,56.5,2,1008,1101,91.6,0,0,0,0,0,0,0,0,0,0,0,5.3,5.05,18.35,10,1
2023,WR,Rashee Rice,KC,23,16,212.5,0,0,0,-3,0,102,79,938,7,77.5,1,622,1072,58.0,0,0,0,0,0,0,0,0,0,0,0,5.65,7.0,21.18,11,2
2023,RB,Jerome Ford,WAS,23,17,211.2,0,0,0,813,4,63,44,319,5,69.8,1,629,1240,50.7,0,0,0,0,0,0,0,0,0,0,0,6.29,4.7,21.68,11,2
2023,QB,Joshua Dobbs,,28,13,210.66,2464,13,10,421,6,0,0,0,0,0.0,7,854,957,89.2,0,0,0,0,0,0,0,0,0,0,0,8.08,6.21,25.05,10,5
2023,WR,Terry McLaurin,WAS,27,16,209.2,0,0,0,0,0,132,79,1002,4,59.8,0,941,1107,85.0,0,0,0,0,0,0,0,0,0,0,0,5.51,7.32,20.6,10,2
2023,WR,Chris Godwin,TB,27,17,209.2,0,0,0,38,1,130,83,1024,2,63.8,0,892,1103,80.9,0,0,0,0,0,0,0,0,0,0,0,5.11,6.8,19.95,11,1
2023,WR,George Pickens,DAL,22,17,208.8,0,0,0,18,0,106,63,1140,5,59.4,0,929,1071,86.7,0,0,0,0,0,0,0,0,0,0,0,8.92,3.65,26.23,7,4
2023,RB,David Montgomery,HOU,26,14,207.2,0,0,0,1015,13,24,16,117,0,66.7,1,453,947,47.8,0,0,0,0,0,0,0,0,0,0,0,6.6,9.0,22.6,12,2
2023,WR,Zay Flowers,BAL,22,16,206.4,0,0,0,56,1,108,77,858,5,71.3,0,905,1069,84.7,0,0,0,0,0,0,0,0,0,0,0,6.43,4.68,21.25,11,2
2023,QB,Gardner Minshew,ARI,27,15,205.2,3305,15,9,100,3,0,0,0,0,0.0,5,972,1148,84.7,0,0,0,0,0,0,0,0,0,0,0,5.53,7.77,20.8,11,2
2023,TE,George Kittle,SF,29,16,203.2,0,0,0,2,0,90,65,1020,6,72.2,0,895,1066,84.0,0,0,0,0,0,0,0,0,0,0,0,8.24,3.2,23.78,9,4
2023,WR,Tyler Lockett,,30,17,202.4,0,0,0,0,0,122,79,894,5,64.8,0,838,1051,79.7,0,0,0,0,0,0,0,0,0,0,0,6.98,4.03,22.08,8,3
2023,WR,Justin Jefferson,MIN,24,10,202.2,0,0,0,-12,0,100,68,1074,5,68.0,1,550,645,85.3,0,0,0,0,0,0,0,0,0,0,0,9.88,9.2,29.13,8,6
2023,RB,James Conner,ARI,28,13,201.5,0,0,0,1040,7,33,27,165,2,81.8,0,533,862,61.8,0,0,0,0,0,0,0,0,0,0,0,8.11,6.43,25.35,8,4
2023,TE,David Njoku,LAC,27,16,201.2,0,0,0,0,0,123,81,882,6,65.9,2,970,1240,78.2,0,0,0,0,0,0,0,0,0,0,0,6.84,4.88,22.15,11,2
2023,RB,Kenneth Walker,KC,22,15,199.4,0,0,0,905,8,37,29,259,1,78.4,0,502,926,54.2,0,0,0,0,0,0,0,0,0,0,0,7.23,4.97,22.23,9,2
2023,RB,D'Andre Swift,CHI,24,16,199.3,0,0,0,1049,5,49,39,214,1,79.6,1,630,1082,58.2,0,0,0,0,0,0,0,0,0,0,0,6.54,4.2,20.63,9,1
2023,WR,Jaylen Waddle,DEN,24,14,198.6,0,0,0,12,0,104,72,1014,4,69.2,0,611,904,67.6,0,0,0,0,0,0,0,0,0,0,0,6.19,8.18,22.7,10,2
2023,RB,Brian Robinson,ATL,24,15,198.1,0,0,0,733,5,43,36,368,4,83.7,2,496,986,50.3,0,0,0,0,0,0,0,0,0,0,0,6.84,7.23,22.6,9,3
2023,RB,Jaylen Warren,PIT,24,17,196.4,0,0,0,784,4,74,61,370,0,82.4,2,518,1071,48.4,0,0,0,0,0,0,0,0,0,0,0,4.83,7.08,19.15,10,1
2023,RB,Najee Harris,,25,17,195.5,0,0,0,1035,8,38,29,170,0,76.3,1,569,1071,53.1,0,0,0,0,0,0,0,0,0,0,0,6.64,4.05,20.75,9,2
2023,RB,De'Von Achane,MIA,21,11,190.7,0,0,0,800,8,37,27,197,3,73.0,1,300,705,42.6,0,0,0,0,0,0,0,0,0,0,0,13.96,4.18,31.83,7,5
2023,WR,Courtland Sutton,DEN,27,15,190.2,0,0,0,0,0,90,59,772,10,65.6,3,782,1003,78.0,0,0,0,0,0,0,0,0,0,0,0,5.18,5.88,18.15,12,0
2023,QB,Desmond Ridder,,24,15,189.14,2836,12,12,193,5,1,1,-6,0,100.0,7,850,1130,75.2,0,0,0,0,0,0,0,0,0,0,0,7.73,4.43,23.5,7,3
2023,DST,DAL Defense,DAL,,16,188.0,0,0,0,0,0,0,0,0,0,0.0,0,0,0,0.0,0,0,0,46,17,9,6,1,3,309,5095,11.05,0.5,26.75,8,3
2023,RB,Gus Edwards,,28,17,187.0,0,0,0,810,13,13,12,180,0,92.3,2,470,1126,41.7,0,0,0,0,0,0,0,0,0,0,0,7.47,3.45,22.25,8,3
2023,RB,Austin Ekeler,,28,14,185.4,0,0,0,628,5,74,51,436,1,68.9,4,630,959,65.7,0,0,0,0,0,0,0,0,0,0,0,7.45,5.33,23.05,8,5
2023,RB,Chuba Hubbard,CAR,24,17,182.5,0,0,0,902,5,44,39,233,0,88.6,0,679,1151,59.0,0,0,0,0,0,0,0,0,0,0,0,4.98,5.03,17.73,9,2
2023,DST,BAL Defense,BAL,,17,182.0,0,0,0,0,0,0,0,0,0,0.0,0,0,0,0.0,0,0,0,60,18,10,1,1,0,268,5123,4.46,5.0,16.75,9,0
2023,TE,Trey McBride,ARI,23,17,181.5,0,0,0,0,0,106,81,825,3,76.4,0,786,1133,69.4,0,0,0,0,0,0,0,0,0,0,0,7.39,2.68,22.43,8,4
2023,RB,Josh Jacobs,GB,25,13,181.1,0,0,0,805,6,54,37,296,0,68.5,1,600,786,76.3,0,0,0,0,0,0,0,0,0,0,0,6.9,6.82,23.03,8,3
2023,TE,Cole Kmet,CHI,24,15,181.1,0,0,0,2,0,90,73,719,6,81.1,0,878,1138,77.2,0,0,0,0,0,0,0,0,0,0,0,6.72,4.8,21.05,8,2
2023,RB,Javonte Williams,DAL,23,16,179.2,0,0,0,774,3,58,47,228,2,81.0,1,493,1009,48.9,0,0,0,0,0,0,0,0,0,0,0,5.34,5.6,19.6,7,2
2023,TE,Jake Ferguson,DAL,24,17,177.1,0,0,0,0,0,102,71,761,5,69.6,0,880,1184,74.3,0,0,0,0,0,0,0,0,0,0,0,5.3,3.97,17.8,9,1
2023,K,Brandon Aubrey,DAL,28,17,176.0,0,0,0,0,0,0,0,0,0,0.0,0,0,1184,0.0,49,3,36,0,0,0,0,0,0,0,0,4.43,6.0,17.0,7,1
2023,RB,Ezekiel Elliott,,28,17,174.5,0,0,0,642,3,65,51,313,2,78.5,1,539,1051,51.3,0,0,0,0,0,0,0,0,0,0,0,6.04,3.83,18.58,7,2
2023,WR,Romeo Doubs,NE,23,16,174.4,0,0,0,0,0,96,59,674,8,61.5,0,845,1096,77.1,0,0,0,0,0,0,0,0,0,0,0,5.46,4.55,18.33,9,0
2023,WR,Drake London,ATL,22,15,174.38,22,0,0,0,0,110,69,905,2,62.7,0,860,1061,81.1,0,0,0,0,0,0,0,0,0,0,0,6.97,4.47,21.02,8,2
2023,WR,Brandin Cooks,,29,16,173.2,0,0,0,35,0,81,54,657,8,66.7,0,809,1097,73.7,0,0,0,0,0,0,0,0,0,0,0,7.9,2.68,20.75,8,1
2023,RB,Zack Moss,,25,14,169.6,0,0,0,794,5,37,27,192,2,73.0,0,531,949,56.0,0,0,0,0,0,0,0,0,0,0,0,8.71,3.25,23.65,6,3
2023,RB,Devin Singletary,NYG,25,16,167.34,6,1,0,898,4,38,30,193,0,78.9,0,629,1134,55.5,0,0,0,0,0,0,0,0,0,0,0,6.24,3.63,19.35,7,2
2023,DST,BUF Defense,BUF,,17,167.0,0,0,0,0,0,0,0,0,0,0.0,0,0,0,0.0,0,0,0,54,18,11,2,0,1,311,5222,7.87,2.5,21.25,6,2
2023,DST,NYJ Defense,NYJ,,17,167.0,0,0,0,0,0,0,0,0,0,0.0,0,0,0,0.0,0,0,0,48,17,8,3,3,1,341,4969,5.58,2.5,17.75,7,0
2023,QB,Bryce Young,CAR,22,16,166.38,2877,11,10,253,0,0,0,0,0,0.0,6,1068,1072,99.6,0,0,0,0,0,0,0,0,0,0,0,5.08,5.31,17.62,6,2
2023,DST,CLE Defense,CLE,,17,166.0,0,0,0,0,0,0,0,0,0,0.0,0,0,0,0.0,0,0,0,49,18,8,3,0,3,328,4593,6.16,3.0,18.25,7,1
2023,WR,Tank Dell,HOU,23,10,165.0,0,0,0,51,0,75,47,709,7,62.7,0,494,746,66.2,0,0,0,0,0,0,0,0,0,0,0,9.29,6.18,26.05,6,4
2023,WR,Cooper Kupp,SEA,30,12,164.4,0,0,0,-3,0,95,59,737,5,62.1,0,710,783,90.7,0,0,0,0,0,0,0,0,0,0,0,8.58,4.95,24.55,7,3
2023,WR,Gabe Davis,,24,12,161.4,0,0,0,-2,0,81,45,746,7,55.6,1,966,1164,83.0,0,0,0,0,0,0,0,0,0,0,0,8.38,3.5,22.8,7,5
2023,DST,MIA Defense,MIA,,16,158.0,0,0,0,0,0,0,0,0,0,0.0,0,0,0,0.0,0,0,0,56,15,11,4,0,0,367,5411,6.73,2.5,18.25,7,2
2023,WR,Curtis Samuel,,27,16,157.2,0,0,0,39,1,91,62,613,4,68.1,0,571,1029,55.5,0,0,0,0,0,0,0,0,0,0,0,6.25,3.03,19.2,7,1
2023,WR,Josh Downs,IND,22,17,157.1,0,0,0,0,0,98,68,771,2,69.4,0,788,1148,68.6,0,0,0,0,0,0,0,0,0,0,0,5.16,4.18,16.77,5,1
2023,RB,Jonathan Taylor,IND,24,10,156.4,0,0,0,741,7,23,19,153,1,82.6,0,386,669,57.7,0,0,0,0,0,0,0,0,0,0,0,6.38,9.23,21.9,9,3
2023,DST,PIT Defense,PIT,,16,156.0,0,0,0,0,0,0,0,0,0,0.0,0,0,0,0.0,0,0,0,47,16,11,2,1,3,324,5816,6.85,3.75,19.5,6,2
2023,WR,Rashid Shaheed,SEA,25,15,155.6,0,0,0,37,0,75,46,719,5,61.3,1,604,1091,55.4,0,0,0,0,0,0,0,0,0,0,0,6.6,4.08,20.0,6,1
2023,QB,Kirk Cousins,LV,35,8,154.74,2331,18,5,25,0,0,0,0,0,0.0,4,512,523,97.9,0,0,0,0,0,0,0,0,0,0,0,6.35,14.41,24.28,7,3
2023,K,Justin Tucker,,33,17,154.0,0,0,0,0,0,0,0,0,0,0.0,0,0,1126,0.0,51,1,32,0,0,0,0,0,0,0,0,4.15,4.25,15.0,6,0
2023,DST,LV Defense,LV,,16,154.0,0,0,0,0,0,0,0,0,0,0.0,0,0,0,0.0,0,0,0,46,13,8,5,1,1,325,5625,8.07,0.75,21.25,6,2
2023,RB,Tyjae Spears,TEN,22,17,153.8,0,0,0,453,2,70,52,385,1,74.3,0,558,1050,53.1,0,0,0,0,0,0,0,0,0,0,0,5.31,3.7,17.27,5,1
2023,QB,Joe Burrow,CIN,26,10,153.16,2309,15,6,88,0,0,0,0,0,0.0,1,602,640,94.1,0,0,0,0,0,0,0,0,0,0,0,8.17,6.45,24.05,6,4
2023,K,Jake Elliott,PHI,28,17,153.0,0,0,0,0,0,0,0,0,0,0.0,0,0,1147,0.0,45,1,30,0,0,0,0,0,0,0,0,4.84,3.0,15.75,6,0
2023,K,Cairo Santos,CHI,31,17,153.0,0,0,0,0,0,0,0,0,0,0.0,0,0,1138,0.0,31,2,35,0,0,0,0,0,0,0,0,4.5,3.25,15.25,6,0
2023,WR,Diontae Johnson,,27,13,152.7,0,0,0,0,0,87,51,717,5,58.6,0,590,830,71.1,0,0,0,0,0,0,0,0,0,0,0,5.89,4.4,18.4,8,1
2023,K,Harrison Butker,KC,28,17,152.0,0,0,0,0,0,0,0,0,0,0.0,0,0,1130,0.0,38,0,33,0,0,0,0,0,0,0,0,5.22,3.5,16.0,5,1
2023,QB,Jake Browning,TB,27,9,151.44,1936,12,7,127,3,1,1,-7,0,100.0,0,469,1088,43.1,0,0,0,0,0,0,0,0,0,0,0,7.68,10.0,23.1,8,3
2023,QB,Kyler Murray,MIN,26,8,151.36,1799,10,5,244,3,0,0,0,0,0.0,0,538,546,98.5,0,0,0,0,0,0,0,0,0,0,0,3.82,15.8,22.05,8,4
2023,WR,Darius Slayton,NYG,26,17,151.0,0,0,0,0,0,79,50,770,4,63.3,0,896,1104,81.2,0,0,0,0,0,0,0,0,0,0,0,5.99,2.78,18.5,6,1
2023,K,Jason Myers,SEA,32,17,151.0,0,0,0,0,0,0,0,0,0,0.0,0,0,1051,0.0,33,0,35,0,0,0,0,0,0,0,0,4.81,4.25,16.5,4,1
2023,TE,Dalton Schultz,HOU,27,15,150.5,0,0,0,0,0,88,59,635,5,67.0,1,739,1010,73.2,0,0,0,0,0,0,0,0,0,0,0,7.06,2.0,19.18,7,1
2023,TE,Dalton Kincaid,BUF,23,15,150.3,0,0,0,0,0,91,73,673,2,80.2,1,699,1103,63.4,0,0,0,0,0,0,0,0,0,0,0,5.14,3.63,16.3,7,0
2023,WR,Christian Kirk,SF,26,12,150.26,-1,0,0,6,0,85,57,787,3,67.1,2,585,828,70.7,0,0,0,0,0,0,0,0,0,0,0,5.73,5.48,18.19,8,1
2023,DST,IND Defense,IND,,15,150.0,0,0,0,0,0,0,0,0,0,0.0,0,0,0,0.0,0,0,0,51,15,9,4,1,1,407,5947,7.22,2.5,19.75,7,1
2023,WR,Jaxon Smith-Njigba,SEA,21,17,149.8,0,0,0,0,0,93,63,628,4,67.7,0,675,1051,64.2,0,0,0,0,0,0,0,0,0,0,0,4.06,3.55,14.23,6,0
2023,K,Cameron Dicker,LAC,23,17,149.0,0,0,0,0,0,0,0,0,0,0.0,0,0,1158,0.0,35,0,31,0,0,0,0,0,0,0,0,5.15,2.75,16.0,6,1
2023,K,Matt Gay,LV,29,16,148.0,0,0,0,0,0,0,0,0,0,0.0,0,0,1148,0.0,35,1,33,0,0,0,0,0,0,0,0,5.48,2.5,15.5,6,1
2023,WR,Tyler Boyd,,28,17,145.8,0,0,1,11,0,98,67,667,2,68.4,0,824,1088,75.7,0,0,0,0,0,0,0,0,0,0,0,4.68,3.4,15.33,5,0
2023,RB,Rhamondre Stevenson,NE,25,12,145.7,0,0,0,619,4,51,38,238,0,74.5,1,486,773,62.9,0,0,0,0,0,0,0,0,0,0,0,6.66,4.58,19.4,7,2
2023,DST,SF Defense,SF,,17,145.0,0,0,0,0,0,0,0,0,0,0.0,0,0,0,0.0,0,0,0,48,22,5,1,1,0,292,5167,5.63,2.25,16.75,5,1
2023,DST,TB Defense,TB,,17,145.0,0,0,0,0,0,0,0,0,0,0.0,0,0,0,0.0,0,0,0,48,13,12,1,1,0,323,5852,5.56,3.0,17.25,5,0
2023,K,Dustin Hopkins,,32,15,144.0,0,0,0,0,0,0,0,0,0,0.0,0,0,1127,0.0,24,2,33,0,0,0,0,0,0,0,0,4.7,5.0,15.75,5,1
2023,DST,NO Defense,NO,,15,144.0,0,0,0,0,0,0,0,0,0,0.0,0,0,0,0.0,0,0,0,34,18,10,2,0,0,315,5562,7.08,3.0,19.5,5,2
2023,DST,NYG Defense,NYG,,15,144.0,0,0,0,0,0,0,0,0,0,0.0,0,0,0,0.0,0,0,0,34,18,10,3,0,1,395,6149,7.83,0.0,19.0,8,1
2023,TE,Taysom Hill,,33,16,143.52,83,1,0,401,4,40,33,291,2,82.5,1,425,1106,38.4,0,0,0,0,0,0,0,0,0,0,0,6.97,1.27,18.82,7,2
2023,K,Blake Grupe,IND,24,17,143.0,0,0,0,0,0,0,0,0,0,0.0,0,0,1158,0.0,40,0,30,0,0,0,0,0,0,0,0,4.2,3.25,14.0,5,0
2023,DST,MIN Defense,MIN,,15,143.0,0,0,0,0,0,0,0,0,0,0.0,0,0,0,0.0,0,0,0,43,11,10,2,0,1,354,5664,6.62,3.0,19.25,5,2
2023,WR,Jerry Jeudy,CLE,24,16,141.8,0,0,0,0,0,87,54,758,2,62.1,0,662,1008,65.7,0,0,0,0,0,0,0,0,0,0,0,3.69,4.15,13.6,7,0
2023,K,Jason Sanders,NYJ,27,17,141.0,0,0,0,0,0,0,0,0,0,0.0,0,0,1098,0.0,58,1,24,0,0,0,0,0,0,0,0,4.84,2.5,14.75,4,1
2023,K,Greg Zuerlein,,35,13,139.0,0,0,0,0,0,0,0,0,0,0.0,0,0,1054,0.0,15,1,35,0,0,0,0,0,0,0,0,4.51,5.75,16.25,6,0
2023,K,Brandon McManus,,32,17,139.0,0,0,0,0,0,0,0,0,0,0.0,0,0,1166,0.0,35,0,30,0,0,0,0,0,0,0,0,5.38,1.0,15.25,5,0
2023,DST,KC Defense,KC,,17,139.0,0,0,0,0,0,0,0,0,0,0.0,0,0,0,0.0,0,0,0,57,8,9,2,0,1,274,4926,4.4,3.0,14.25,6,0
2023,DST,HOU Defense,HOU,,16,138.0,0,0,0,0,0,0,0,0,0,0.0,0,0,0,0.0,0,0,0,46,14,8,1,0,1,345,5622,5.05,3.25,15.75,4,1
2023,RB,Tyler Allgeier,ARI,23,17,137.6,0,0,0,683,4,23,18,193,1,78.3,0,360,1130,31.9,0,0,0,0,0,0,0,0,0,0,0,5.9,2.98,17.55,5,1
2023,WR,Tee Higgins,CIN,24,11,137.6,0,0,0,0,0,76,42,656,5,55.3,0,573,774,74.0,0,0,0,0,0,0,0,0,0,0,0,9.12,3.72,23.75,5,3
2023,TE,Kyle Pitts,ATL,22,17,137.3,0,0,0,-4,0,90,53,667,3,58.9,0,728,1130,64.4,0,0,0,0,0,0,0,0,0,0,0,4.18,3.33,14.65,4,0
2023,TE,Dallas Goedert,PHI,28,13,136.3,0,0,0,1,0,83,59,592,3,71.1,0,809,953,84.9,0,0,0,0,0,0,0,0,0,0,0,6.23,5.0,18.55,4,1
2023,TE,Mark Andrews,BAL,27,10,135.4,0,0,0,0,0,61,45,544,6,73.8,0,467,667,70.0,0,0,0,0,0,0,0,0,0,0,0,6.36,7.28,19.95,7,2
2023,K,Evan McPherson,CIN,24,17,135.0,0,0,0,0,0,0,0,0,0,0.0,0,0,1088,0.0,40,0,26,0,0,0,0,0,0,0,0,3.83,3.5,13.25,4,0
2023,RB,Aaron Jones,MIN,28,11,134.9,0,0,0,656,2,43,30,233,1,69.8,1,354,721,49.1,0,0,0,0,0,0,0,0,0,0,0,6.87,5.6,19.55,6,1
2023,WR,Marquise Brown,PHI,26,12,134.7,0,0,0,23,0,101,51,574,4,50.5,0,784,926,84.7,0,0,0,0,0,0,0,0,0,0,0,5.24,5.2,16.8,6,0
2023,K,Chase McLaughlin,TB,27,17,134.0,0,0,0,0,0,0,0,0,0,0.0,0,0,1103,0.0,33,0,29,0,0,0,0,0,0,0,0,4.09,2.25,13.0,5,0
2023,WR,Wan'Dale Robinson,TEN,22,15,133.2,0,0,0,87,1,78,60,525,1,76.9,0,641,966,66.4,0,0,0,0,0,0,0,0,0,0,0,5.39,3.03,16.27,5,0
2023,RB,Alexander Mattison,,25,16,133.2,0,0,0,700,0,44,30,192,3,68.2,2,579,1053,55.0,0,0,0,0,0,0,0,0,0,0,0,4.86,3.1,15.2,6,0
2023,QB,Aidan O'Connell,LV,25,11,132.82,2218,12,7,11,1,0,0,0,0,0.0,2,641,741,86.5,0,0,0,0,0,0,0,0,0,0,0,6.68,5.62,19.49,6,2
2023,WR,Elijah Moore,PHI,23,16,132.1,0,0,0,11,0,104,59,640,2,56.7,2,903,1240,72.8,0,0,0,0,0,0,0,0,0,0,0,4.34,3.25,14.2,5,0
2023,K,Younghoe Koo,,29,17,132.0,0,0,0,0,0,0,0,0,0,0.0,0,0,1130,0.0,27,1,32,0,0,0,0,0,0,0,0,5.33,2.0,15.75,5,0
2023,K,Chris Boswell,PIT,32,16,130.0,0,0,0,0,0,0,0,0,0,0.0,0,1,1071,0.1,27,1,29,0,0,0,0,0,0,0,0,4.12,2.75,13.0,7,0
2023,DST,DEN Defense,DEN,,17,130.0,0,0,0,0,0,0,0,0,0,0.0,0,0,0,0.0,0,0,0,42,11,13,1,1,1,399,6303,6.03,0.75,16.5,4,0
2023,WR,Josh Reynolds,,28,16,128.8,0,0,0,0,0,64,40,608,5,62.5,1,832,1178,70.6,0,0,0,0,0,0,0,0,0,0,0,6.15,1.73,16.65,4,1
2023,K,Nick Folk,ATL,38,17,128.0,0,0,0,0,0,0,0,0,0,0.0,0,0,1050,0.0,28,2,29,0,0,0,0,0,0,0,0,3.96,3.5,13.0,4,0
2023,RB,Antonio Gibson,,25,16,127.4,0,0,0,265,1,59,48,389,2,81.4,2,473,1026,46.1,0,0,0,0,0,0,0,0,0,0,0,3.75,3.25,12.68,5,0
2023,K,Tyler Bass,BUF,26,16,127.0,0,0,0,0,0,0,0,0,0,0.0,0,0,1164,0.0,49,1,24,0,0,0,0,0,0,0,0,4.45,2.75,14.5,4,0
2023,QB,Zach Wilson,NO,24,12,126.94,2271,8,7,211,0,0,0,0,0,0.0,7,688,747,92.1,0,0,0,0,0,0,0,0,0,0,0,5.36,5.1,16.36,6,0
2023,TE,Logan Thomas,,32,16,126.8,0,0,0,2,0,78,55,496,4,70.5,2,732,1053,69.5,0,0,0,0,0,0,0,0,0,0,0,5.44,1.7,15.47,4,1
2023,K,Jake Moody,WAS,23,16,126.0,0,0,0,0,0,0,0,0,0,0.0,0,0,1066,0.0,60,1,21,0,0,0,0,0,0,0,0,3.3,4.25,12.5,3,0
2023,DST,CHI Defense,CHI,,14,126.0,0,0,0,0,0,0,0,0,0,0.0,0,0,0,0.0,0,0,0,30,22,5,2,0,2,353,5511,5.61,2.25,16.25,5,0
2023,DST,JAX Defense,JAX,,17,125.0,0,0,0,0,0,0,0,0,0,0.0,0,0,0,0.0,0,0,0,40,16,9,2,0,0,365,5828,6.15,0.25,15.75,5,1
2023,WR,Jahan Dotson,ATL,23,14,124.8,0,0,0,0,0,83,49,518,4,59.0,0,910,1107,82.2,0,0,0,0,0,0,0,0,0,0,0,5.93,3.58,16.43,5,1
2023,TE,Jonnu Smith,,28,14,124.2,0,0,0,0,0,70,50,582,3,71.4,1,652,1130,57.7,0,0,0,0,0,0,0,0,0,0,0,5.22,3.03,15.5,5,1
2023,K,Matt Prater,,39,16,124.0,0,0,0,0,0,0,0,0,0,0.0,0,1,1133,0.1,22,1,28,0,0,0,0,0,0,0,0,4.8,2.0,14.25,5,0
2023,TE,Tyler Conklin,DET,28,16,123.1,0,0,0,0,0,87,61,621,0,70.1,0,772,1101,70.1,0,0,0,0,0,0,0,0,0,0,0,3.34,3.5,11.83,3,0
2023,K,Wil Lutz,DEN,29,15,123.0,0,0,0,0,0,0,0,0,0,0.0,0,0,1072,0.0,29,2,30,0,0,0,0,0,0,0,0,4.29,3.5,14.0,3,0
2023,DST,CIN Defense,CIN,,17,122.0,0,0,0,0,0,0,0,0,0,0.0,0,0,0,0.0,0,0,0,44,17,8,1,0,0,378,6368,3.43,3.25,12.0,2,0
2023,RB,Samaje Perine,CIN,27,17,121.3,0,0,0,238,1,56,50,455,0,89.3,2,360,1072,33.6,0,0,0,0,0,0,0,0,0,0,0,3.55,3.18,12.65,4,0
2023,DST,LAC Defense,LAC,,16,121.0,0,0,0,0,0,0,0,0,0,0.0,0,0,0,0.0,0,0,0,48,9,10,0,0,0,380,6170,8.04,-0.5,18.25,3,1
2023,WR,K.J. Osborn,TEN,26,15,120.0,0,0,0,0,0,75,48,540,3,64.0,0,821,1048,78.3,0,0,0,0,0,0,0,0,0,0,0,5.53,2.13,15.35,4,1
2023,TE,Hunter Henry,NE,28,12,119.9,0,0,0,0,0,61,42,419,6,68.9,0,664,883,75.2,0,0,0,0,0,0,0,0,0,0,0,6.49,3.4,18.1,5,0
2023,WR,Dontayvion Wicks,PHI,22,13,119.76,14,0,0,1,0,58,39,581,4,67.2,1,458,966,47.4,0,0,0,0,0,0,0,0,0,0,0,5.73,3.54,15.98,5,1
2023,RB,Kareem Hunt,,28,15,118.5,0,0,0,411,9,21,15,84,0,71.4,0,339,1079,31.4,0,0,0,0,0,0,0,0,0,0,0,4.62,1.98,13.73,3,0
2023,QB,Mac Jones,SF,24,11,118.4,2120,10,12,96,0,0,0,0,0,0.0,2,635,994,63.9,0,0,0,0,0,0,0,0,0,0,0,7.39,2.89,18.3,6,1
2023,DST,GB Defense,GB,,17,118.0,0,0,0,0,0,0,0,0,0,0.0,0,0,0,0.0,0,0,0,45,7,10,2,0,2,350,5696,5.0,1.75,14.75,4,0
2023,DST,NE Defense,NE,,17,118.0,0,0,0,0,0,0,0,0,0,0.0,0,0,0,0.0,0,0,0,36,10,7,1,1,1,334,5127,4.09,2.5,13.0,3,0
2023,RB,AJ Dillon,CAR,25,15,117.6,0,0,0,613,2,28,22,223,0,78.6,0,494,976,50.6,0,0,0,0,0,0,0,0,0,0,0,3.48,3.1,11.6,5,0
2023,K,Daniel Carlson,,28,16,117.0,0,0,0,0,0,0,0,0,0,0.0,0,0,1046,0.0,32,0,26,0,0,0,0,0,0,0,0,3.74,3.25,12.75,3,0
2023,TE,Cade Otton,TB,24,16,116.5,0,0,0,0,0,67,47,455,4,70.1,1,1064,1103,96.5,0,0,0,0,0,0,0,0,0,0,0,5.06,2.45,13.25,3,1
2023,DST,SEA Defense,SEA,,16,116.0,0,0,0,0,0,0,0,0,0,0.0,0,0,0,0.0,0,0,0,47,11,8,3,0,1,402,6313,7.4,1.5,16.5,2,1
2023,WR,DJ Chark,,26,14,115.5,0,0,0,0,0,66,35,525,5,53.0,1,771,1014,76.0,0,0,0,0,0,0,0,0,0,0,0,6.93,3.1,17.13,3,1
2023,WR,Michael Wilson,ARI,23,11,114.5,0,0,0,0,0,58,38,565,3,65.5,0,709,881,80.5,0,0,0,0,0,0,0,0,0,0,0,6.46,4.68,17.05,4,1
2023,QB,Kenny Pickett,CAR,25,12,114.2,2070,6,4,54,1,0,0,0,0,0.0,0,670,812,82.5,0,0,0,0,0,0,0,0,0,0,0,4.65,4.16,14.43,7,0
2023,K,Anders Carlson,,25,17,114.0,0,0,0,0,0,0,0,0,0,0.0,0,0,1096,0.0,34,5,27,0,0,0,0,0,0,0,0,2.52,3.75,10.25,1,0
2023,DST,DET Defense,DET,,15,114.0,0,0,0,0,0,0,0,0,0,0.0,0,0,0,0.0,0,0,0,41,16,6,1,1,1,377,5714,5.06,1.25,13.5,3,0
2023,TE,Chig Okonkwo,WAS,23,16,113.4,0,0,0,6,0,77,54,528,1,70.1,0,692,1050,65.9,0,0,0,0,0,0,0,0,0,0,0,3.55,3.68,11.45,1,0
2023,TE,Darren Waller,,30,12,113.2,0,0,0,0,0,74,52,552,1,70.3,0,568,821,69.2,0,0,0,0,0,0,0,0,0,0,0,5.62,4.18,15.78,4,1
2023,WR,Khalil Shakir,BUF,23,14,113.1,0,0,0,10,0,45,39,611,2,86.7,0,604,1164,51.9,0,0,0,0,0,0,0,0,0,0,0,5.66,2.03,15.48,3,1
2023,DST,ATL Defense,ATL,,15,113.0,0,0,0,0,0,0,0,0,0,0.0,0,0,0,0.0,0,0,0,42,8,8,1,1,0,363,5458,5.89,1.5,15.0,6,1
2023,RB,Khalil Herbert,SF,25,12,112.5,0,0,0,611,2,31,20,134,1,64.5,1,357,795,44.9,0,0,0,0,0,0,0,0,0,0,0,7.07,3.08,18.4,4,2
2023,WR,Tutu Atwell,MIA,23,13,112.4,0,0,0,31,0,67,39,483,3,58.2,0,687,1073,64.0,0,0,0,0,0,0,0,0,0,0,0,5.15,3.22,15.23,5,0
2023,K,Ka'imi Fairbairn,HOU,29,12,112.0,0,0,0,0,0,0,0,0,0,0.0,0,0,808,0.0,21,1,27,0,0,0,0,0,0,0,0,5.07,3.75,15.25,5,0
2023,TE,Gerald Everett,,29,14,111.1,0,0,0,10,0,70,51,411,3,72.9,0,572,1024,55.9,0,0,0,0,0,0,0,0,0,0,0,3.53,3.1,11.98,4,0
2023,K,Greg Joseph,,29,17,111.0,0,0,0,0,0,0,0,0,0,0.0,0,0,1121,0.0,36,2,24,0,0,0,0,0,0,0,0,2.59,3.25,9.75,1,0
2023,RB,Justice Hill,BAL,25,16,109.3,0,0,0,387,3,39,28,206,1,71.8,1,436,1054,41.4,0,0,0,0,0,0,0,0,0,0,0,5.37,1.73,14.28,3,1
2023,DST,PHI Defense,PHI,,17,109.0,0,0,0,0,0,0,0,0,0,0.0,0,0,0,0.0,0,0,0,43,9,7,3,1,1,416,6054,4.13,1.75,12.25,3,0
2023,QB,Joe Flacco,CIN,38,5,108.84,1616,13,8,2,0,0,0,0,0,0.0,1,346,411,84.2,0,0,0,0,0,0,0,0,0,0,0,3.29,20.51,22.92,5,3
2023,TE,Tyler Higbee,LAR,30,14,108.5,0,0,0,0,0,70,47,495,2,67.1,0,866,1004,86.3,0,0,0,0,0,0,0,0,0,0,0,4.75,3.05,13.9,4,0
2023,QB,Will Levis,TEN,24,9,108.02,1808,8,4,57,1,0,0,0,0,0.0,4,528,572,92.3,0,0,0,0,0,0,0,0,0,0,0,7.4,5.6,18.28,5,1
2023,WR,Odell Beckham,NYG,30,13,107.5,0,0,0,0,0,64,35,565,3,54.7,1,464,939,49.4,0,0,0,0,0,0,0,0,0,0,0,5.25,3.33,15.23,4,0
2023,WR,DeMario Douglas,NE,22,14,107.2,0,0,0,41,0,78,49,561,0,62.8,1,481,870,55.3,0,0,0,0,0,0,0,0,0,0,0,3.74,2.9,12.28,5,0
2023,WR,Joshua Palmer,BUF,23,10,106.7,0,0,0,6,0,61,38,581,2,62.3,1,525,703,74.7,0,0,0,0,0,0,0,0,0,0,0,5.85,5.2,16.3,5,1
2023,RB,Zach Charbonnet,SEA,22,16,106.1,0,0,0,462,1,40,33,209,0,82.5,0,478,991,48.2,0,0,0,0,0,0,0,0,0,0,0,4.36,1.4,12.45,3,0
2023,RB,Jaleel McLaughlin,DEN,22,17,106.0,0,0,0,410,1,36,31,160,2,86.1,0,193,1072,18.0,0,0,0,0,0,0,0,0,0,0,0,5.35,0.7,14.3,3,0
2023,WR,Rondale Moore,,23,16,105.0,0,0,0,178,1,62,40,352,1,64.5,0,757,1133,66.8,0,0,0,0,0,0,0,0,0,0,0,3.9,2.15,12.13,3,0
2023,DST,TEN Defense,TEN,,15,104.0,0,0,0,0,0,0,0,0,0,0.0,0,0,0,0.0,0,0,0,45,6,7,1,0,2,355,5697,3.64,2.75,11.75,3,0
2023,RB,Roschon Johnson,CHI,22,15,102.1,0,0,0,352,2,40,34,209,0,85.0,0,395,1001,39.5,0,0,0,0,0,0,0,0,0,0,0,4.92,1.75,13.73,3,0
2023,K,Eddy Pineiro,SF,27,15,102.0,0,0,0,0,0,0,0,0,0,0.0,0,0,1099,0.0,17,3,25,0,0,0,0,0,0,0,0,2.74,3.75,10.25,1,0
2023,WR,Noah Brown,,27,8,101.6,0,0,0,-1,0,55,33,567,2,60.0,0,463,682,67.9,0,0,0,0,0,0,0,0,0,0,0,9.45,4.8,20.6,3,3
2023,WR,Christian Watson,GB,24,9,101.3,0,0,0,11,0,53,28,422,5,52.8,0,446,579,77.0,0,0,0,0,0,0,0,0,0,0,0,7.45,5.25,17.52,5,2
2023,TE,Isaiah Likely,NYG,23,12,101.1,0,0,0,0,0,40,30,411,5,75.0,0,496,1126,44.0,0,0,0,0,0,0,0,0,0,0,0,6.61,1.68,16.65,4,0
2023,RB,Ty Chandler,NO,25,13,101.0,0,0,0,461,3,25,21,159,0,84.0,0,307,1121,27.4,0,0,0,0,0,0,0,0,0,0,0,6.35,2.15,15.28,4,1
2023,WR,Kendrick Bourne,ARI,28,8,100.0,0,0,0,4,0,55,37,406,4,67.3,1,371,508,73.0,0,0,0,0,0,0,0,0,0,0,0,6.47,6.85,18.15,4,1
2023,TE,Juwan Johnson,NO,26,12,97.8,0,0,0,0,0,59,37,368,4,62.7,0,555,914,60.7,0,0,0,0,0,0,0,0,0,0,0,6.34,2.23,15.88,4,1
2023,WR,Kalif Raymond,CHI,29,17,97.4,0,0,0,75,0,44,35,489,1,79.5,0,348,1178,29.5,0,0,0,0,0,0,0,0,0,0,0,3.79,1.68,11.33,2,0
2023,RB,Kenny Gainwell,TB,24,16,97.38,17,0,0,364,2,37,30,183,0,81.1,1,442,1070,41.3,0,0,0,0,0,0,0,0,0,0,0,3.0,2.28,10.33,2,0
2023,WR,Nelson Agholor,,30,13,97.1,0,0,0,0,0,45,35,381,4,77.8,0,583,1126,51.8,0,0,0,0,0,0,0,0,0,0,0,4.26,2.38,12.1,3,0
2023,QB,Tommy DeVito,NE,25,9,96.54,1101,8,3,195,1,0,0,0,0,0.0,1,406,769,52.8,0,0,0,0,0,0,0,0,0,0,0,6.49,5.17,16.3,6,1
2023,WR,Trey Palmer,NO,22,17,95.7,0,0,0,22,0,68,39,385,3,57.4,1,718,1103,65.1,0,0,0,0,0,0,0,0,0,0,0,3.69,1.65,10.5,1,0
2023,WR,Alec Pierce,IND,23,15,95.4,0,0,0,0,0,65,32,514,2,49.2,0,1090,1148,94.9,0,0,0,0,0,0,0,0,0,0,0,4.37,2.23,11.85,2,0
2023,K,Joey Slye,TEN,27,15,94.0,0,0,0,0,0,0,0,0,0,0.0,0,0,1107,0.0,32,3,19,0,0,0,0,0,0,0,0,2.21,3.5,8.75,0,0
2023,WR,Quentin Johnston,LAC,21,16,94.0,0,0,0,9,0,67,38,431,2,56.7,0,748,1158,64.6,0,0,0,0,0,0,0,0,0,0,0,3.81,2.28,11.5,4,0
2023,RB,Rico Dowdle,PIT,25,16,91.5,0,0,0,361,2,22,17,144,2,77.3,0,247,1119,22.1,0,0,0,0,0,0,0,0,0,0,0,4.79,0.98,13.18,4,0
2023,RB,D'Onta Foreman,,27,9,91.2,0,0,0,425,4,16,11,77,1,68.8,0,269,636,42.3,0,0,0,0,0,0,0,0,0,0,0,9.24,3.95,16.93,2,1
2023,QB,Deshaun Watson,CLE,27,6,90.8,1115,7,4,142,1,0,0,0,0,0.0,2,383,458,83.6,0,0,0,0,0,0,0,0,0,0,0,7.73,12.0,19.75,5,2
2023,QB,Tyrod Taylor,GB,34,10,90.34,1341,5,3,197,0,0,0,0,0,0.0,0,373,877,42.5,0,0,0,0,0,0,0,0,0,0,0,8.04,1.15,17.63,5,1
2023,WR,Michael Thomas,,30,9,89.8,0,0,0,0,0,64,39,448,1,60.9,0,490,708,69.2,0,0,0,0,0,0,0,0,0,0,0,3.09,7.8,11.95,6,0
2023,WR,Robert Woods,,31,13,89.3,0,0,0,7,0,75,40,426,1,53.3,0,666,948,70.3,0,0,0,0,0,0,0,0,0,0,0,3.39,3.25,11.08,2,0
2023,WR,Justin Watson,HOU,27,13,89.0,0,0,0,0,0,53,27,460,3,50.9,1,536,1062,50.5,0,0,0,0,0,0,0,0,0,0,0,3.98,2.97,11.25,2,0
2023,K,Riley Patterson,MIA,23,13,88.0,0,0,0,0,0,0,0,0,0,0.0,0,0,1020,0.0,41,3,16,0,0,0,0,0,0,0,0,4.32,1.75,11.75,2,0
2023,WR,Michael Gallup,,27,14,87.8,0,0,0,0,0,57,34,418,2,59.6,0,612,1184,51.7,0,0,0,0,0,0,0,0,0,0,0,4.98,1.88,13.75,4,0
2023,RB,Miles Sanders,,26,15,87.6,0,0,0,432,1,41,27,154,0,65.9,2,406,1082,37.5,0,0,0,0,0,0,0,0,0,0,0,4.21,1.9,11.45,2,0
2023,WR,Demarcus Robinson,SF,28,8,87.4,0,0,0,23,0,39,26,371,4,66.7,1,396,1092,36.3,0,0,0,0,0,0,0,0,0,0,0,6.18,5.85,16.0,5,1
2023,QB,Ryan Tannehill,,35,9,87.04,1616,4,7,74,1,1,0,0,0,0.0,0,500,845,59.2,0,0,0,0,0,0,0,0,0,0,0,5.54,4.59,14.73,4,1
2023,WR,Nick Westbrook-Ikhine,IND,26,13,85.0,0,0,0,0,0,45,28,370,3,62.2,0,611,874,69.9,0,0,0,0,0,0,0,0,0,0,0,4.24,2.2,11.93,3,0
2023,WR,Jonathan Mingo,DAL,22,15,84.8,0,0,0,0,0,85,43,418,0,50.6,0,910,1027,88.6,0,0,0,0,0,0,0,0,0,0,0,3.48,1.75,10.73,2,0
2023,RB,Jerick McKinnon,,31,12,84.36,4,1,0,60,1,32,25,192,4,78.1,0,264,815,32.4,0,0,0,0,0,0,0,0,0,0,0,5.54,2.0,14.27,4,0
2023,DST,LAR Defense,LAR,,17,83.0,0,0,0,0,0,0,0,0,0,0.0,0,0,0,0.0,0,0,0,41,10,5,0,2,1,369,5744,2.72,1.75,8.75,1,0
2023,RB,Latavius Murray,,33,14,82.9,0,0,0,300,4,22,17,119,0,77.3,0,351,1086,32.3,0,0,0,0,0,0,0,0,0,0,0,3.74,2.13,10.73,2,0
2023,RB,Dameon Pierce,PHI,23,13,82.7,0,0,0,416,2,17,13,101,0,76.5,0,297,920,32.3,0,0,0,0,0,0,0,0,0,0,0,4.15,1.98,11.5,3,0
2023,WR,Jameson Williams,DET,22,11,80.3,0,0,0,29,1,42,24,354,2,57.1,0,444,840,52.9,0,0,0,0,0,0,0,0,0,0,0,4.04,2.5,11.3,2,0
2023,TE,Tanner Hudson,CIN,28,12,80.2,0,0,0,0,0,50,39,352,1,78.0,0,276,773,35.7,0,0,0,0,0,0,0,0,0,0,0,2.73,3.35,9.55,1,0
2023,TE,Donald Parham,,26,11,79.5,0,0,0,0,0,41,27,285,4,65.9,0,460,958,48.0,0,0,0,0,0,0,0,0,0,0,0,5.09,2.23,13.3,4,0
2023,WR,Darnell Mooney,NYG,25,12,78.9,0,0,0,5,0,61,31,414,1,50.8,0,766,1016,75.4,0,0,0,0,0,0,0,0,0,0,0,3.99,2.98,11.25,2,0
2023,TE,Tucker Kraft,GB,22,10,78.5,0,0,0,0,0,40,31,355,2,77.5,0,621,1096,56.7,0,0,0,0,0,0,0,0,0,0,0,4.04,3.85,11.73,3,0
2023,QB,Bailey Zappe,NYJ,24,9,78.18,1272,6,9,83,1,0,0,0,0,0.0,1,413,991,41.7,0,0,0,0,0,0,0,0,0,0,0,7.25,1.78,15.95,4,1
2023,WR,Zay Jones,,28,8,78.1,0,0,0,0,0,64,34,321,2,53.1,0,475,650,73.1,0,0,0,0,0,0,0,0,0,0,0,4.14,6.65,12.88,5,0
2023,TE,Pat Freiermuth,PIT,24,11,77.8,0,0,0,0,0,47,32,308,2,68.1,0,474,749,63.3,0,0,0,0,0,0,0,0,0,0,0,5.32,2.93,12.2,2,1
2023,WR,Rashod Bateman,BAL,23,15,76.5,0,0,0,18,0,56,32,367,1,57.1,0,611,1068,57.2,0,0,0,0,0,0,0,0,0,0,0,2.19,2.33,7.88,0,0
2023,TE,Luke Musgrave,GB,22,11,75.2,0,0,0,0,0,46,34,352,1,73.9,0,468,708,66.1,0,0,0,0,0,0,0,0,0,0,0,3.77,2.65,10.7,2,0
2023,QB,Nick Mullens,JAX,28,5,74.74,1306,7,8,25,0,0,0,0,0,0.0,0,244,702,34.8,0,0,0,0,0,0,0,0,0,0,0,7.44,13.02,17.86,3,2
2023,RB,Zamir White,,23,12,73.9,0,0,0,451,1,19,15,98,0,78.9,1,229,1046,21.9,0,0,0,0,0,0,0,0,0,0,0,6.61,0.33,15.18,4,0
2023,QB,Anthony Richardson,IND,21,4,73.68,577,3,1,136,4,0,0,0,0,0.0,1,173,259,66.8,0,0,0,0,0,0,0,0,0,0,0,9.13,18.42,18.42,3,2
2023,TE,Noah Fant,NO,25,13,73.4,0,0,0,0,0,43,32,414,0,74.4,0,574,1051,54.6,0,0,0,0,0,0,0,0,0,0,0,2.88,2.35,9.23,1,0
2023,WR,Brandon Johnson,LV,25,8,73.4,0,0,0,0,0,30,19,284,4,63.3,0,343,804,42.7,0,0,0,0,0,0,0,0,0,0,0,6.13,4.22,14.13,3,1
2023,RB,Emari Demercado,KC,24,11,73.3,0,0,0,284,2,30,21,119,0,70.0,0,292,955,30.6,0,0,0,0,0,0,0,0,0,0,0,4.98,1.53,12.55,4,0
2023,QB,Jimmy Garoppolo,,31,6,73.1,1205,7,9,39,0,0,0,0,0,0.0,0,325,908,35.8,0,0,0,0,0,0,0,0,0,0,0,4.97,9.09,14.59,3,1
2023,TE,Kylen Granson,TEN,25,13,73.0,0,0,0,2,0,50,30,368,1,60.0,0,496,1007,49.3,0,0,0,0,0,0,0,0,0,0,0,3.59,2.08,10.48,3,0
2023,WR,DeVante Parker,,30,13,72.4,0,0,0,0,0,55,33,394,0,60.0,0,581,781,74.4,0,0,0,0,0,0,0,0,0,0,0,3.64,1.88,10.5,3,0
2023,WR,Tre Tucker,LV,22,11,71.8,0,0,0,77,0,34,19,331,2,55.9,0,334,987,33.8,0,0,0,0,0,0,0,0,0,0,0,5.77,1.75,12.6,2,1
2023,TE,Durham Smythe,BAL,28,12,71.6,0,0,0,0,0,43,35,366,0,81.4,0,785,1028,76.4,0,0,0,0,0,0,0,0,0,0,0,2.43,3.2,8.63,1,0
2023,TE,Michael Mayer,LV,22,12,71.4,0,0,0,0,0,40,27,304,2,67.5,0,602,850,70.8,0,0,0,0,0,0,0,0,0,0,0,4.23,2.13,11.48,3,0
2023,K,Chad Ryland,ARI,23,15,71.0,0,0,0,0,0,0,0,0,0,0.0,0,0,1051,0.0,24,1,16,0,0,0,0,0,0,0,0,3.07,1.25,8.5,1,0
2023,WR,Marvin Mims,DEN,21,15,70.7,0,0,0,30,0,33,22,377,1,66.7,2,384,1003,38.3,0,0,0,0,0,0,0,0,0,0,0,5.93,-0.25,12.73,2,1
2023,TE,Noah Gray,KC,24,14,70.6,0,0,0,1,0,41,28,305,2,68.3,0,592,1130,52.4,0,0,0,0,0,0,0,0,0,0,0,2.35,2.17,7.7,1,0
2023,RB,Clyde Edwards-Helaire,,24,15,70.1,0,0,0,223,1,22,17,188,1,77.3,0,227,1016,22.3,0,0,0,0,0,0,0,0,0,0,0,5.36,0.45,12.35,2,1
2023,QB,Taylor Heinicke,,30,5,70.0,890,5,4,124,1,0,0,0,0,0.0,0,271,1069,25.4,0,0,0,0,0,0,0,0,0,0,0,2.89,12.97,15.1,4,0
2023,DST,CAR Defense,CAR,,15,70.0,0,0,0,0,0,0,0,0,0,0.0,0,0,0,0.0,0,0,0,27,8,2,2,0,0,386,4997,3.59,0.5,9.5,1,0
2023,RB,Keaton Mitchell,LAC,21,7,69.9,0,0,0,396,2,11,9,93,0,81.8,0,135,540,25.0,0,0,0,0,0,0,0,0,0,0,0,5.61,6.25,13.93,4,1
2023,WR,Cedrick Wilson,DET,27,11,69.6,0,0,0,0,0,38,22,296,3,57.9,0,545,968,56.3,0,0,0,0,0,0,0,0,0,0,0,2.79,3.3,9.3,2,0
2023,WR,Chris Moore,BAL,30,14,69.3,0,0,0,39,0,35,22,424,0,62.9,0,596,1050,56.8,0,0,0,0,0,0,0,0,0,0,0,2.24,2.23,7.55,0,0
2023,K,Brett Maher,,33,7,69.0,0,0,0,0,0,0,0,0,0,0.0,0,0,546,0.0,13,2,17,0,0,0,0,0,0,0,0,5.41,6.75,13.75,5,0
2023,QB,Easton Stick,IND,27,5,68.56,1129,3,1,144,1,0,0,0,0,0.0,4,320,1158,27.6,0,0,0,0,0,0,0,0,0,0,0,4.8,12.55,15.85,4,0
2023,WR,Brandon Powell,,27,12,67.1,0,0,0,17,0,44,29,324,1,65.9,1,407,1121,36.3,0,0,0,0,0,0,0,0,0,0,0,3.85,0.73,9.48,1,0
2023,TE,Mike Gesicki,CIN,27,13,66.4,0,0,0,0,0,45,29,244,2,64.4,0,530,1051,50.4,0,0,0,0,0,0,0,0,0,0,0,2.61,2.3,8.45,0,0
2023,DST,ARI Defense,ARI,,16,66.0,0,0,0,0,0,0,0,0,0,0.0,0,0,0,0.0,0,0,0,33,11,4,1,0,0,437,6047,5.46,-2.0,11.0,1,0
2023,WR,Greg Dortch,DET,25,8,64.5,0,0,0,5,0,41,24,280,2,58.5,0,397,1056,37.6,0,0,0,0,0,0,0,0,0,0,0,5.32,2.88,13.25,4,0
2023,DST,WAS Defense,WAS,,14,64.0,0,0,0,0,0,0,0,0,0,0.0,0,0,0,0.0,0,0,0,39,8,9,0,0,1,488,6612,4.97,-1.25,10.5,2,0
2023,QB,Daniel Jones,IND,26,6,62.96,909,2,6,206,1,0,0,0,0,0.0,1,325,398,81.7,0,0,0,0,0,0,0,0,0,0,0,9.86,5.13,14.02,2,1
2023,WR,Trenton Irwin,SF,27,10,62.6,0,0,0,0,0,32,25,316,1,78.1,0,429,1011,42.4,0,0,0,0,0,0,0,0,0,0,0,4.11,2.78,10.43,2,0
2023,K,Lucas Havrisik,,23,8,62.0,0,0,0,0,0,0,0,0,0,0.0,0,0,602,0.0,19,3,15,0,0,0,0,0,0,0,0,3.03,5.25,10.25,2,0
2023,WR,Allen Robinson,,30,13,62.0,0,0,0,0,0,49,34,280,0,69.4,0,771,1071,72.0,0,0,0,0,0,0,0,0,0,0,0,2.81,1.9,8.32,1,0
2023,TE,Colby Parkinson,LAR,24,13,61.7,0,0,0,0,0,34,25,247,2,73.5,0,498,1051,47.4,0,0,0,0,0,0,0,0,0,0,0,3.15,1.58,8.6,2,0
2023,RB,Joshua Kelley,,25,17,61.7,0,0,0,405,2,12,8,32,0,66.7,1,392,1158,33.9,0,0,0,0,0,0,0,0,0,0,0,4.25,0.18,9.9,2,0
2023,WR,JuJu Smith-Schuster,NYG,26,11,61.0,0,0,0,0,0,47,29,260,1,61.7,0,461,710,64.9,0,0,0,0,0,0,0,0,0,0,0,3.81,1.98,9.8,2,0
2023,RB,Jamaal Williams,,28,13,60.8,0,0,0,306,1,20,18,62,0,90.0,0,324,878,36.9,0,0,0,0,0,0,0,0,0,0,0,3.34,2.08,8.88,2,0
2023,WR,A.T. Perry,PIT,23,8,60.6,0,0,0,0,0,18,12,246,4,66.7,0,343,723,47.4,0,0,0,0,0,0,0,0,0,0,0,5.94,3.15,12.0,3,1
2023,TE,Tommy Tremble,CAR,23,13,60.4,0,0,0,0,0,32,23,194,3,71.9,0,554,1079,51.3,0,0,0,0,0,0,0,0,0,0,0,2.7,1.75,8.2,0,0
2023,TE,Adam Trautman,DEN,26,12,60.4,0,0,0,0,0,35,22,204,3,62.9,0,755,1072,70.4,0,0,0,0,0,0,0,0,0,0,0,3.61,1.6,9.68,1,0
2023,WR,Jalin Hyatt,NYG,21,10,60.3,0,0,0,0,0,40,23,373,0,57.5,0,557,1104,50.5,0,0,0,0,0,0,0,0,0,0,0,4.41,2.38,10.45,2,0
2023,WR,Allen Lazard,,27,10,60.1,0,0,0,0,0,49,23,311,1,46.9,0,685,905,75.7,0,0,0,0,0,0,0,0,0,0,0,3.51,3.15,9.03,1,0
2023,WR,Isaiah Hodgins,NYG,24,10,60.0,0,0,0,0,0,33,21,230,3,63.6,1,511,1104,46.3,0,0,0,0,0,0,0,0,0,0,0,3.65,2.85,9.75,2,0
2023,WR,KaVontae Turpin,DAL,27,12,59.7,0,0,0,110,1,18,12,127,3,66.7,0,140,1106,12.7,0,0,0,0,0,0,0,0,0,0,0,3.53,1.63,9.5,2,0
2023,QB,Tyson Bagent,CHI,23,5,59.26,859,3,6,109,2,0,0,0,0,0.0,2,305,912,33.4,0,0,0,0,0,0,0,0,0,0,0,4.36,10.12,13.14,3,0
2023,RB,Michael Carter,TEN,24,13,58.8,0,0,0,187,0,31,24,101,1,77.4,0,224,984,22.8,0,0,0,0,0,0,0,0,0,0,0,3.63,1.02,9.05,1,0
2023,WR,Jalen Tolbert,MIA,24,11,58.8,0,0,0,0,0,36,22,268,2,61.1,1,477,1184,40.3,0,0,0,0,0,0,0,0,0,0,0,4.2,1.2,9.78,1,0
2023,WR,Xavier Gipson,NYG,22,15,58.7,0,0,0,68,1,38,21,229,0,55.3,2,496,1101,45.0,0,0,0,0,0,0,0,0,0,0,0,3.67,-0.15,8.78,1,0
2023,WR,Braxton Berrios,NYG,27,12,57.9,0,0,0,11,0,33,27,238,1,81.8,0,456,1028,44.4,0,0,0,0,0,0,0,0,0,0,0,4.05,2.4,8.68,1,0
2023,WR,Jake Bobo,SEA,25,13,56.9,0,0,0,3,1,25,19,196,2,76.0,0,300,1051,28.5,0,0,0,0,0,0,0,0,0,0,0,4.4,1.43,10.13,2,0
2023,WR,Marquez Valdes-Scantling,DAL,28,13,56.5,0,0,0,0,0,42,21,315,1,50.0,1,618,1130,54.7,0,0,0,0,0,0,0,0,0,0,0,4.08,1.5,8.35,1,0
2023,TE,Dawson Knox,BUF,26,10,54.6,0,0,0,0,0,36,22,186,2,61.1,0,487,812,60.0,0,0,0,0,0,0,0,0,0,0,0,2.65,3.23,8.07,1,0
2023,WR,Skyy Moore,GB,22,12,53.7,0,0,0,23,0,38,21,244,1,55.3,0,495,942,52.5,0,0,0,0,0,0,0,0,0,0,0,4.11,1.27,8.98,1,0
2023,QB,Mitchell Trubisky,TEN,29,5,53.68,632,4,5,54,2,0,0,0,0,0.0,1,201,1009,19.9,0,0,0,0,0,0,0,0,0,0,0,7.07,8.02,13.24,2,1
2023,RB,Chase Brown,CIN,23,10,53.5,0,0,0,179,0,15,14,156,1,93.3,0,93,774,12.0,0,0,0,0,0,0,0,0,0,0,0,5.35,1.08,10.0,1,0
2023,TE,Josh Oliver,MIN,26,11,53.3,0,0,0,0,0,28,22,213,2,78.6,1,466,1121,41.6,0,0,0,0,0,0,0,0,0,0,0,3.72,1.98,8.6,1,0
2023,WR,Kadarius Toney,,24,13,53.0,0,0,0,31,0,38,27,169,1,71.1,0,230,882,26.1,0,0,0,0,0,0,0,0,0,0,0,3.05,0.9,8.25,0,0
2023,WR,Calvin Austin,NYG,24,13,52.7,0,0,0,57,1,30,17,180,1,56.7,0,374,1071,34.9,0,0,0,0,0,0,0,0,0,0,0,4.22,0.78,9.38,1,0
2023,TE,Zach Ertz,,32,7,51.7,0,0,0,0,0,43,27,187,1,62.8,0,295,458,64.4,0,0,0,0,0,0,0,0,0,0,0,3.28,4.95,10.0,2,0
2023,WR,Jauan Jennings,MIN,26,9,51.5,0,0,0,0,0,33,19,265,1,57.6,0,361,810,44.6,0,0,0,0,0,0,0,0,0,0,0,3.73,2.73,9.0,2,0
2023,TE,Brevin Jordan,HOU,23,9,50.9,0,0,0,0,0,21,17,219,2,81.0,0,283,929,30.5,0,0,0,0,0,0,0,0,0,0,0,3.08,2.78,8.78,0,0
2023,WR,Andrei Iosivas,CIN,23,8,50.6,0,0,0,0,0,25,15,116,4,60.0,0,266,1027,25.9,0,0,0,0,0,0,0,0,0,0,0,5.95,1.98,10.68,1,1
2023,TE,Daniel Bellinger,TEN,22,12,50.5,0,0,0,0,0,28,25,255,0,89.3,0,688,1104,62.3,0,0,0,0,0,0,0,0,0,0,0,2.64,1.55,7.58,0,0
2023,TE,Drew Sample,CIN,27,12,50.3,0,0,0,0,0,27,22,163,2,81.5,0,497,1088,45.7,0,0,0,0,0,0,0,0,0,0,0,3.16,1.53,8.0,1,0
2023,WR,Mike Williams,,28,3,50.2,0,0,0,3,0,26,19,249,1,73.1,0,167,215,77.7,0,0,0,0,0,0,0,0,0,0,0,6.78,16.73,16.73,2,1
2023,TE,Mo Alie-Cox,IND,29,10,49.1,0,0,0,0,0,22,13,161,3,59.1,0,434,1148,37.8,0,0,0,0,0,0,0,0,0,0,0,3.24,1.93,8.4,2,0
2023,WR,David Bell,,22,7,48.7,0,0,0,0,0,23,14,167,3,60.9,0,217,1089,19.9,0,0,0,0,0,0,0,0,0,0,0,7.17,2.28,10.7,2,1
2023,WR,Hunter Renfrow,,27,11,48.5,0,0,0,0,0,37,25,255,0,67.6,1,363,1046,34.7,0,0,0,0,0,0,0,0,0,0,0,2.27,2.42,6.95,0,0
2023,TE,Austin Hooper,ATL,28,14,48.4,0,0,0,0,0,31,25,234,0,80.6,0,557,1046,53.3,0,0,0,0,0,0,0,0,0,0,0,1.66,1.83,5.4,0,0
2023,RB,Elijah Mitchell,PHI,25,11,47.5,0,0,0,281,2,8,6,14,0,75.0,0,161,760,21.2,0,0,0,0,0,0,0,0,0,0,0,5.19,0.2,10.18,2,0
2023,WR,Lil'Jordan Humphrey,DEN,25,9,47.2,0,0,0,0,0,19,13,162,3,68.4,0,428,1072,39.9,0,0,0,0,0,0,0,0,0,0,0,4.68,1.98,9.25,2,0
2023,RB,Matt Breida,,28,15,46.9,0,0,0,151,1,21,17,88,0,81.0,0,288,1104,26.1,0,0,0,0,0,0,0,0,0,0,0,3.59,0.5,7.78,2,0
2023,RB,Cam Akers,,24,7,46.7,0,0,0,167,2,12,11,70,0,91.7,0,139,475,29.3,0,0,0,0,0,0,0,0,0,0,0,2.42,5.05,8.4,0,0
2023,TE,Foster Moreau,HOU,26,11,46.3,0,0,0,0,0,25,21,193,1,84.0,0,549,1032,53.2,0,0,0,0,0,0,0,0,0,0,0,2.01,2.17,6.5,0,0
2023,RB,Royce Freeman,,27,8,46.2,0,0,0,319,2,2,1,13,0,50.0,0,207,954,21.7,0,0,0,0,0,0,0,0,0,0,0,4.27,2.05,9.5,2,0
2023,WR,Bo Melton,GB,24,4,45.9,0,0,0,21,0,24,16,218,1,66.7,0,139,316,44.0,0,0,0,0,0,0,0,0,0,0,0,7.48,11.48,11.48,2,1
2023,WR,Alex Erickson,,30,8,45.2,0,0,0,0,0,29,16,232,1,55.2,0,329,543,60.6,0,0,0,0,0,0,0,0,0,0,0,4.64,2.53,8.78,1,0
2023,RB,Jordan Mason,MIN,24,9,44.7,0,0,0,206,3,4,3,31,0,75.0,0,99,1066,9.3,0,0,0,0,0,0,0,0,0,0,0,4.26,1.1,9.25,1,0
2023,WR,Cedric Tillman,CLE,23,10,44.2,0,0,0,8,0,44,21,224,0,47.7,0,609,1011,60.2,0,0,0,0,0,0,0,0,0,0,0,2.99,1.65,7.57,0,0
2023,K,Graham Gano,,36,8,44.0,0,0,0,0,0,0,0,0,0,0.0,0,0,555,0.0,8,0,11,0,0,0,0,0,0,0,0,4.56,1.5,9.5,1,0
2023,RB,Pierre Strong,GB,24,12,43.8,0,0,0,291,1,8,5,47,0,62.5,1,169,1240,13.6,0,0,0,0,0,0,0,0,0,0,0,2.43,1.4,6.68,0,0
2023,RB,Darrell Henderson,,26,4,43.5,0,0,0,112,2,14,10,103,0,71.4,0,126,255,49.4,0,0,0,0,0,0,0,0,0,0,0,3.19,10.88,10.88,3,0
2023,RB,Kendre Miller,NO,21,7,43.3,0,0,0,156,1,11,10,117,0,90.9,0,112,643,17.4,0,0,0,0,0,0,0,0,0,0,0,5.01,2.75,9.1,2,0
2023,WR,Mack Hollins,NE,29,8,43.1,0,0,0,0,0,30,18,251,0,60.0,0,345,877,39.3,0,0,0,0,0,0,0,0,0,0,0,2.21,3.58,7.2,0,0
2023,RB,Salvon Ahmed,CHI,24,7,42.9,0,0,0,61,1,23,16,88,1,69.6,0,135,521,25.9,0,0,0,0,0,0,0,0,0,0,0,4.36,2.83,9.32,2,0
2023,TE,Hayden Hurst,,30,8,42.4,0,0,0,0,0,32,18,184,1,56.3,0,336,628,53.5,0,0,0,0,0,0,0,0,0,0,0,4.1,2.45,8.15,1,0
2023,TE,Connor Heyward,LV,24,10,41.7,0,0,0,0,0,34,23,167,0,67.6,0,403,1071,37.6,0,0,0,0,0,0,0,0,0,0,0,1.6,2.75,5.8,0,0
2023,WR,Van Jefferson,WAS,27,11,41.3,0,0,0,4,0,43,20,209,0,46.5,0,621,1148,54.1,0,0,0,0,0,0,0,0,0,0,0,1.71,2.0,5.68,0,0
2023,RB,Jeff Wilson,,27,9,41.3,0,0,0,188,0,17,14,85,0,82.4,0,148,639,23.2,0,0,0,0,0,0,0,0,0,0,0,2.88,1.9,7.3,1,0
2023,RB,Ameer Abdullah,JAX,30,14,41.0,0,0,0,89,0,24,19,131,0,79.2,0,216,1046,20.7,0,0,0,0,0,0,0,0,0,0,0,1.37,1.5,4.63,0,0
2023,WR,Jamal Agnew,,28,8,40.3,0,0,0,-2,0,21,14,225,1,66.7,1,201,737,27.3,0,0,0,0,0,0,0,0,0,0,0,4.83,0.9,9.18,1,0
2023,TE,Will Dissly,,27,10,40.2,0,0,0,0,0,22,17,172,1,77.3,0,381,976,39.0,0,0,0,0,0,0,0,0,0,0,0,3.53,1.55,7.0,1,0
2023,TE,Johnny Mundt,PHI,28,9,40.2,0,0,0,0,0,23,17,172,1,73.9,0,223,1121,19.9,0,0,0,0,0,0,0,0,0,0,0,4.32,1.65,7.7,2,0
2023,RB,Dalvin Cook,,28,14,40.2,0,0,0,214,0,20,15,78,0,75.0,2,202,1036,19.5,0,0,0,0,0,0,0,0,0,0,0,2.18,0.95,5.63,0,0
2023,WR,Deonte Harty,,25,11,40.0,0,0,0,0,0,21,15,150,1,71.4,1,155,1069,14.5,0,0,0,0,0,0,0,0,0,0,0,3.12,0.55,7.0,0,0
2023,WR,Treylon Burks,WAS,23,8,39.9,0,0,0,18,0,30,16,221,0,53.3,0,443,713,62.1,0,0,0,0,0,0,0,0,0,0,0,3.14,2.6,7.38,1,0
2023,RB,Chase Edmonds,,27,13,39.7,0,0,0,176,0,17,14,81,0,82.4,0,156,856,18.2,0,0,0,0,0,0,0,0,0,0,0,2.86,0.88,6.48,1,0
2023,QB,Mason Rudolph,PIT,28,4,39.56,719,3,0,8,0,0,0,0,0,0.0,1,199,321,62.0,0,0,0,0,0,0,0,0,0,0,0,7.14,9.89,9.89,2,0
2023,WR,Parker Washington,JAX,21,6,39.2,0,0,0,0,0,21,16,132,2,76.2,1,239,620,38.5,0,0,0,0,0,0,0,0,0,0,0,5.71,3.1,8.98,1,0
2023,WR,Scotty Miller,CHI,26,8,39.1,0,0,0,0,0,16,11,161,2,68.8,0,266,1130,23.5,0,0,0,0,0,0,0,0,0,0,0,3.03,2.08,7.7,0,0
2023,RB,Andrew Beck,NYJ,27,10,38.8,0,0,0,3,1,13,11,55,2,84.6,1,322,998,32.3,0,0,0,0,0,0,0,0,0,0,0,3.1,0.83,7.35,0,0
2023,TE,Will Mallory,IND,24,8,38.7,0,0,0,0,0,26,18,207,0,69.2,0,159,801,19.9,0,0,0,0,0,0,0,0,0,0,0,3.0,2.15,7.53,0,0
2023,WR,Olamide Zaccheaus,ATL,26,8,38.4,0,0,0,0,0,20,10,164,2,50.0,0,471,1147,41.1,0,0,0,0,0,0,0,0,0,0,0,4.28,1.73,7.88,1,0
2023,RB,Chris Rodriguez,JAX,23,8,37.9,0,0,0,247,2,2,2,12,0,100.0,1,97,864,11.2,0,0,0,0,0,0,0,0,0,0,0,5.65,2.0,7.48,1,0
2023,TE,Harrison Bryant,,25,8,37.9,0,0,0,8,0,20,13,81,3,65.0,1,406,1240,32.7,0,0,0,0,0,0,0,0,0,0,0,4.89,1.23,8.25,1,0
2023,TE,Pharaoh Brown,,29,9,37.8,0,0,0,0,0,15,13,208,1,86.7,1,399,1051,38.0,0,0,0,0,0,0,0,0,0,0,0,4.46,0.83,8.0,1,0
2023,WR,KhaDarel Hodge,,28,9,37.2,0,0,0,0,0,23,14,232,0,60.9,0,370,1130,32.7,0,0,0,0,0,0,0,0,0,0,0,3.09,2.03,6.58,1,0
2023,RB,Cordarrelle Patterson,,32,12,36.9,0,0,0,181,0,12,9,38,1,75.0,0,177,929,19.1,0,0,0,0,0,0,0,0,0,0,0,2.02,1.08,5.55,0,0
2023,WR,Julio Jones,,34,8,36.4,0,0,0,0,0,19,11,74,3,57.9,0,231,704,32.8,0,0,0,0,0,0,0,0,0,0,0,5.28,1.35,7.75,1,0
2023,TE,Elijah Higgins,ARI,22,8,36.3,0,0,0,0,0,19,14,163,1,73.7,0,192,741,25.9,0,0,0,0,0,0,0,0,0,0,0,3.96,2.23,6.85,1,0
2023,WR,Dyami Brown,WAS,23,9,35.96,4,0,0,0,0,23,12,168,1,52.2,0,253,1107,22.9,0,0,0,0,0,0,0,0,0,0,0,3.66,0.97,7.5,1,0
2023,WR,Tyler Scott,LAR,21,13,35.9,0,0,0,41,0,32,17,168,0,53.1,1,439,1138,38.6,0,0,0,0,0,0,0,0,0,0,0,2.11,0.6,5.13,0,0
2023,WR,Jamison Crowder,,30,6,35.9,0,0,0,0,0,20,16,159,1,80.0,1,139,1107,12.6,0,0,0,0,0,0,0,0,0,0,0,7.8,1.78,9.03,1,1
2023,WR,Derius Davis,LAC,22,14,35.7,0,0,0,101,0,17,15,66,0,88.2,1,149,1158,12.9,0,0,0,0,0,0,0,0,0,0,0,2.57,0.18,5.9,0,0
2023,TE,Drew Ogletree,IND,25,6,35.7,0,0,0,0,0,21,9,147,2,42.9,0,336,961,35.0,0,0,0,0,0,0,0,0,0,0,0,4.45,2.9,7.68,2,0
2023,WR,Quez Watkins,PHI,25,4,35.2,0,0,0,0,0,21,15,142,1,71.4,0,304,673,45.2,0,0,0,0,0,0,0,0,0,0,0,8.46,8.8,8.8,1,1
2023,WR,Deven Thompkins,LV,23,12,34.9,0,0,0,56,0,25,17,83,1,68.0,1,251,1103,22.8,0,0,0,0,0,0,0,0,0,0,0,3.91,0.78,5.9,1,0
2023,RB,D'Ernest Johnson,,27,14,34.8,0,0,0,108,0,12,10,140,0,83.3,0,194,1166,16.6,0,0,0,0,0,0,0,0,0,0,0,2.53,-0.12,6.08,0,0
2023,TE,John Bates,WAS,25,10,34.1,0,0,0,0,0,28,19,151,0,67.9,0,500,1107,45.2,0,0,0,0,0,0,0,0,0,0,0,1.93,1.6,5.25,0,0
2023,TE,Jimmy Graham,,36,4,33.9,0,0,0,0,0,7,6,39,4,85.7,0,171,890,19.2,0,0,0,0,0,0,0,0,0,0,0,0.82,8.48,8.48,0,0
2023,WR,Malik Heath,ATL,23,8,33.5,0,0,0,0,0,24,15,125,1,62.5,0,260,849,30.6,0,0,0,0,0,0,0,0,0,0,0,2.67,1.88,6.5,0,0
2023,TE,Irv Smith,,25,8,33.5,0,0,0,0,0,26,18,115,1,69.2,1,330,830,39.8,0,0,0,0,0,0,0,0,0,0,0,3.01,2.23,6.15,1,0
2023,WR,Terrace Marshall,MIA,23,6,32.9,0,0,0,0,0,33,19,139,0,57.6,0,335,680,49.3,0,0,0,0,0,0,0,0,0,0,0,4.72,2.45,7.38,1,0
2023,TE,Stone Smartt,PHI,24,7,32.5,0,0,0,0,0,21,11,155,1,52.4,0,309,1090,28.3,0,0,0,0,0,0,0,0,0,0,0,3.17,2.9,6.08,1,0
2023,WR,Ihmir Smith-Marsette,ARI,24,7,32.5,0,0,0,74,1,10,8,51,0,80.0,0,123,1151,10.7,0,0,0,0,0,0,0,0,0,0,0,3.5,2.3,6.88,1,0
2023,RB,Ty Johnson,BUF,25,7,32.4,0,0,0,132,0,7,7,62,1,100.0,0,91,715,12.7,0,0,0,0,0,0,0,0,0,0,0,4.57,1.68,7.03,1,0
2023,WR,John Metchie,CAR,23,13,32.2,0,0,0,4,0,30,16,158,0,53.3,0,310,1057,29.3,0,0,0,0,0,0,0,0,0,0,0,0.98,1.45,3.75,0,0
2023,RB,Tony Jones,,25,6,32.2,0,0,0,95,2,10,7,37,0,70.0,0,132,446,29.6,0,0,0,0,0,0,0,0,0,0,0,5.29,1.9,7.6,1,0
2023,QB,Drew Lock,SEA,26,4,32.12,543,3,3,14,0,0,0,0,0,0.0,0,145,1051,13.8,0,0,0,0,0,0,0,0,0,0,0,7.08,8.03,8.03,2,0
2023,WR,Ronnie Bell,NO,23,6,31.8,0,0,0,0,0,13,6,68,3,46.2,0,183,1066,17.2,0,0,0,0,0,0,0,0,0,0,0,3.56,3.3,7.28,1,0
2023,TE,Jeremy Ruckert,NYJ,23,9,31.1,0,0,0,0,0,22,16,151,0,72.7,0,310,963,32.2,0,0,0,0,0,0,0,0,0,0,0,1.78,1.73,5.15,0,0
2023,WR,Kyle Philips,,24,7,31.1,0,0,0,0,0,22,15,181,0,68.2,1,132,539,24.5,0,0,0,0,0,0,0,0,0,0,0,3.92,1.45,7.2,1,0
2023,QB,Trevor Siemian,,31,5,30.96,724,2,4,40,0,0,0,0,0,0.0,3,287,480,59.8,0,0,0,0,0,0,0,0,0,0,0,5.8,4.06,7.64,2,0
2023,WR,Parris Campbell,,26,8,30.4,0,0,0,0,0,27,20,104,0,74.1,0,207,782,26.5,0,0,0,0,0,0,0,0,0,0,0,2.45,1.78,5.83,0,0
2023,RB,Patrick Taylor,SF,25,10,30.0,0,0,0,141,0,17,11,49,0,64.7,0,226,695,32.5,0,0,0,0,0,0,0,0,0,0,0,1.97,1.45,4.75,0,0
2023,RB,Darrynton Evans,,25,6,30.0,0,0,0,121,1,12,7,49,0,58.3,0,93,474,19.6,0,0,0,0,0,0,0,0,0,0,0,4.06,2.65,6.98,1,0
2023,RB,Craig Reynolds,,27,7,29.6,0,0,0,179,1,5,5,47,0,100.0,2,132,1178,11.2,0,0,0,0,0,0,0,0,0,0,0,4.11,1.13,7.15,1,0
2023,WR,Jalen Reagor,MIA,24,6,28.5,0,0,0,17,0,24,7,138,0,29.2,0,308,722,42.7,0,0,0,0,0,0,0,0,0,0,0,3.18,2.9,6.08,1,0
2023,WR,Ray-Ray McCloud,,26,7,28.5,0,0,0,30,0,15,12,135,0,80.0,0,209,757,27.6,0,0,0,0,0,0,0,0,0,0,0,1.6,3.03,5.1,0,0
2023,WR,Donovan Peoples-Jones,,24,9,28.5,0,0,0,0,0,25,13,155,0,52.0,0,511,1070,47.8,0,0,0,0,0,0,0,0,0,0,0,1.96,1.75,4.83,0,0
2023,TE,Luke Farrell,SF,25,9,28.5,0,0,0,0,0,15,13,155,0,86.7,0,411,1166,35.2,0,0,0,0,0,0,0,0,0,0,0,2.1,1.63,4.85,0,0
2023,TE,Jordan Akins,,31,12,28.2,0,0,0,0,0,23,15,132,0,65.2,0,231,1240,18.6,0,0,0,0,0,0,0,0,0,0,0,1.24,1.43,3.8,0,0
2023,WR,Byron Pringle,,29,9,28.1,0,0,0,0,0,22,14,161,0,63.6,1,183,1107,16.5,0,0,0,0,0,0,0,0,0,0,0,2.13,1.65,4.75,0,0
2023,TE,Brock Wright,DET,24,8,28.1,0,0,0,0,0,14,13,91,1,92.9,0,423,973,43.5,0,0,0,0,0,0,0,0,0,0,0,2.76,1.73,5.3,1,0
2023,K,Randy Bullock,,33,5,28.0,0,0,0,0,0,0,0,0,0,0.0,0,0,345,0.0,10,0,5,0,0,0,0,0,0,0,0,0.8,5.25,5.75,0,0
2023,QB,Jarrett Stidham,DEN,27,2,27.64,496,2,1,8,0,0,0,0,0,0.0,0,134,1072,12.5,0,0,0,0,0,0,0,0,0,0,0,0.26,13.82,13.82,2,0
2023,WR,Tyquan Thornton,KC,23,9,27.2,0,0,0,51,0,23,13,91,0,56.5,0,224,606,37.0,0,0,0,0,0,0,0,0,0,0,0,1.49,1.5,4.55,0,0
2023,QB,Carson Wentz,MIN,30,1,27.12,163,2,1,56,1,0,0,0,0,0.0,0,70,549,12.8,0,0,0,0,0,0,0,0,0,0,0,0.0,27.12,27.12,1,1
2023,WR,River Cracraft,WAS,28,5,27.1,0,0,0,0,0,12,9,121,1,75.0,0,185,658,28.1,0,0,0,0,0,0,0,0,0,0,0,3.93,3.53,6.2,1,0
2023,TE,Luke Schoonmaker,DAL,24,7,26.5,0,0,0,0,0,15,8,65,2,53.3,0,368,1184,31.1,0,0,0,0,0,0,0,0,0,0,0,3.25,1.7,5.48,1,0
2023,QB,Dorian Thompson-Robinson,,23,7,26.1,440,1,4,65,0,0,0,0,0,0.0,0,214,830,25.8,0,0,0,0,0,0,0,0,0,0,0,4.02,0.7,6.26,1,0
2023,TE,MyCole Pruitt,,31,8,26.0,0,0,0,0,0,12,9,110,1,75.0,0,403,1130,35.7,0,0,0,0,0,0,0,0,0,0,0,2.27,1.9,4.6,0,0
2023,WR,Mecole Hardman,BUF,25,6,25.7,0,0,0,3,0,24,15,124,0,62.5,1,153,668,22.9,0,0,0,0,0,0,0,0,0,0,0,4.31,2.0,5.63,1,0
2023,QB,Tyler Huntley,BAL,25,4,25.62,203,3,0,55,0,0,0,0,0,0.0,0,86,987,8.7,0,0,0,0,0,0,0,0,0,0,0,4.74,6.41,6.41,1,0
2023,WR,Trent Sherfield,BUF,27,7,25.6,0,0,0,0,0,22,11,86,1,50.0,0,392,1164,33.7,0,0,0,0,0,0,0,0,0,0,0,3.3,1.65,5.23,1,0
2023,TE,Davis Allen,LAR,22,4,25.5,0,0,0,0,0,11,10,95,1,90.9,0,192,1148,16.7,0,0,0,0,0,0,0,0,0,0,0,5.32,6.38,6.38,1,0
2023,K,Matt Ammendola,,26,5,25.0,0,0,0,0,0,0,0,0,0,0.0,0,0,326,0.0,10,1,6,0,0,0,0,0,0,0,0,5.48,3.0,6.5,1,0
2023,QB,P.J. Walker,,28,4,24.96,674,1,5,30,0,0,0,0,0,0.0,2,243,781,31.1,0,0,0,0,0,0,0,0,0,0,0,4.42,6.24,6.24,1,0
2023,WR,Jalen Guyton,,26,6,24.9,0,0,0,0,0,21,10,89,1,47.6,0,255,525,48.6,0,0,0,0,0,0,0,0,0,0,0,4.53,1.73,5.5,1,0
2023,TE,Stephen Sullivan,,26,7,24.5,0,0,0,0,0,24,12,125,0,50.0,0,170,732,23.2,0,0,0,0,0,0,0,0,0,0,0,1.63,2.4,4.38,0,0
2023,TE,Josh Whyle,GB,23,7,24.4,0,0,0,0,0,15,9,94,1,60.0,0,156,738,21.1,0,0,0,0,0,0,0,0,0,0,0,2.97,1.9,4.72,1,0
2023,QB,Sam Darnold,SEA,26,10,24.38,297,2,1,15,1,0,0,0,0,0.0,1,130,1066,12.2,0,0,0,0,0,0,0,0,0,0,0,5.45,-0.15,6.29,1,0
2023,K,Michael Badgley,,28,4,24.0,0,0,0,0,0,0,0,0,0,0.0,0,0,271,0.0,13,2,4,0,0,0,0,0,0,0,0,1.22,6.0,6.0,0,0
2023,QB,Andy Dalton,PHI,35,2,23.64,361,2,0,12,0,0,0,0,0,0.0,0,81,1151,7.0,0,0,0,0,0,0,0,0,0,0,0,11.72,11.82,11.82,1,1
2023,TE,Lucas Krull,DEN,25,4,23.5,0,0,0,0,0,14,8,95,1,57.1,0,166,465,35.7,0,0,0,0,0,0,0,0,0,0,0,4.04,5.88,5.88,1,0
2023,RB,Nick Chubb,,27,2,23.1,0,0,0,170,0,4,4,21,0,100.0,0,54,161,33.5,0,0,0,0,0,0,0,0,0,0,0,5.15,11.55,11.55,1,0
2023,TE,Cole Turner,MIA,23,7,23.0,0,0,0,0,0,15,11,120,0,73.3,0,142,819,17.3,0,0,0,0,0,0,0,0,0,0,0,2.0,1.88,4.55,0,0
2023,QB,Jacoby Brissett,ARI,30,2,22.86,224,3,0,19,0,0,0,0,0,0.0,0,46,1012,4.5,0,0,0,0,0,0,0,0,0,0,0,2.43,11.43,11.43,1,0
2023,RB,Tank Bigsby,PHI,21,13,22.8,0,0,0,132,2,4,1,6,0,25.0,2,141,1166,12.1,0,0,0,0,0,0,0,0,0,0,0,2.17,-0.15,4.4,0,0
2023,WR,Robbie Chosen,,30,3,22.6,0,0,0,0,0,6,4,126,1,66.7,0,135,576,23.4,0,0,0,0,0,0,0,0,0,0,0,4.6,7.53,7.53,1,0
2023,WR,Lynn Bowden,,25,7,22.5,0,0,0,32,0,16,11,83,0,68.8,0,326,1093,29.8,0,0,0,0,0,0,0,0,0,0,0,2.13,1.5,4.68,0,0
2023,TE,Robert Tonyan,PIT,29,7,22.2,0,0,0,0,0,17,11,112,0,64.7,0,323,1138,28.4,0,0,0,0,0,0,0,0,0,0,0,1.68,2.1,4.05,0,0
2023,WR,Xavier Hutchinson,HOU,23,10,21.9,0,0,0,49,0,19,8,90,0,42.1,0,281,1066,26.4,0,0,0,0,0,0,0,0,0,0,0,1.11,1.2,3.38,0,0
2023,TE,Charlie Kolar,LAC,24,5,21.7,0,0,0,0,0,9,7,87,1,77.8,0,229,981,23.3,0,0,0,0,0,0,0,0,0,0,0,2.53,3.2,4.85,0,0
2023,WR,Chase Claypool,,25,5,21.7,0,0,0,0,0,21,8,77,1,38.1,0,195,747,26.1,0,0,0,0,0,0,0,0,0,0,0,4.16,2.28,5.1,1,0
2023,WR,Laviska Shenault,,24,8,21.5,0,0,0,55,0,10,10,60,0,100.0,0,92,561,16.4,0,0,0,0,0,0,0,0,0,0,0,1.22,1.73,3.65,0,0
2023,WR,Ben Skowronek,PIT,26,7,21.5,0,0,0,9,0,12,8,66,1,66.7,0,216,1148,18.8,0,0,0,0,0,0,0,0,0,0,0,2.8,1.28,4.88,0,0
2023,QB,C.J. Beathard,,29,6,21.46,349,1,0,35,0,0,0,0,0,0.0,0,113,1166,9.7,0,0,0,0,0,0,0,0,0,0,0,3.97,0.9,5.37,0,0
2023,RB,Kevin Harris,,22,4,21.3,0,0,0,65,1,3,3,58,0,100.0,0,34,278,12.2,0,0,0,0,0,0,0,0,0,0,0,3.38,5.33,5.33,0,0
2023,WR,Charlie Jones,CIN,24,5,20.7,0,0,0,13,0,9,7,64,0,77.8,0,44,702,6.3,0,0,0,0,0,0,0,0,0,0,0,3.08,2.88,4.95,0,0
2023,WR,David Moore,CAR,28,4,20.4,0,0,0,0,0,7,5,94,1,71.4,0,105,447,23.5,0,0,0,0,0,0,0,0,0,0,0,5.6,5.1,5.1,1,0
2023,WR,Sterling Shepard,,30,8,20.3,0,0,0,6,0,22,10,57,1,45.5,1,142,1104,12.9,0,0,0,0,0,0,0,0,0,0,0,2.36,0.95,4.13,0,0
2023,RB,Trey Sermon,,24,6,20.3,0,0,0,160,0,6,3,13,0,50.0,0,108,953,11.3,0,0,0,0,0,0,0,0,0,0,0,3.11,1.35,4.83,0,0
2023,WR,Tim Jones,JAX,25,7,20.3,0,0,0,0,0,18,11,83,0,61.1,0,339,1166,29.1,0,0,0,0,0,0,0,0,0,0,0,1.74,1.68,4.18,0,0
2023,RB,Ronnie Rivers,LAR,24,7,20.1,0,0,0,129,0,5,5,22,0,100.0,0,93,610,15.2,0,0,0,0,0,0,0,0,0,0,0,2.44,1.23,4.3,0,0
2023,K,Mason Crosby,,38,3,20.0,0,0,0,0,0,0,0,0,0,0.0,0,0,204,0.0,6,1,5,0,0,0,0,0,0,0,0,1.25,6.67,6.67,0,0
2023,TE,C.J. Uzomah,,30,6,19.8,0,0,0,0,0,12,8,58,1,66.7,0,239,747,32.0,0,0,0,0,0,0,0,0,0,0,0,1.8,2.38,4.08,0,0
2023,RB,Melvin Gordon,,30,4,19.7,0,0,0,81,1,3,3,46,0,100.0,1,56,387,14.5,0,0,0,0,0,0,0,0,0,0,0,3.06,4.93,4.93,0,0
2023,WR,Richie James,,27,8,19.4,0,0,0,0,0,14,10,114,0,71.4,1,137,578,23.7,0,0,0,0,0,0,0,0,0,0,0,2.72,0.65,4.2,0,0
2023,TE,Geoff Swaim,,29,6,19.4,0,0,0,0,0,11,10,94,0,90.9,0,337,926,36.4,0,0,0,0,0,0,0,0,0,0,0,0.74,2.9,3.65,0,0
2023,RB,Damien Harris,,26,6,19.0,0,0,0,94,1,2,2,16,0,100.0,0,60,394,15.2,0,0,0,0,0,0,0,0,0,0,0,3.0,1.45,4.4,0,0
2023,RB,Isaiah Spiller,,22,9,19.0,0,0,0,96,0,6,6,34,0,100.0,0,111,672,16.5,0,0,0,0,0,0,0,0,0,0,0,1.67,0.68,3.63,0,0
2023,RB,Tyler Goodson,ATL,22,5,18.1,0,0,0,87,0,9,6,34,0,66.7,0,50,395,12.7,0,0,0,0,0,0,0,0,0,0,0,3.43,2.05,4.45,0,0
2023,QB,Davis Mills,HOU,24,4,17.82,173,2,0,9,0,0,0,0,0,0.0,0,53,1134,4.7,0,0,0,0,0,0,0,0,0,0,0,7.17,4.46,4.46,1,0
2023,RB,Raheem Blackshear,,25,8,17.1,0,0,0,46,0,7,6,45,0,85.7,0,51,855,6.0,0,0,0,0,0,0,0,0,0,0,0,1.38,1.13,3.15,0,0
2023,WR,Randall Cobb,,33,5,16.9,0,0,0,0,0,17,5,39,1,29.4,0,210,675,31.1,0,0,0,0,0,0,0,0,0,0,0,2.6,2.1,3.88,0,0
2023,WR,Isaiah McKenzie,,28,10,16.6,0,0,0,14,0,14,11,82,0,78.6,2,117,888,13.2,0,0,0,0,0,0,0,0,0,0,0,2.34,-0.15,3.68,0,0
2023,WR,Jason Brownlee,KC,24,3,16.6,0,0,0,0,0,8,5,56,1,62.5,0,311,475,65.5,0,0,0,0,0,0,0,0,0,0,0,1.64,5.53,5.53,0,0
2023,RB,Israel Abanikanda,DAL,20,6,16.3,0,0,0,70,0,11,7,43,0,63.6,1,77,537,14.3,0,0,0,0,0,0,0,0,0,0,0,1.9,1.75,3.95,0,0
2023,QB,Jeff Driskel,,30,1,15.94,166,2,2,33,0,0,0,0,0,0.0,0,53,105,50.5,0,0,0,0,0,0,0,0,0,0,0,0.0,15.94,15.94,1,0
2023,RB,Boston Scott,,28,10,15.8,0,0,0,86,0,6,4,52,0,66.7,1,68,1005,6.8,0,0,0,0,0,0,0,0,0,0,0,1.6,0.13,3.13,0,0
2023,WR,Samori Toure,PHI,25,7,15.8,0,0,0,0,0,18,8,78,0,44.4,1,139,700,19.9,0,0,0,0,0,0,0,0,0,0,0,1.98,0.83,3.63,0,0
2023,RB,Deuce Vaughn,,21,6,15.0,0,0,0,40,0,7,7,40,0,100.0,0,61,553,11.0,0,0,0,0,0,0,0,0,0,0,0,1.72,1.65,3.1,0,0
2023,QB,Jameis Winston,NYG,29,6,14.96,264,2,3,-6,0,0,0,0,0,0.0,0,76,1158,6.6,0,0,0,0,0,0,0,0,0,0,0,4.11,0.01,4.09,1,0
2023,QB,Tim Boyle,,28,3,14.9,360,1,4,5,0,0,0,0,0,0.0,0,122,693,17.6,0,0,0,0,0,0,0,0,0,0,0,3.65,4.97,4.97,0,0
2023,RB,Trayveon Williams,,25,14,14.9,0,0,0,69,0,9,7,10,0,77.8,0,156,1088,14.3,0,0,0,0,0,0,0,0,0,0,0,0.82,0.2,2.23,0,0
2023,RB,Emanuel Wilson,SEA,24,5,14.8,0,0,0,85,0,5,4,23,0,80.0,0,36,648,5.6,0,0,0,0,0,0,0,0,0,0,0,1.51,2.53,3.58,0,0
2023,WR,Keith Kirkwood,,28,4,14.7,0,0,0,0,0,9,5,37,1,55.6,0,236,895,26.4,0,0,0,0,0,0,0,0,0,0,0,2.55,3.68,3.68,0,0
2023,TE,Mitchell Wilcox,,26,7,14.6,0,0,0,0,0,12,9,56,0,75.0,0,230,1088,21.1,0,0,0,0,0,0,0,0,0,0,0,1.0,1.35,2.73,0,0
2023,WR,D.J. Montgomery,,26,2,14.6,0,0,0,0,0,8,3,56,1,37.5,0,124,468,26.5,0,0,0,0,0,0,0,0,0,0,0,5.5,7.3,7.3,1,0
2023,TE,Brenton Strange,JAX,22,3,14.5,0,0,0,0,0,9,5,35,1,55.6,0,309,959,32.2,0,0,0,0,0,0,0,0,0,0,0,4.2,4.83,4.83,1,0
2023,TE,Josiah Deguara,SF,26,4,14.5,0,0,0,0,0,8,8,65,0,100.0,0,196,976,20.1,0,0,0,0,0,0,0,0,0,0,0,2.22,3.63,3.63,0,0
2023,RB,Keaontay Ingram,,23,7,14.0,0,0,0,74,0,4,4,26,0,100.0,0,119,639,18.6,0,0,0,0,0,0,0,0,0,0,0,2.39,0.3,3.4,0,0
2023,RB,La'Mical Perine,,25,2,14.0,0,0,0,77,0,5,3,33,0,60.0,0,59,308,19.2,0,0,0,0,0,0,0,0,0,0,0,6.9,7.0,7.0,1,0
2023,WR,Marquise Goodwin,,32,6,14.0,0,0,0,33,0,13,4,67,0,30.8,0,122,890,13.7,0,0,0,0,0,0,0,0,0,0,0,2.45,0.98,3.6,0,0
2023,TE,Lawrence Cager,WAS,26,3,13.6,0,0,0,0,0,5,4,36,1,80.0,0,101,689,14.7,0,0,0,0,0,0,0,0,0,0,0,2.56,4.53,4.53,0,0
2023,RB,Mike Boone,,28,7,13.3,0,0,0,23,0,9,7,40,0,77.8,0,101,597,16.9,0,0,0,0,0,0,0,0,0,0,0,1.46,0.83,2.88,0,0
2023,TE,Darnell Washington,PIT,22,7,13.1,0,0,0,0,0,10,7,61,0,70.0,0,511,1071,47.7,0,0,0,0,0,0,0,0,0,0,0,0.19,1.73,2.0,0,0
2023,RB,Eric Gray,NYG,23,5,13.0,0,0,0,48,0,7,6,22,0,85.7,0,65,854,7.6,0,0,0,0,0,0,0,0,0,0,0,1.4,2.3,3.2,0,0
2023,TE,Marcedes Lewis,,39,4,12.9,0,0,0,0,0,5,4,29,1,80.0,0,332,1138,29.2,0,0,0,0,0,0,0,0,0,0,0,2.28,3.22,3.22,0,0
2023,TE,Brycen Hopkins,,26,4,12.8,0,0,0,0,0,7,5,78,0,71.4,0,96,1017,9.4,0,0,0,0,0,0,0,0,0,0,0,2.12,3.2,3.2,0,0
2023,QB,Marcus Mariota,WAS,29,2,12.76,164,1,1,52,0,0,0,0,0,0.0,1,44,1147,3.8,0,0,0,0,0,0,0,0,0,0,0,5.14,6.38,6.38,1,0
2023,QB,Case Keenum,CHI,35,2,12.74,291,1,3,1,0,0,0,0,0,0.0,0,113,227,49.8,0,0,0,0,0,0,0,0,0,0,0,5.89,6.37,6.37,1,0
2023,WR,Jalen Brooks,ARI,23,3,12.4,0,0,0,0,0,6,6,64,0,100.0,0,77,492,15.7,0,0,0,0,0,0,0,0,0,0,0,2.82,4.13,4.13,0,0
2023,TE,Ben Sims,MIA,23,4,12.1,0,0,0,0,0,6,4,21,1,66.7,0,189,1096,17.2,0,0,0,0,0,0,0,0,0,0,0,2.38,3.03,3.03,0,0
2023,RB,J.K. Dobbins,DEN,24,1,11.7,0,0,0,22,1,3,2,15,0,66.7,0,30,64,46.9,0,0,0,0,0,0,0,0,0,0,0,0.0,11.7,11.7,1,0
2023,TE,Blake Bell,,32,4,11.6,0,0,0,0,0,9,5,26,1,55.6,1,251,1130,22.2,0,0,0,0,0,0,0,0,0,0,0,3.7,2.9,2.9,0,0
2023,RB,Gary Brightwell,CIN,25,3,11.6,0,0,0,19,0,7,5,47,0,71.4,0,41,480,8.5,0,0,0,0,0,0,0,0,0,0,0,1.23,3.87,3.87,0,0
2023,TE,Quintin Morris,JAX,24,2,11.6,0,0,0,0,0,3,2,26,1,66.7,0,185,1024,18.1,0,0,0,0,0,0,0,0,0,0,0,2.7,5.8,5.8,0,0
2023,WR,Justyn Ross,,23,4,11.3,0,0,0,0,0,11,6,53,0,54.5,0,136,1064,12.8,0,0,0,0,0,0,0,0,0,0,0,1.48,2.83,2.83,0,0
2023,RB,Dare Ogunbowale,,29,7,11.3,0,0,0,35,0,7,2,18,0,28.6,0,108,809,13.3,0,0,1,0,0,0,0,0,0,0,0,0.91,0.93,2.33,0,0
2023,WR,Equanimeous St. Brown,,26,4,11.2,0,0,0,0,0,6,5,62,0,83.3,0,213,475,44.8,0,0,0,0,0,0,0,0,0,0,0,0.9,2.8,2.8,0,0
2023,RB,Brandon Bolden,,33,3,11.1,0,0,0,31,1,0,0,0,0,0.0,0,5,1046,0.5,0,0,0,0,0,0,0,0,0,0,0,3.44,3.7,3.7,0,0
2023,WR,Velus Jones,SEA,26,9,11.1,0,0,0,51,0,7,4,20,0,57.1,0,100,917,10.9,0,0,0,0,0,0,0,0,0,0,0,1.01,0.33,2.2,0,0
2023,TE,Payne Durham,TB,23,4,10.8,0,0,0,0,0,7,5,58,0,71.4,0,128,846,15.1,0,0,0,0,0,0,0,0,0,0,0,0.72,2.7,2.7,0,0
2023,TE,Ian Thomas,LV,27,5,10.6,0,0,0,0,0,9,5,56,0,55.6,0,216,816,26.5,0,0,0,0,0,0,0,0,0,0,0,0.85,1.7,2.28,0,0
2023,RB,Chris Brooks,GB,23,3,10.6,0,0,0,106,0,0,0,0,0,0.0,0,36,575,6.3,0,0,0,0,0,0,0,0,0,0,0,2.26,3.53,3.53,0,0
2023,WR,Rakim Jarrett,,22,4,10.0,0,0,0,0,0,9,4,60,0,44.4,0,115,656,17.5,0,0,0,0,0,0,0,0,0,0,0,1.52,2.5,2.5,0,0
2023,WR,Chris Conley,,30,1,9.9,0,0,0,0,0,6,3,69,0,50.0,0,110,506,21.7,0,0,0,0,0,0,0,0,0,0,0,0.0,9.9,9.9,0,0
2023,RB,Ty Montgomery,,30,5,9.9,0,0,0,9,0,12,5,40,0,41.7,0,42,830,5.1,0,0,0,0,0,0,0,0,0,0,0,1.14,1.58,2.42,0,0
2023,TE,Peyton Hendershot,,24,4,9.8,0,0,0,0,0,7,4,38,0,57.1,0,159,568,28.0,0,0,0,0,0,0,0,0,0,0,0,1.71,2.45,2.45,0,0
2023,WR,DeAndre Carter,,30,6,9.7,0,0,0,18,0,7,4,39,0,57.1,0,102,1046,9.8,0,0,0,0,0,0,0,0,0,0,0,0.78,1.15,2.03,0,0
2023,QB,Clayton Tune,,24,5,9.48,62,0,2,30,1,0,0,0,0,0.0,1,60,1133,5.3,0,0,0,0,0,0,0,0,0,0,0,2.21,0.85,2.34,0,0
2023,WR,Keelan Doss,,27,2,9.3,0,0,0,0,0,13,6,33,0,46.2,0,98,349,28.1,0,0,0,0,0,0,0,0,0,0,0,2.85,4.65,4.65,0,0
2023,QB,Blaine Gabbert,,33,2,8.9,185,0,3,45,0,0,0,0,0,0.0,0,79,1130,7.0,0,0,0,0,0,0,0,0,0,0,0,5.31,4.45,4.45,0,0
2023,WR,Tyler Johnson,DAL,25,1,8.8,0,0,0,0,0,3,2,8,1,66.7,0,36,142,25.4,0,0,0,0,0,0,0,0,0,0,0,0.0,8.8,8.8,0,0
2023,TE,Jack Stoll,CLE,25,5,8.8,0,0,0,0,0,8,5,38,0,62.5,0,438,1147,38.2,0,0,0,0,0,0,0,0,0,0,0,0.42,1.6,1.88,0,0
2023,TE,Julian Hill,NE,23,4,8.8,0,0,0,0,0,9,6,48,0,66.7,1,343,968,35.4,0,0,0,0,0,0,0,0,0,0,0,1.24,2.2,2.2,0,0
2023,WR,Devin Duvernay,ARI,25,4,8.3,0,0,0,15,0,9,4,18,0,44.4,0,136,874,15.6,0,0,0,0,0,0,0,0,0,0,0,0.85,2.08,2.08,0,0
2023,RB,DeeJay Dallas,JAX,24,9,8.2,0,0,0,36,0,9,6,26,0,66.7,2,96,1051,9.1,0,0,0,0,0,0,0,0,0,0,0,1.1,0.0,1.9,0,0
2023,WR,Britain Covey,PHI,26,2,8.2,0,0,0,0,0,6,4,42,0,66.7,0,58,1147,5.1,0,0,0,0,0,0,0,0,0,0,0,2.4,4.1,4.1,0,0
2023,WR,Tylan Wallace,CLE,24,2,8.1,0,0,0,0,0,2,1,11,0,50.0,0,65,748,8.7,0,0,0,0,0,0,0,0,0,0,0,1.95,4.05,4.05,0,0
2023,TE,Grant Calcaterra,PHI,24,2,7.9,0,0,0,0,0,4,4,39,0,100.0,0,118,1019,11.6,0,0,0,0,0,0,0,0,0,0,0,0.15,3.95,3.95,0,0
2023,WR,Simi Fehoko,ARI,25,1,7.9,0,0,0,0,0,2,1,9,1,50.0,0,24,392,6.1,0,0,0,0,0,0,0,0,0,0,0,0.0,7.9,7.9,0,0
2023,RB,Damien Williams,,31,3,7.5,0,0,0,43,0,2,2,12,0,100.0,0,28,219,12.8,0,0,0,0,0,0,0,0,0,0,0,2.16,2.5,2.5,0,0
2023,TE,Ko Kieft,TB,25,1,7.2,0,0,0,0,0,5,1,2,1,20.0,0,207,1047,19.8,0,0,0,0,0,0,0,0,0,0,0,0.0,7.2,7.2,0,0
2023,QB,Brian Hoyer,,37,2,6.94,231,0,2,-3,0,0,0,0,0,0.0,0,80,443,18.1,0,0,0,0,0,0,0,0,0,0,0,0.31,3.47,3.47,0,0
2023,WR,Elijah Cooks,,24,1,6.8,0,0,0,0,0,4,3,38,0,75.0,0,108,586,18.4,0,0,0,0,0,0,0,0,0,0,0,0.0,6.8,6.8,0,0
2023,WR,Marvin Jones,,33,3,6.5,0,0,0,0,0,10,5,35,0,50.0,1,178,411,43.3,0,0,0,0,0,0,0,0,0,0,0,1.47,2.17,2.17,0,0
2023,RB,Ke'Shawn Vaughn,,26,5,6.4,0,0,0,42,0,5,2,2,0,40.0,0,60,381,15.7,0,0,0,0,0,0,0,0,0,0,0,0.98,0.88,1.58,0,0
2023,TE,Charlie Woerner,ATL,25,3,6.2,0,0,0,0,0,3,3,32,0,100.0,0,312,1066,29.3,0,0,0,0,0,0,0,0,0,0,0,0.7,2.07,2.07,0,0
2023,TE,Nate Adkins,DEN,24,3,6.2,0,0,0,0,0,5,4,22,0,80.0,0,60,621,9.7,0,0,0,0,0,0,0,0,0,0,0,0.61,2.07,2.07,0,0
2023,WR,Jalen Nailor,LV,24,2,5.9,0,0,0,0,0,6,3,29,0,50.0,0,94,396,23.7,0,0,0,0,0,0,0,0,0,0,0,0.35,2.95,2.95,0,0
2023,WR,Zach Pascal,,28,2,5.9,0,0,0,0,0,15,4,19,0,26.7,0,202,938,21.5,0,0,0,0,0,0,0,0,0,0,0,1.05,2.95,2.95,0,0
2023,QB,Brett Rypien,,27,2,5.78,172,0,1,19,0,0,0,0,0,0.0,1,78,883,8.8,0,0,0,0,0,0,0,0,0,0,0,1.21,2.89,2.89,0,0
2023,WR,Steven Sims,,26,2,5.6,0,0,0,1,0,3,3,25,0,100.0,0,10,204,4.9,0,0,0,0,0,0,0,0,0,0,0,1.7,2.8,2.8,0,0
2023,TE,Greg Dulcich,MIA,23,2,5.5,0,0,0,0,0,4,3,25,0,75.0,0,32,116,27.6,0,0,0,0,0,0,0,0,0,0,0,1.45,2.75,2.75,0,0
2023,WR,Michael Strachan,,26,1,5.5,0,0,0,0,0,3,1,45,0,33.3,0,54,271,19.9,0,0,0,0,0,0,0,0,0,0,0,0.0,5.5,5.5,0,0
2023,TE,Teagan Quitoriano,ARI,23,2,5.3,0,0,0,0,0,3,2,33,0,66.7,0,158,467,33.8,0,0,0,0,0,0,0,0,0,0,0,0.55,2.65,2.65,0,0
2023,RB,Sean Tucker,TB,21,3,5.2,0,0,0,23,0,2,2,9,0,100.0,0,32,969,3.3,0,0,0,0,0,0,0,0,0,0,0,1.9,1.73,1.73,0,0
2023,WR,Austin Trammell,JAX,25,3,4.9,0,0,0,0,0,7,4,29,0,57.1,1,73,1067,6.8,0,0,0,0,0,0,0,0,0,0,0,2.98,1.63,1.63,0,0
2023,WR,Trishton Jackson,,25,2,4.9,0,0,0,0,0,4,2,9,0,50.0,0,80,497,16.1,0,0,0,0,0,0,0,0,0,0,0,0.75,2.45,2.45,0,0
2023,RB,Rashaad Penny,,27,3,4.8,0,0,0,33,0,1,1,5,0,100.0,0,31,333,9.3,0,0,0,0,0,0,0,0,0,0,0,0.65,1.6,1.6,0,0
2023,TE,James Mitchell,CAR,24,2,4.8,0,0,0,0,0,2,2,28,0,100.0,0,157,1048,15.0,0,0,0,0,0,0,0,0,0,0,0,1.0,2.4,2.4,0,0
2023,TE,Kenny Yeboah,ARI,24,1,4.8,0,0,0,0,0,4,2,28,0,50.0,0,123,354,34.7,0,0,0,0,0,0,0,0,0,0,0,0.0,4.8,4.8,0,0
2023,WR,Miles Boykin,,26,3,4.7,0,0,0,0,0,4,3,17,0,75.0,0,121,1071,11.3,0,0,0,0,0,0,0,0,0,0,0,0.05,1.57,1.57,0,0
2023,RB,Jashaun Corbin,,23,1,4.3,0,0,0,1,0,3,3,12,0,100.0,0,15,391,3.8,0,0,0,0,0,0,0,0,0,0,0,0.0,4.3,4.3,0,0
2023,QB,Cooper Rush,ATL,29,6,4.26,144,0,1,-5,0,0,0,0,0,0.0,0,69,1184,5.8,0,0,0,0,0,0,0,0,0,0,0,0.8,0.21,1.08,0,0
2023,TE,Eric Saubert,SEA,29,3,4.2,0,0,0,0,0,3,3,12,0,100.0,0,117,665,17.6,0,0,0,0,0,0,0,0,0,0,0,0.14,1.4,1.4,0,0
2023,RB,Leonard Fournette,,28,2,4.0,0,0,0,40,0,0,0,0,0,0.0,0,26,133,19.5,0,0,0,0,0,0,0,0,0,0,0,0.0,2.0,2.0,0,0
2023,RB,Deon Jackson,,24,2,4.0,0,0,0,16,0,6,5,14,0,83.3,2,52,267,19.5,0,0,0,0,0,0,0,0,0,0,0,1.8,2.0,2.0,0,0
2023,K,Austin Seibert,,26,1,4.0,0,0,0,0,0,0,0,0,0,0.0,0,0,47,0.0,1,0,1,0,0,0,0,0,0,0,0,0.0,4.0,4.0,0,0
2023,RB,Elijah Dotson,,24,1,3.9,0,0,0,6,0,2,2,13,0,100.0,0,16,280,5.7,0,0,0,0,0,0,0,0,0,0,0,0.0,3.9,3.9,0,0
2023,WR,Kayshon Boutte,NE,21,2,3.9,0,0,0,0,0,7,2,19,0,28.6,0,116,332,34.9,0,0,0,0,0,0,0,0,0,0,0,0.15,1.95,1.95,0,0
2023,TE,Chris Manhertz,NYG,31,2,3.6,0,0,0,0,0,4,2,16,0,50.0,0,367,1011,36.3,0,0,0,0,0,0,0,0,0,0,0,0.2,1.8,1.8,0,0
2023,WR,Willie Snead,,30,2,3.4,0,0,0,0,0,3,2,14,0,66.7,0,47,246,19.1,0,0,0,0,0,0,0,0,0,0,0,0.2,1.7,1.7,0,0
2023,WR,Malik Taylor,,27,2,3.3,0,0,0,0,0,4,2,13,0,50.0,0,51,211,24.2,0,0,0,0,0,0,0,0,0,0,0,0.05,1.65,1.65,0,0
2023,TE,Nick Muse,DET,24,1,3.2,0,0,0,0,0,1,1,22,0,100.0,0,2,126,1.6,0,0,0,0,0,0,0,0,0,0,0,0.0,3.2,3.2,0,0
2023,RB,Jake Funk,,25,1,3.2,0,0,0,10,0,1,1,12,0,100.0,0,13,277,4.7,0,0,0,0,0,0,0,0,0,0,0,0.0,3.2,3.2,0,0
2023,QB,Jaren Hall,,25,3,3.12,168,0,1,14,0,0,0,0,0,0.0,2,46,522,8.8,0,0,0,0,0,0,0,0,0,0,0,2.31,1.04,1.04,0,0
2023,RB,Kenyan Drake,,29,1,3.1,0,0,0,0,0,3,2,31,0,66.7,1,17,270,6.3,0,0,0,0,0,0,0,0,0,0,0,0.0,3.1,3.1,0,0
2023,RB,Zonovan Knight,ARI,22,2,3.1,0,0,0,13,0,1,1,8,0,100.0,0,9,130,6.9,0,0,0,0,0,0,0,0,0,0,0,0.25,1.55,1.55,0,0
2023,RB,Anthony McFarland,,24,1,3.1,0,0,0,0,0,2,2,11,0,100.0,0,6,186,3.2,0,0,0,0,0,0,0,0,0,0,0,0.0,3.1,3.1,0,0
2023,TE,Trevon Wesco,,27,1,3.1,0,0,0,0,0,3,1,21,0,33.3,0,424,929,45.6,0,0,0,0,0,0,0,0,0,0,0,0.0,3.1,3.1,0,0
2023,QB,Mike White,,28,6,3.06,74,1,1,-9,0,0,0,0,0,0.0,1,53,1098,4.8,0,0,0,0,0,0,0,0,0,0,0,2.82,-0.91,1.62,0,0
2023,QB,Malik Willis,MIA,24,2,3.06,74,0,0,21,0,0,0,0,0,0.0,1,22,683,3.2,0,0,0,0,0,0,0,0,0,0,0,3.13,1.53,1.53,0,0
2023,WR,Gunner Olszewski,NYG,26,3,3.0,0,0,0,0,0,1,1,0,0,100.0,2,13,744,1.7,0,0,0,0,0,0,0,0,0,0,0,3.56,1.0,1.0,0,0
2023,RB,Derrick Gore,,28,2,2.6,0,0,0,26,0,0,0,0,0,0.0,0,24,385,6.2,0,0,0,0,0,0,0,0,0,0,0,1.0,1.3,1.3,0,0
2023,WR,Laquon Treadwell,IND,28,1,2.6,0,0,0,0,0,3,1,16,0,33.3,0,65,310,21.0,0,0,0,0,0,0,0,0,0,0,0,0.0,2.6,2.6,0,0
2023,RB,Reggie Gilliam,NE,26,2,2.3,0,0,0,0,0,1,1,3,0,100.0,0,99,1164,8.5,0,0,0,0,0,0,0,0,0,0,0,0.15,1.15,1.15,0,0
2023,RB,Devine Ozigbo,,26,1,2.3,0,0,0,5,0,1,1,8,0,100.0,0,8,231,3.5,0,0,0,0,0,0,0,0,0,0,0,0.0,2.3,2.3,0,0
2023,TE,John FitzPatrick,,23,1,2.2,0,0,0,0,0,1,1,12,0,100.0,0,18,625,2.9,0,0,0,0,0,0,0,0,0,0,0,0.0,2.2,2.2,0,0
2023,WR,Erik Ezukanma,PHI,23,2,2.2,0,0,0,22,0,1,0,0,0,0.0,0,29,130,22.3,0,0,0,0,0,0,0,0,0,0,0,0.6,1.1,1.1,0,0
2023,TE,Ross Dwelley,,28,1,2.2,0,0,0,0,0,2,1,12,0,50.0,0,76,755,10.1,0,0,0,0,0,0,0,0,0,0,0,0.0,2.2,2.2,0,0
2023,WR,Collin Johnson,,25,1,2.1,0,0,0,0,0,1,1,11,0,100.0,0,40,192,20.8,0,0,0,0,0,0,0,0,0,0,0,0.0,2.1,2.1,0,0
2023,RB,Chris Evans,,25,1,2.1,0,0,0,12,0,1,1,-1,0,100.0,0,24,503,4.8,0,0,0,0,0,0,0,0,0,0,0,0.0,2.1,2.1,0,0
2023,RB,Tyrion Davis-Price,,22,1,2.1,0,0,0,21,0,0,0,0,0,0.0,0,7,126,5.6,0,0,0,0,0,0,0,0,0,0,0,0.0,2.1,2.1,0,0
2023,WR,Cody Thompson,,27,1,2.0,0,0,0,0,0,1,1,10,0,100.0,0,23,456,5.0,0,0,0,0,0,0,0,0,0,0,0,0.0,2.0,2.0,0,0
2023,WR,DJ Turner,HOU,26,1,2.0,0,0,0,0,0,0,0,0,0,0.0,0,12,603,2.0,0,0,0,0,0,0,0,0,0,0,0,0.0,2.0,2.0,0,0
2023,RB,Zach Evans,,22,3,1.9,0,0,0,19,0,0,0,0,0,0.0,0,16,656,2.4,0,0,0,0,0,0,0,0,0,0,0,0.29,0.63,0.63,0,0
2023,TE,Tucker Fisk,,24,1,1.9,0,0,0,0,0,1,1,9,0,100.0,0,72,370,19.5,0,0,0,0,0,0,0,0,0,0,0,0.0,1.9,1.9,0,0
2023,RB,Evan Hull,ARI,22,1,1.7,0,0,0,1,0,1,1,6,0,100.0,0,8,72,11.1,0,0,0,0,0,0,0,0,0,0,0,0.0,1.7,1.7,0,0
2023,TE,Kevin Rader,,28,1,1.6,0,0,0,0,0,3,1,6,0,33.3,0,146,874,16.7,0,0,0,0,0,0,0,0,0,0,0,0.0,1.6,1.6,0,0
2023,WR,Mason Kinsey,TEN,25,1,1.6,0,0,0,0,0,1,1,6,0,100.0,0,25,353,7.1,0,0,0,0,0,0,0,0,0,0,0,0.0,1.6,1.6,0,0
2023,TE,Cole Fotheringham,,25,1,1.6,0,0,0,0,0,1,1,6,0,100.0,0,21,130,16.2,0,0,0,0,0,0,0,0,0,0,0,0.0,1.6,1.6,0,0
2023,TE,Jesper Horsted,,26,1,1.4,0,0,0,0,0,1,1,4,0,100.0,0,8,796,1.0,0,0,0,0,0,0,0,0,0,0,0,0.0,1.4,1.4,0,0
2023,TE,Nick Vannett,SEA,30,1,1.3,0,0,0,0,0,1,1,3,0,100.0,0,125,546,22.9,0,0,0,0,0,0,0,0,0,0,0,0.0,1.3,1.3,0,0
2023,WR,Colton Dowell,SF,24,1,1.3,0,0,0,0,0,2,1,3,0,50.0,0,51,614,8.3,0,0,0,0,0,0,0,0,0,0,0,0.0,1.3,1.3,0,0
2023,RB,Kene Nwangwu,NYJ,25,3,1.3,0,0,0,13,0,0,0,0,0,0.0,0,13,593,2.2,0,0,0,0,0,0,0,0,0,0,0,0.34,0.43,0.43,0,0
2023,QB,Sean Clifford,CIN,25,1,1.28,37,0,0,-2,0,0,0,0,0,0.0,0,13,1096,1.2,0,0,0,0,0,0,0,0,0,0,0,0.0,1.28,1.28,0,0
2023,WR,Antoine Green,,23,1,1.2,0,0,0,0,0,2,1,2,0,50.0,0,106,695,15.3,0,0,0,0,0,0,0,0,0,0,0,0.0,1.2,1.2,0,0
2023,WR,Kwamie Lassiter,,25,1,1.2,0,0,0,0,0,1,1,2,0,100.0,0,5,82,6.1,0,0,0,0,0,0,0,0,0,0,0,0.0,1.2,1.2,0,0
2023,RB,Jonathan Ward,,25,1,1.1,0,0,0,11,0,0,0,0,0,0.0,0,10,515,1.9,0,0,0,0,0,0,0,0,0,0,0,0.0,1.1,1.1,0,0
2023,RB,James Robinson,,25,1,1.0,0,0,0,2,0,1,1,-2,0,100.0,0,4,120,3.3,0,0,0,0,0,0,0,0,0,0,0,0.0,1.0,1.0,0,0
2023,TE,David Wells,,28,1,1.0,0,0,0,0,0,2,2,-10,0,100.0,0,43,313,13.7,0,0,0,0,0,0,0,0,0,0,0,0.0,1.0,1.0,0,0
2023,QB,AJ McCarron,,32,2,0.76,19,0,0,0,0,0,0,0,0,0.0,0,17,448,3.8,0,0,0,0,0,0,0,0,0,0,0,0.42,0.38,0.38,0,0
2023,QB,Logan Woodside,,28,1,0.68,27,0,1,6,0,0,0,0,0,0.0,0,10,61,16.4,0,0,0,0,0,0,0,0,0,0,0,0.0,0.68,0.68,0,0
2023,WR,Dee Eskridge,,26,2,0.5,0,0,0,5,0,1,0,0,0,0.0,0,18,228,7.9,0,0,0,0,0,0,0,0,0,0,0,0.75,0.25,0.25,0,0
2024,QB,Lamar Jackson,BAL,27,17,434.38,4172,41,4,915,4,0,0,0,0,0.0,5,1074,1110,96.8,0,0,0,0,0,0,0,0,0,0,0,5.71,18.67,34.22,17,14
2024,WR,Ja'Marr Chase,CIN,24,17,403.0,0,0,0,32,0,175,127,1708,17,72.6,0,1054,1137,92.7,0,0,0,0,0,0,0,0,0,0,0,12.48,10.8,42.9,16,9
2024,QB,Josh Allen,BUF,28,16,385.04,3731,28,6,531,12,0,0,7,1,0.0,2,968,1088,89.0,0,0,0,0,0,0,0,0,0,0,0,11.01,10.97,38.82,14,12
2024,QB,Joe Burrow,CIN,27,17,381.82,4918,43,9,201,2,0,0,0,0,0.0,5,1132,1137,99.6,0,0,0,0,0,0,0,0,0,0,0,8.04,12.71,33.91,16,9
2024,QB,Baker Mayfield,TB,29,17,381.8,4500,41,16,378,3,0,0,0,0,0.0,2,1123,1142,98.3,0,0,0,0,0,0,0,0,0,0,0,7.16,12.17,30.56,15,11
2024,QB,Jayden Daniels,WAS,23,17,364.82,3568,25,9,891,6,0,0,0,0,0.0,0,1062,1163,91.3,0,0,0,0,0,0,0,0,0,0,0,9.31,7.87,32.56,14,11
2024,RB,Jahmyr Gibbs,DET,22,17,362.9,0,0,0,1412,16,63,52,517,4,82.5,1,639,1146,55.8,0,0,0,0,0,0,0,0,0,0,0,8.46,12.48,33.17,17,7
2024,RB,Saquon Barkley,PHI,27,16,355.3,0,0,0,2005,13,43,33,278,2,76.7,1,801,1089,73.6,0,0,0,0,0,0,0,0,0,0,0,11.06,9.43,36.7,13,7
2024,RB,Bijan Robinson,ATL,22,17,341.7,0,0,0,1456,14,72,61,431,1,84.7,0,861,1143,75.3,0,0,0,0,0,0,0,0,0,0,0,6.44,11.4,27.93,17,10
2024,QB,Jared Goff,DET,29,17,336.46,4629,37,12,56,0,1,1,7,1,100.0,0,1113,1146,97.1,0,0,0,0,0,0,0,0,0,0,0,8.81,10.6,32.16,16,7
2024,RB,Derrick Henry,BAL,30,17,336.4,0,0,0,1921,16,22,19,193,2,86.4,1,635,1110,57.2,0,0,0,0,0,0,0,0,0,0,0,8.01,10.45,30.68,16,8
2024,QB,Bo Nix,DEN,24,17,329.2,3775,29,12,430,4,1,1,2,1,100.0,0,1088,1102,98.7,0,0,0,0,0,0,0,0,0,0,0,6.81,11.03,28.81,16,7
2024,QB,Jalen Hurts,PHI,26,15,320.12,2903,18,5,630,14,0,0,0,0,0.0,5,934,1024,91.2,0,0,0,0,0,0,0,0,0,0,0,7.68,11.97,30.96,14,8
2024,QB,Sam Darnold,SEA,27,17,319.96,4319,35,12,212,1,0,0,0,0,0.0,4,1110,1117,99.4,0,0,0,0,0,0,0,0,0,0,0,7.0,8.65,26.81,14,9
2024,WR,Justin Jefferson,MIN,25,17,317.48,22,0,0,3,0,154,103,1533,10,66.9,0,1043,1117,93.4,0,0,0,0,0,0,0,0,0,0,0,7.55,9.25,28.37,14,8
2024,WR,Amon-Ra St. Brown,DET,24,17,316.18,7,1,0,6,0,141,115,1263,12,81.6,1,1010,1146,88.1,0,0,0,0,0,0,0,0,0,0,0,8.83,8.88,31.03,15,6
2024,QB,Kyler Murray,MIN,27,17,308.24,3851,21,11,572,5,0,0,0,0,0.0,4,1065,1096,97.2,0,0,0,0,0,0,0,0,0,0,0,6.95,9.03,27.57,15,7
2024,RB,De'Von Achane,MIA,22,17,299.9,0,0,0,907,6,87,78,592,6,89.7,0,704,1138,61.9,0,0,0,0,0,0,0,0,0,0,0,8.96,5.8,29.83,13,8
2024,QB,Patrick Mahomes,KC,28,16,294.02,3928,26,11,307,2,1,1,2,0,100.0,0,1106,1114,99.3,0,0,0,0,0,0,0,0,0,0,0,4.58,14.15,25.75,16,4
2024,RB,Josh Jacobs,GB,26,17,293.1,0,0,0,1329,15,43,36,342,1,83.7,3,678,1084,62.5,0,0,0,0,0,0,0,0,0,0,0,6.28,10.03,25.53,16,8
2024,QB,Justin Herbert,LAC,26,17,288.4,3870,23,3,306,2,0,0,0,0,0.0,2,1045,1067,97.9,0,0,0,0,0,0,0,0,0,0,0,6.01,9.63,25.23,15,5
2024,WR,Brian Thomas,JAX,21,17,284.0,0,0,0,48,0,133,87,1282,10,65.4,0,821,1033,79.5,0,0,0,0,0,0,0,0,0,0,0,7.83,6.23,26.95,13,6
2024,QB,Geno Smith,NYJ,33,17,281.0,4320,21,15,272,2,0,0,0,0,0.0,0,1075,1100,97.7,0,0,0,0,0,0,0,0,0,0,0,5.92,8.82,24.35,14,5
2024,WR,Drake London,ATL,23,17,280.8,0,0,0,-3,0,158,100,1271,9,63.3,0,1032,1143,90.3,0,0,0,0,0,0,0,0,0,0,0,8.76,7.68,28.05,14,2
2024,QB,Brock Purdy,SF,24,15,278.86,3864,20,12,323,5,0,0,0,0,0.0,3,944,954,99.0,0,0,0,0,0,0,0,0,0,0,0,7.9,8.11,27.04,13,8
2024,WR,Malik Nabers,NYG,21,15,273.6,0,0,0,2,0,170,109,1204,7,64.1,0,886,974,91.0,0,0,0,0,0,0,0,0,0,0,0,7.71,10.73,29.3,14,5
2024,RB,Kyren Williams,LAR,24,16,272.1,0,0,0,1299,14,40,34,182,2,85.0,3,888,1024,86.7,0,0,0,0,0,0,0,0,0,0,0,5.73,10.38,24.58,15,4
2024,WR,Terry McLaurin,WAS,28,17,267.8,0,0,0,2,0,117,82,1096,13,70.1,1,935,1163,80.4,0,0,0,0,0,0,0,0,0,0,0,7.59,3.85,24.53,13,5
2024,QB,Aaron Rodgers,PIT,40,17,267.58,3897,28,11,107,0,0,0,0,0,0.0,2,1030,1066,96.6,0,0,0,0,0,0,0,0,0,0,0,6.65,6.93,24.35,14,4
2024,RB,James Cook,BUF,24,16,266.7,0,0,0,1009,16,38,32,258,2,84.2,0,485,1019,47.6,0,0,0,0,0,0,0,0,0,0,0,7.69,7.18,27.68,12,4
2024,RB,Alvin Kamara,NO,29,14,265.3,0,0,0,950,6,89,68,543,2,76.4,0,641,906,70.8,0,0,0,0,0,0,0,0,0,0,0,8.48,11.7,29.6,13,4
2024,WR,CeeDee Lamb,DAL,25,15,263.4,0,0,0,70,0,152,101,1194,6,66.4,1,826,1031,80.1,0,0,0,0,0,0,0,0,0,0,0,8.08,8.6,27.8,12,4
2024,TE,Brock Bowers,LV,21,17,262.7,0,0,0,13,0,153,112,1194,5,73.2,0,956,1123,85.1,0,0,0,0,0,0,0,0,0,0,0,7.66,6.63,26.53,12,4
2024,QB,Caleb Williams,CHI,22,17,260.54,3541,20,6,489,0,0,0,0,0,0.0,5,1123,1136,98.9,0,0,0,0,0,0,0,0,0,0,0,7.55,7.57,26.56,10,5
2024,RB,Chase Brown,CIN,24,16,255.0,0,0,0,990,7,65,54,360,4,83.1,1,687,1063,64.6,0,0,0,0,0,0,0,0,0,0,0,7.27,6.15,25.13,12,5
2024,RB,James Conner,ARI,29,16,254.8,0,0,0,1094,8,55,47,414,1,85.5,1,619,1031,60.0,0,0,0,0,0,0,0,0,0,0,0,7.62,5.7,25.48,12,4
2024,WR,Jaxon Smith-Njigba,SEA,22,17,253.0,35,0,0,26,0,137,100,1130,6,73.0,0,948,1100,86.2,0,0,0,0,0,0,0,0,0,0,0,8.54,5.18,26.63,12,4
2024,WR,Garrett Wilson,NYJ,24,17,251.9,0,0,0,5,0,154,101,1104,7,65.6,2,1025,1066,96.2,0,0,0,0,0,0,0,0,0,0,0,7.02,7.78,25.55,12,3
2024,TE,Trey McBride,ARI,24,16,249.8,0,0,0,2,1,147,111,1146,2,75.5,0,934,1037,90.1,0,0,0,0,0,0,0,0,0,0,0,6.92,7.15,24.65,13,4
2024,QB,Jordan Love,GB,25,15,244.86,3389,25,11,83,1,0,0,0,0,0.0,0,868,951,91.3,0,0,0,0,0,0,0,0,0,0,0,6.81,8.23,24.5,13,3
2024,RB,Jonathan Taylor,IND,25,14,244.7,0,0,0,1431,11,31,18,136,1,58.1,1,707,885,79.9,0,0,0,0,0,0,0,0,0,0,0,9.4,7.38,29.73,11,4
2024,RB,Bucky Irving,TB,22,17,244.4,0,0,0,1122,8,52,47,392,0,90.4,1,516,1142,45.2,0,0,0,0,0,0,0,0,0,0,0,7.37,4.25,24.05,12,3
2024,RB,Aaron Jones,MIN,29,17,241.6,0,0,0,1138,5,62,51,408,2,82.3,3,700,1117,62.7,0,0,0,0,0,0,0,0,0,0,0,5.3,7.8,21.3,13,2
2024,RB,Chuba Hubbard,CAR,25,15,241.6,0,0,0,1195,10,54,43,171,1,79.6,3,712,920,77.4,0,0,0,0,0,0,0,0,0,0,0,8.66,5.43,26.85,11,6
2024,WR,Davante Adams,LAR,31,14,241.3,0,0,0,0,0,141,85,1063,8,60.3,0,792,863,91.8,0,0,0,0,0,0,0,0,0,0,0,9.64,8.13,29.2,9,5
2024,WR,Jerry Jeudy,CLE,25,17,240.9,0,0,0,0,0,145,90,1229,4,62.1,0,1061,1180,89.9,0,0,0,0,0,0,0,0,0,0,0,9.29,3.48,27.48,12,4
2024,RB,Breece Hall,NYJ,23,16,240.9,0,0,0,876,5,76,57,483,3,75.0,2,720,998,72.1,0,0,0,0,0,0,0,0,0,0,0,7.74,5.7,25.88,11,4
2024,WR,Ladd McConkey,LAC,22,16,240.9,0,0,0,0,0,112,82,1149,7,73.2,0,735,1007,73.0,0,0,0,0,0,0,0,0,0,0,0,6.97,6.88,24.38,11,3
2024,RB,Joe Mixon,,28,14,240.5,0,0,0,1016,11,52,36,309,1,69.2,0,557,897,62.1,0,0,0,0,0,0,0,0,0,0,0,9.42,6.45,28.92,9,6
2024,WR,Mike Evans,SF,31,14,240.4,0,0,0,0,0,110,74,1004,11,67.3,0,671,953,70.4,0,0,0,0,0,0,0,0,0,0,0,9.66,6.45,28.95,10,6
2024,WR,Courtland Sutton,DEN,28,16,240.3,30,1,0,0,0,135,81,1081,8,60.0,1,936,1102,84.9,0,0,0,0,0,0,0,0,0,0,0,6.4,6.65,23.2,12,3
2024,WR,DJ Moore,BUF,27,17,238.1,0,0,0,75,0,140,98,966,6,70.0,1,1066,1136,93.8,0,0,0,0,0,0,0,0,0,0,0,6.89,6.1,25.05,12,4
2024,TE,George Kittle,SF,30,15,236.6,0,0,0,0,0,94,78,1106,8,83.0,0,808,945,85.5,0,0,0,0,0,0,0,0,0,0,0,6.63,6.13,22.33,12,6
2024,QB,C.J. Stroud,HOU,22,17,232.38,3727,20,12,233,0,1,0,0,0,0.0,4,1035,1107,93.5,0,0,0,0,0,0,0,0,0,0,0,4.81,7.49,19.9,14,1
2024,QB,Matthew Stafford,LAR,36,16,222.58,3762,20,8,41,0,0,0,0,0,0.0,2,1024,1024,100.0,0,0,0,0,0,0,0,0,0,0,0,6.86,6.12,23.4,10,3
2024,TE,Jonnu Smith,,29,16,222.3,0,0,0,-1,0,111,88,884,8,79.3,1,626,1138,55.0,0,0,0,0,0,0,0,0,0,0,0,7.42,4.75,23.93,11,4
2024,WR,Tee Higgins,CIN,25,12,222.1,0,0,0,0,0,109,73,911,10,67.0,1,636,808,78.7,0,0,0,0,0,0,0,0,0,0,0,9.97,8.13,29.75,9,3
2024,RB,David Montgomery,HOU,27,14,221.72,3,1,0,775,12,38,36,341,0,94.7,1,390,942,41.4,0,0,0,0,0,0,0,0,0,0,0,4.62,10.18,21.53,12,3
2024,WR,Tyreek Hill,,30,17,218.2,0,0,0,53,0,123,81,959,6,65.9,0,906,1138,79.6,0,0,0,0,0,0,0,0,0,0,0,7.25,4.63,23.48,10,3
2024,WR,Jakobi Meyers,JAX,27,15,218.0,0,0,0,23,0,129,87,1027,4,67.4,0,898,981,91.5,0,0,0,0,0,0,0,0,0,0,0,5.89,7.8,22.28,10,3
2024,WR,A.J. Brown,NE,27,13,216.9,0,0,0,0,0,97,67,1079,7,69.1,0,766,889,86.2,0,0,0,0,0,0,0,0,0,0,0,6.37,9.25,23.8,11,5
2024,RB,D'Andre Swift,CHI,25,17,214.5,0,0,0,959,6,52,42,386,0,80.8,0,751,1136,66.1,0,0,0,0,0,0,0,0,0,0,0,6.56,5.93,22.58,8,2
2024,WR,Jordan Addison,MIN,22,15,212.5,0,0,0,20,1,99,63,875,9,63.6,0,818,1000,81.8,0,0,0,0,0,0,0,0,0,0,0,10.04,4.15,27.83,8,3
2024,WR,Jameson Williams,DET,23,15,212.2,0,0,0,61,1,91,58,1001,7,63.7,0,826,1041,79.3,0,0,0,0,0,0,0,0,0,0,0,7.65,4.88,24.38,10,4
2024,WR,Nico Collins,HOU,25,12,210.6,0,0,0,0,0,99,68,1006,7,68.7,0,502,759,66.1,0,0,0,0,0,0,0,0,0,0,0,6.77,10.98,25.18,10,3
2024,WR,Jauan Jennings,MIN,27,15,210.5,0,0,0,0,0,113,77,975,6,68.1,0,689,948,72.7,0,0,0,0,0,0,0,0,0,0,0,11.04,4.7,28.98,8,3
2024,WR,Zay Flowers,BAL,23,17,209.5,0,0,0,56,0,116,74,1059,4,63.8,0,832,1110,75.0,0,0,0,0,0,0,0,0,0,0,0,7.62,3.55,23.3,11,3
2024,WR,Puka Nacua,LAR,23,11,206.6,0,0,0,46,1,106,79,990,3,74.5,0,487,720,67.6,0,0,0,0,0,0,0,0,0,0,0,9.6,10.3,27.67,9,4
2024,RB,Najee Harris,,26,17,204.6,0,0,0,1043,6,48,36,283,0,75.0,0,569,1129,50.4,0,0,0,0,0,0,0,0,0,0,0,5.32,5.78,19.35,11,2
2024,QB,Bryce Young,CAR,23,14,204.02,2403,15,9,249,6,0,0,0,0,0.0,2,728,1034,70.4,0,0,0,0,0,0,0,0,0,0,0,9.42,4.17,26.03,11,3
2024,RB,Tony Pollard,TEN,27,16,200.7,0,0,0,1079,5,57,41,238,0,71.9,2,701,1025,68.4,0,0,0,0,0,0,0,0,0,0,0,5.32,6.25,19.38,9,1
2024,RB,Rachaad White,WAS,25,15,199.6,0,0,0,613,3,57,51,393,6,89.5,3,591,1065,55.5,0,0,0,0,0,0,0,0,0,0,0,6.77,6.25,22.4,10,2
2024,WR,DeVonta Smith,PHI,25,13,199.4,0,0,0,1,0,89,68,833,8,76.4,0,801,903,88.7,0,0,0,0,0,0,0,0,0,0,0,8.26,5.55,24.78,10,4
2024,WR,Calvin Ridley,TEN,29,17,199.2,0,0,0,55,1,120,64,1017,4,53.3,1,888,1094,81.2,0,0,0,0,0,0,0,0,0,0,0,7.22,2.95,22.38,9,3
2024,RB,Rico Dowdle,PIT,26,16,197.8,0,0,0,1079,2,49,39,249,3,79.6,2,636,1109,57.3,0,0,0,0,0,0,0,0,0,0,0,5.17,6.57,19.7,9,2
2024,WR,Jayden Reed,GB,24,16,197.0,0,0,0,163,1,75,55,857,6,73.3,1,685,1084,63.2,0,0,0,0,0,0,0,0,0,0,0,8.27,3.83,24.05,9,2
2024,WR,Marvin Harrison,ARI,22,16,196.5,0,0,0,0,0,116,62,885,8,53.4,1,865,1096,78.9,0,0,0,0,0,0,0,0,0,0,0,7.52,3.78,21.7,8,2
2024,TE,Travis Kelce,KC,34,16,195.4,0,0,0,1,0,133,97,823,3,72.9,1,940,1114,84.4,0,0,0,0,0,0,0,0,0,0,0,7.16,4.13,22.45,8,4
2024,WR,Darnell Mooney,NYG,26,15,193.2,0,0,0,0,0,106,64,992,5,60.4,0,988,1064,92.9,0,0,0,0,0,0,0,0,0,0,0,7.6,4.47,22.53,8,2
2024,QB,Kirk Cousins,LV,36,14,192.32,3508,18,16,0,0,0,0,0,0,0.0,2,913,1143,79.9,0,0,0,0,0,0,0,0,0,0,0,8.33,6.93,24.83,8,2
2024,RB,J.K. Dobbins,DEN,25,13,191.8,0,0,0,905,9,38,32,153,0,84.2,0,533,844,63.2,0,0,0,0,0,0,0,0,0,0,0,5.63,8.75,21.6,8,3
2024,WR,DK Metcalf,PIT,26,15,191.2,0,0,0,0,0,108,66,992,5,61.1,2,831,969,85.8,0,0,0,0,0,0,0,0,0,0,0,6.28,6.6,21.15,8,2
2024,TE,Mark Andrews,BAL,28,15,188.8,0,0,0,5,0,69,55,673,11,79.7,0,682,1110,61.4,0,0,0,0,0,0,0,0,0,0,0,5.27,5.33,18.35,10,1
2024,QB,Tua Tagovailoa,ATL,26,11,188.58,2867,19,7,49,0,0,0,0,0,0.0,2,717,740,96.9,0,0,0,0,0,0,0,0,0,0,0,7.07,9.25,25.19,8,4
2024,K,Chris Boswell,PIT,33,17,188.0,0,0,0,0,0,0,0,0,0,0.0,0,0,1129,0.0,35,0,41,0,0,0,0,0,0,0,0,6.29,5.25,20.5,7,2
2024,WR,Xavier Worthy,KC,21,16,187.2,0,0,0,104,3,98,59,638,6,60.2,0,757,1148,65.9,0,0,0,0,0,0,0,0,0,0,0,7.1,2.58,20.95,9,3
2024,QB,Drake Maye,NE,22,12,187.14,2276,15,10,421,2,0,0,0,0,0.0,6,681,1093,62.3,0,0,0,0,0,0,0,0,0,0,0,5.47,9.06,20.44,10,3
2024,RB,Zach Charbonnet,SEA,23,17,186.9,0,0,0,569,8,52,42,340,1,80.8,0,568,1100,51.6,0,0,0,0,0,0,0,0,0,0,0,9.12,2.48,23.88,9,2
2024,DST,DEN Defense,DEN,,17,186.0,0,0,0,0,0,0,0,0,0,0.0,0,0,0,0.0,0,0,0,63,15,8,5,2,0,311,5391,6.73,2.5,20.0,8,2
2024,WR,Keenan Allen,,32,15,185.4,0,0,1,0,0,121,70,744,7,57.9,0,850,976,87.1,0,0,0,0,0,0,0,0,0,0,0,8.27,5.33,24.53,5,5
2024,K,Brandon Aubrey,DAL,29,16,185.0,0,0,0,0,0,0,0,0,0,0.0,0,0,1171,0.0,30,0,40,0,0,0,0,0,0,0,0,4.69,6.75,18.5,7,2
2024,WR,Josh Downs,IND,23,14,183.5,0,0,0,12,0,107,72,803,5,67.3,0,602,924,65.2,0,0,0,0,0,0,0,0,0,0,0,6.9,4.35,20.83,9,2
2024,WR,Wan'Dale Robinson,TEN,23,17,182.7,0,0,0,18,0,140,93,699,3,66.4,0,857,1125,76.2,0,0,0,0,0,0,0,0,0,0,0,4.25,5.55,16.63,8,0
2024,WR,Khalil Shakir,BUF,24,15,182.5,0,0,0,4,0,100,76,821,4,76.0,0,586,1027,57.1,0,0,0,0,0,0,0,0,0,0,0,5.38,5.15,19.15,11,1
2024,RB,Tyrone Tracy,NYG,24,17,182.3,0,0,0,839,5,53,38,284,1,71.7,2,651,1125,57.9,0,0,0,0,0,0,0,0,0,0,0,6.87,2.38,20.48,7,2
2024,RB,Kenneth Walker,KC,23,11,181.2,0,0,0,573,7,53,46,299,1,86.8,0,469,736,63.7,0,0,0,0,0,0,0,0,0,0,0,7.14,10.53,24.18,9,3
2024,QB,Russell Wilson,,35,11,177.78,2482,16,5,155,2,0,0,0,0,0.0,4,719,799,90.0,0,0,0,0,0,0,0,0,0,0,0,6.02,10.26,22.63,9,2
2024,TE,Zach Ertz,,33,17,177.4,0,0,0,0,0,91,66,654,7,72.5,0,771,1163,66.3,0,0,0,0,0,0,0,0,0,0,0,6.23,2.8,18.77,9,1
2024,RB,Rhamondre Stevenson,NE,26,15,175.9,0,0,0,801,7,41,33,168,1,80.5,3,599,1027,58.3,0,0,0,0,0,0,0,0,0,0,0,7.53,2.05,21.68,8,3
2024,QB,Anthony Richardson,IND,22,11,175.36,1814,8,12,499,6,1,1,-1,0,100.0,3,620,792,78.3,0,0,0,0,0,0,0,0,0,0,0,7.55,8.4,24.89,8,4
2024,WR,Cooper Kupp,SEA,31,11,175.0,0,0,0,10,0,100,67,710,6,67.0,0,637,772,82.5,0,0,0,0,0,0,0,0,0,0,0,9.21,5.43,25.55,7,4
2024,WR,Quentin Johnston,LAC,22,14,174.7,0,0,0,6,0,91,55,711,8,60.4,0,656,935,70.2,0,0,0,0,0,0,0,0,0,0,0,8.08,3.88,22.88,8,3
2024,TE,Sam LaPorta,DET,23,16,174.6,0,0,0,0,0,83,60,726,7,72.3,0,910,1067,85.3,0,0,0,0,0,0,0,0,0,0,0,5.17,4.13,17.23,9,0
2024,WR,Rashod Bateman,BAL,24,16,174.6,0,0,0,0,0,72,45,756,9,62.5,0,766,1110,69.0,0,0,0,0,0,0,0,0,0,0,0,6.53,3.58,20.27,8,2
2024,K,Cameron Dicker,LAC,24,17,173.0,0,0,0,0,0,0,0,0,0,0.0,0,0,1067,0.0,33,3,39,0,0,0,0,0,0,0,0,5.01,3.75,17.0,8,1
2024,DST,MIN Defense,MIN,,17,169.0,0,0,0,0,0,0,0,0,0,0.0,0,0,0,0.0,0,0,0,49,24,7,3,0,2,324,5702,4.84,4.5,16.25,8,1
2024,TE,Pat Freiermuth,PIT,25,17,168.3,0,0,0,0,0,78,65,653,7,83.3,2,776,1129,68.7,0,0,0,0,0,0,0,0,0,0,0,5.3,3.88,17.95,7,1
2024,WR,Michael Pittman,PIT,26,16,165.8,0,0,0,0,0,111,69,808,3,62.2,1,904,1023,88.4,0,0,0,0,0,0,0,0,0,0,0,5.93,3.5,18.38,6,1
2024,WR,George Pickens,DAL,23,14,164.4,0,0,0,-6,0,103,59,900,3,57.3,1,774,961,80.5,0,0,0,0,0,0,0,0,0,0,0,5.93,4.88,18.98,8,2
2024,K,Ka'imi Fairbairn,HOU,30,15,164.0,0,0,0,0,0,0,0,0,0,0.0,0,0,1107,0.0,34,2,36,0,0,0,0,0,0,0,0,4.23,5.75,16.5,8,0
2024,TE,Tucker Kraft,GB,23,16,163.3,0,0,0,6,0,70,50,707,7,71.4,1,925,1084,85.3,0,0,0,0,0,0,0,0,0,0,0,5.71,4.22,18.18,7,1
2024,WR,Alec Pierce,IND,24,14,161.4,0,0,0,0,0,69,37,824,7,53.6,0,817,1025,79.7,0,0,0,0,0,0,0,0,0,0,0,7.58,3.1,21.55,7,3
2024,K,Jason Sanders,NYJ,28,17,160.0,0,0,0,0,0,0,0,0,0,0.0,0,0,1138,0.0,26,2,37,0,0,0,0,0,0,0,0,4.77,3.0,15.75,7,1
2024,K,Chase McLaughlin,TB,28,17,160.0,0,0,0,0,0,0,0,0,0,0.0,0,0,1142,0.0,54,2,30,0,0,0,0,0,0,0,0,4.56,3.5,16.0,6,0
2024,RB,Brian Robinson,ATL,25,14,159.8,0,0,0,799,8,25,20,159,0,80.0,2,505,978,51.6,0,0,0,0,0,0,0,0,0,0,0,5.56,4.18,17.68,9,1
2024,DST,GB Defense,GB,,17,158.0,0,0,0,0,0,0,0,0,0,0.0,0,0,0,0.0,0,0,0,45,17,12,1,0,2,326,5347,5.97,2.5,18.0,7,1
2024,DST,PIT Defense,PIT,,16,158.0,0,0,0,0,0,0,0,0,0,0.0,0,0,0,0.0,0,0,0,40,17,12,1,0,3,335,5554,3.95,4.75,15.0,6,0
2024,RB,Javonte Williams,DAL,24,17,157.9,0,0,0,513,4,70,52,346,0,74.3,2,574,1102,52.1,0,0,0,0,0,0,0,0,0,0,0,6.31,2.6,18.3,7,1
2024,K,Wil Lutz,DEN,30,16,157.0,0,0,0,0,0,0,0,0,0,0.0,0,0,1102,0.0,46,0,31,0,0,0,0,0,0,0,0,5.2,4.25,17.25,7,1
2024,QB,Derek Carr,,33,10,155.9,2145,15,5,71,1,0,0,0,0,0.0,0,604,638,94.7,0,0,0,0,0,0,0,0,0,0,0,4.7,11.11,20.83,8,3
2024,RB,Kareem Hunt,,29,13,155.4,0,0,0,728,7,32,23,176,0,71.9,0,477,955,49.9,0,0,0,0,0,0,0,0,0,0,0,5.99,4.83,19.18,8,1
2024,K,Jake Bates,DET,25,17,155.0,0,0,0,0,0,0,0,0,0,0.0,0,1,1146,0.1,64,3,26,0,0,0,0,0,0,0,0,3.74,4.5,13.75,6,0
2024,WR,Deebo Samuel,SF,28,14,153.6,0,0,0,136,1,81,51,670,3,63.0,1,682,932,73.2,0,0,0,0,0,0,0,0,0,0,0,6.96,3.75,20.63,7,2
2024,QB,Trevor Lawrence,JAX,24,10,152.2,2045,11,7,119,3,0,0,-5,0,0.0,1,536,604,88.7,0,0,0,0,0,0,0,0,0,0,0,6.47,9.06,21.55,9,3
2024,WR,Jalen Tolbert,MIA,25,16,152.0,0,0,0,0,0,79,49,610,7,62.0,0,892,1171,76.2,0,0,0,0,0,0,0,0,0,0,0,4.72,4.03,15.73,7,1
2024,WR,Jaylen Waddle,DEN,25,14,149.6,0,0,0,12,0,83,58,744,2,69.9,0,793,1071,74.0,0,0,0,0,0,0,0,0,0,0,0,6.57,5.5,19.2,4,2
2024,TE,David Njoku,LAC,28,11,148.5,0,0,0,0,0,97,64,505,5,66.0,0,589,782,75.3,0,0,0,0,0,0,0,0,0,0,0,7.53,5.58,21.53,6,2
2024,WR,DeMario Douglas,NE,23,16,147.7,0,0,0,16,0,87,66,621,3,75.9,0,679,1093,62.1,0,0,0,0,0,0,0,0,0,0,0,4.8,3.53,15.63,7,1
2024,WR,DeAndre Hopkins,,32,16,147.0,0,0,0,0,0,80,56,610,5,70.0,0,533,1119,47.6,0,0,0,0,0,0,0,0,0,0,0,7.1,1.8,18.9,5,1
2024,DST,PHI Defense,PHI,,17,146.0,0,0,0,0,0,0,0,0,0,0.0,0,0,0,0.0,0,0,0,41,13,12,1,0,1,297,4732,5.98,2.75,17.75,4,2
2024,DST,BUF Defense,BUF,,17,146.0,0,0,0,0,0,0,0,0,0,0.0,0,0,0,0.0,0,0,0,39,16,14,3,1,0,368,5806,6.36,0.75,17.0,7,0
2024,TE,Hunter Henry,NE,29,15,145.4,0,0,0,0,0,97,66,674,2,68.0,0,835,1029,81.1,0,0,0,0,0,0,0,0,0,0,0,5.26,3.08,16.13,7,0
2024,WR,Rome Odunze,CHI,22,17,144.9,0,0,0,15,0,101,54,734,3,53.5,1,954,1136,84.0,0,0,0,0,0,0,0,0,0,0,0,6.02,2.6,17.88,4,2
2024,QB,Jameis Winston,NYG,30,11,143.14,2121,13,12,83,1,0,0,0,0,0.0,2,504,976,51.6,0,0,0,0,0,0,0,0,0,0,0,11.51,0.87,25.86,6,3
2024,DST,HOU Defense,HOU,,17,143.0,0,0,0,0,0,0,0,0,0,0.0,0,0,0,0.0,0,0,0,49,19,7,3,1,0,370,5355,6.59,1.25,17.75,6,1
2024,DST,SEA Defense,SEA,,17,143.0,0,0,0,0,0,0,0,0,0,0.0,0,0,0,0.0,0,0,0,45,13,5,4,1,3,358,5656,6.01,1.75,17.0,6,0
2024,QB,Daniel Jones,IND,27,10,142.3,2070,8,7,265,2,0,0,0,0,0.0,2,677,689,98.3,0,0,0,0,0,0,0,0,0,0,0,6.23,7.78,21.05,7,2
2024,TE,Mike Gesicki,CIN,28,15,141.5,0,0,0,0,0,83,65,665,2,78.3,1,523,1137,46.0,0,0,0,0,0,0,0,0,0,0,0,7.01,2.38,19.13,6,1
2024,TE,Cade Otton,TB,25,14,140.6,0,0,0,-4,0,87,59,600,4,67.8,1,856,926,92.4,0,0,0,0,0,0,0,0,0,0,0,7.75,2.38,20.0,4,2
2024,WR,Ray-Ray McCloud,,27,17,140.5,0,0,0,79,0,87,62,686,1,71.3,2,981,1143,85.8,0,0,0,0,0,0,0,0,0,0,0,3.96,3.33,13.63,7,0
2024,WR,Tank Dell,HOU,24,13,140.0,0,0,0,43,0,81,51,667,3,63.0,0,633,916,69.1,0,0,0,0,0,0,0,0,0,0,0,5.72,4.75,18.15,6,1
2024,WR,Adam Thielen,,34,10,139.5,0,0,0,0,0,62,48,615,5,77.4,0,429,621,69.1,0,0,0,0,0,0,0,0,0,0,0,7.25,7.5,21.6,6,2
2024,WR,Chris Godwin,TB,28,7,137.8,0,0,0,2,0,62,50,576,5,80.6,0,399,458,87.1,0,0,0,0,0,0,0,0,0,0,0,7.91,13.83,24.95,7,3
2024,RB,Alexander Mattison,,26,14,137.4,0,0,0,420,4,48,36,294,1,75.0,1,444,911,48.7,0,0,0,0,0,0,0,0,0,0,0,4.86,4.2,16.15,6,0
2024,K,Daniel Carlson,,29,17,137.0,0,0,0,0,0,0,0,0,0,0.0,0,0,1123,0.0,23,2,34,0,0,0,0,0,0,0,0,5.14,1.75,15.75,4,0
2024,K,Tyler Bass,BUF,27,17,136.0,0,0,0,0,0,0,0,0,0,0.0,0,0,1088,0.0,59,5,24,0,0,0,0,0,0,0,0,3.29,4.0,12.75,4,0
2024,WR,Nick Westbrook-Ikhine,IND,27,13,135.7,0,0,0,0,0,60,32,497,9,53.3,0,772,1094,70.6,0,0,0,0,0,0,0,0,0,0,0,5.52,4.65,17.4,5,1
2024,WR,Jalen McMillan,TB,22,12,135.4,0,0,0,43,0,58,37,461,8,63.8,0,626,957,65.4,0,0,0,0,0,0,0,0,0,0,0,7.75,2.83,20.6,6,2
2024,RB,Jerome Ford,WAS,24,14,134.0,0,0,0,565,3,43,37,225,0,86.0,0,526,968,54.3,0,0,0,0,0,0,0,0,0,0,0,6.81,2.25,19.23,4,1
2024,K,Matt Gay,LV,30,16,133.0,0,0,0,0,0,0,0,0,0,0.0,0,0,1042,0.0,33,0,31,0,0,0,0,0,0,0,0,3.25,4.25,12.75,3,0
2024,K,Justin Tucker,,34,17,133.0,0,0,0,0,0,0,0,0,0,0.0,0,0,1110,0.0,60,2,22,0,0,0,0,0,0,0,0,3.68,3.5,12.75,6,0
2024,K,Jason Myers,SEA,33,17,133.0,0,0,0,0,0,0,0,0,0,0.0,0,0,1100,0.0,37,3,26,0,0,0,0,0,0,0,0,3.36,3.0,12.0,4,0
2024,RB,Austin Ekeler,,29,12,132.3,0,0,0,367,4,41,35,366,0,85.4,0,412,779,52.9,0,0,0,0,0,0,0,0,0,0,0,4.82,5.35,16.68,8,0
2024,WR,Romeo Doubs,NE,24,13,132.1,0,0,0,0,0,72,46,601,4,63.9,0,660,856,77.1,0,0,0,0,0,0,0,0,0,0,0,5.66,4.08,17.77,5,0
2024,K,Jake Elliott,PHI,29,16,132.0,0,0,0,0,0,0,0,0,0,0.0,0,0,1157,0.0,47,1,28,0,0,0,0,0,0,0,0,4.52,2.75,14.25,4,0
2024,QB,Will Levis,TEN,25,12,131.94,2091,13,12,183,0,0,0,0,0,0.0,6,621,868,71.5,0,0,0,0,0,0,0,0,0,0,0,6.32,3.6,17.25,7,0
2024,TE,Kyle Pitts,ATL,23,15,131.2,0,0,0,0,0,74,47,602,4,63.5,0,707,1143,61.9,0,0,0,0,0,0,0,0,0,0,0,6.37,2.03,17.2,5,1
2024,RB,Travis Etienne,NO,25,15,130.2,0,0,0,558,2,52,39,254,0,75.0,1,494,915,54.0,0,0,0,0,0,0,0,0,0,0,0,3.77,3.98,12.95,6,0
2024,DST,DET Defense,DET,,17,130.0,0,0,0,0,0,0,0,0,0,0.0,0,0,0,0.0,0,0,0,37,16,8,1,0,0,334,5820,5.16,2.0,14.25,2,0
2024,DST,CHI Defense,CHI,,16,130.0,0,0,0,0,0,0,0,0,0,0.0,0,0,0,0.0,0,0,0,40,11,13,1,0,2,368,6022,6.21,2.0,17.5,4,1
2024,WR,Marvin Mims,DEN,22,14,129.5,0,0,0,42,0,52,39,503,6,75.0,0,297,1102,27.0,0,0,0,0,0,0,0,0,0,0,0,8.62,1.78,21.38,4,2
2024,WR,Tre Tucker,LV,23,16,129.3,0,0,0,44,1,81,47,539,3,58.0,0,984,1123,87.6,0,0,0,0,0,0,0,0,0,0,0,5.65,3.08,16.77,5,1
2024,RB,Tank Bigsby,PHI,22,15,129.0,0,0,0,766,7,12,7,54,0,58.3,1,351,985,35.6,0,0,0,0,0,0,0,0,0,0,0,7.47,1.48,18.52,6,2
2024,DST,LAC Defense,LAC,,16,129.0,0,0,0,0,0,0,0,0,0,0.0,0,0,0,0.0,0,0,0,46,15,6,1,0,1,299,5514,5.83,2.25,16.5,5,0
2024,DST,BAL Defense,BAL,,17,129.0,0,0,0,0,0,0,0,0,0,0.0,0,0,0,0.0,0,0,0,54,12,5,2,0,1,357,5511,4.63,3.0,14.75,3,0
2024,RB,Justice Hill,BAL,26,15,127.1,0,0,0,228,1,51,42,383,3,82.4,0,414,977,42.4,0,0,0,0,0,0,0,0,0,0,0,5.93,2.28,16.85,5,1
2024,WR,Michael Wilson,ARI,24,15,126.5,0,0,0,7,0,71,47,548,4,66.2,1,799,1031,77.5,0,0,0,0,0,0,0,0,0,0,0,3.74,4.33,13.75,6,0
2024,WR,Allen Lazard,,28,11,126.0,0,0,0,0,0,60,37,530,6,61.7,0,649,769,84.4,0,0,0,0,0,0,0,0,0,0,0,8.02,2.95,20.05,6,2
2024,K,Joshua Karty,,22,15,126.0,0,0,0,0,0,0,0,0,0,0.0,0,0,1090,0.0,32,4,29,0,0,0,0,0,0,0,0,5.0,2.75,15.5,4,0
2024,RB,Ameer Abdullah,JAX,31,13,125.2,0,0,0,311,2,47,40,261,3,85.1,1,410,1072,38.2,0,0,0,0,0,0,0,0,0,0,0,6.91,2.1,18.58,6,0
2024,WR,Xavier Legette,CAR,23,15,125.1,0,0,0,24,0,84,49,497,4,58.3,0,680,966,70.4,0,0,0,0,0,0,0,0,0,0,0,4.59,3.38,14.55,4,0
2024,K,Blake Grupe,IND,25,14,125.0,0,0,0,0,0,0,0,0,0,0.0,0,0,1088,0.0,31,2,27,0,0,0,0,0,0,0,0,4.57,4.75,14.5,3,1
2024,K,Will Reichard,MIN,23,13,125.0,0,0,0,0,0,0,0,0,0,0.0,0,0,836,0.0,38,0,24,0,0,0,0,0,0,0,0,4.38,4.25,14.5,6,0
2024,QB,Dak Prescott,DAL,31,8,124.52,1978,11,8,54,1,0,0,0,0,0.0,1,501,553,90.6,0,0,0,0,0,0,0,0,0,0,0,6.6,10.98,20.15,7,1
2024,RB,Jaylen Warren,PIT,25,15,124.1,0,0,0,511,1,47,38,310,0,80.9,1,447,1001,44.7,0,0,0,0,0,0,0,0,0,0,0,4.59,2.42,14.15,5,0
2024,K,Cam Little,JAX,21,17,124.0,0,0,0,0,0,0,0,0,0,0.0,0,0,1033,0.0,27,0,27,0,0,0,0,0,0,0,0,4.44,2.0,13.75,4,0
2024,TE,Isaiah Likely,NYG,24,14,123.7,0,0,0,0,0,58,42,477,6,72.4,1,627,1047,59.9,0,0,0,0,0,0,0,0,0,0,0,6.41,3.1,17.27,4,1
2024,WR,Demarcus Robinson,SF,29,13,123.5,0,0,0,0,0,64,31,505,7,48.4,0,892,1090,81.8,0,0,0,0,0,0,0,0,0,0,0,6.68,3.33,17.4,5,1
2024,DST,DAL Defense,DAL,,16,123.0,0,0,0,0,0,0,0,0,0,0.0,0,0,0,0.0,0,0,0,52,13,8,1,0,1,456,6039,7.5,-0.75,18.75,5,1
2024,DST,LAR Defense,LAR,,15,123.0,0,0,0,0,0,0,0,0,0,0.0,0,0,0,0.0,0,0,0,38,13,6,3,1,4,386,5998,6.09,1.5,16.0,6,1
2024,TE,Juwan Johnson,NO,27,15,122.8,0,0,0,0,0,66,50,548,3,75.8,0,697,1088,64.1,0,0,0,0,0,0,0,0,0,0,0,3.77,3.85,13.4,5,0
2024,WR,Amari Cooper,,30,13,122.7,0,0,0,0,0,85,44,547,4,51.8,0,587,914,64.2,0,0,0,0,0,0,0,0,0,0,0,7.15,2.75,18.58,4,1
2024,WR,Stefon Diggs,,30,8,121.92,13,0,0,8,1,64,47,496,3,73.4,0,431,552,78.1,0,0,0,0,0,0,0,0,0,0,0,5.29,10.48,20.01,6,1
2024,TE,Tyler Conklin,DET,29,16,121.9,0,0,0,0,0,72,51,449,4,70.8,0,805,1008,79.9,0,0,0,0,0,0,0,0,0,0,0,5.73,1.45,15.18,6,1
2024,WR,Kayshon Boutte,NE,22,15,121.9,0,0,0,0,0,68,43,589,3,63.2,0,760,1025,74.1,0,0,0,0,0,0,0,0,0,0,0,6.65,2.17,17.3,3,2
2024,WR,Tyler Lockett,,31,16,121.0,0,0,0,0,0,74,49,600,2,66.2,0,765,1100,69.5,0,0,0,0,0,0,0,0,0,0,0,4.61,3.13,14.25,5,0
2024,WR,Elijah Moore,PHI,24,17,120.9,0,0,0,1,0,102,61,538,1,59.8,0,892,1180,75.6,0,0,0,0,0,0,0,0,0,0,0,5.71,1.6,16.18,5,0
2024,TE,Cole Kmet,CHI,25,14,120.4,0,0,0,0,0,55,47,474,4,85.5,0,994,1136,87.5,0,0,0,0,0,0,0,0,0,0,0,7.31,2.35,18.0,3,2
2024,QB,Justin Fields,KC,25,10,120.14,1106,5,1,289,5,0,0,0,0,0.0,1,408,928,44.0,0,0,0,0,0,0,0,0,0,0,0,10.27,1.45,22.76,6,2
2024,K,Chad Ryland,ARI,24,13,120.0,0,0,0,0,0,0,0,0,0,0.0,0,0,851,0.0,26,1,28,0,0,0,0,0,0,0,0,4.49,3.75,14.75,5,0
2024,WR,Andrei Iosivas,CIN,24,15,119.9,0,0,0,0,0,61,36,479,6,59.0,0,892,1137,78.5,0,0,0,0,0,0,0,0,0,0,0,4.37,3.38,14.43,4,0
2024,WR,Calvin Austin,NYG,25,17,118.8,0,0,0,0,0,58,36,548,4,62.1,1,593,1129,52.5,0,0,0,0,0,0,0,0,0,0,0,6.65,0.48,17.05,6,1
2024,TE,Dalton Schultz,HOU,28,17,118.2,0,0,0,0,0,85,53,532,2,62.4,0,865,1107,78.1,0,0,0,0,0,0,0,0,0,0,0,3.94,3.55,12.85,2,0
2024,RB,Ray Davis,BUF,24,16,116.1,0,0,0,442,3,19,17,189,3,89.5,0,264,1088,24.3,0,0,0,0,0,0,0,0,0,0,0,6.02,1.05,15.85,6,0
2024,RB,Jordan Mason,MIN,25,12,115.0,0,0,0,789,3,14,11,91,0,78.6,1,378,760,49.7,0,0,0,0,0,0,0,0,0,0,0,7.63,1.48,18.6,4,2
2024,QB,Cooper Rush,ATL,30,12,114.56,1844,12,5,18,0,0,0,0,0,0.0,3,572,1171,48.8,0,0,0,0,0,0,0,0,0,0,0,7.52,-0.2,17.42,7,0
2024,RB,Tyjae Spears,TEN,23,12,113.6,0,0,0,312,4,35,30,224,1,85.7,0,320,739,43.3,0,0,0,0,0,0,0,0,0,0,0,7.75,2.28,18.5,5,2
2024,TE,Chig Okonkwo,WAS,24,16,113.6,0,0,0,17,0,70,52,479,2,74.3,1,665,1094,60.8,0,0,0,0,0,0,0,0,0,0,0,5.01,2.2,14.48,4,0
2024,TE,Noah Gray,KC,25,15,113.3,0,0,0,-4,0,49,40,437,5,81.6,0,664,1148,57.8,0,0,0,0,0,0,0,0,0,0,0,5.95,1.65,15.4,4,1
2024,DST,ARI Defense,ARI,,17,113.0,0,0,0,0,0,0,0,0,0,0.0,0,0,0,0.0,0,0,0,41,9,8,0,2,0,373,5823,5.02,-0.75,12.5,5,0
2024,WR,Olamide Zaccheaus,ATL,27,15,112.4,0,0,0,8,0,64,45,506,3,70.3,1,494,1163,42.5,0,0,0,0,0,0,0,0,0,0,0,7.17,1.4,17.23,3,2
2024,K,Joey Slye,TEN,28,16,112.0,0,0,0,0,0,0,0,0,0,0.0,0,0,1093,0.0,25,1,26,0,0,0,0,0,0,0,0,3.92,2.5,12.25,3,0
2024,DST,TB Defense,TB,,16,112.0,0,0,0,0,0,0,0,0,0,0.0,0,0,0,0.0,0,0,0,46,7,9,1,1,2,385,5810,4.85,2.25,14.0,4,0
2024,WR,Keon Coleman,BUF,21,12,111.5,0,0,0,9,0,57,29,556,4,50.9,0,598,823,72.7,0,0,0,0,0,0,0,0,0,0,0,4.39,4.85,14.53,4,0
2024,K,Younghoe Koo,,30,14,111.0,0,0,0,0,0,0,0,0,0,0.0,0,0,933,0.0,26,0,25,0,0,0,0,0,0,0,0,4.98,2.5,14.25,3,0
2024,DST,KC Defense,KC,,17,111.0,0,0,0,0,0,0,0,0,0,0.0,0,0,0,0.0,0,0,0,39,13,6,1,0,1,326,5451,5.9,0.5,14.75,3,1
2024,WR,Dontayvion Wicks,PHI,23,13,110.5,0,0,0,0,0,76,39,415,5,51.3,0,586,1084,54.1,0,0,0,0,0,0,0,0,0,0,0,5.92,2.98,15.13,4,1
2024,TE,Will Dissly,,28,14,110.1,0,0,0,0,0,64,50,481,2,78.1,0,540,950,56.8,0,0,0,0,0,0,0,0,0,0,0,4.92,3.3,14.6,3,0
2024,WR,Darius Slayton,NYG,27,14,110.0,0,0,0,17,0,71,39,573,2,54.9,0,872,1050,83.0,0,0,0,0,0,0,0,0,0,0,0,6.36,2.3,15.73,4,1
2024,K,Austin Seibert,,27,9,110.0,0,0,0,0,0,0,0,0,0,0.0,0,0,604,0.0,22,2,27,0,0,0,0,0,0,0,0,4.57,8.5,16.25,5,1
2024,DST,CIN Defense,CIN,,17,109.0,0,0,0,0,0,0,0,0,0,0.0,0,0,0,0.0,0,0,0,36,15,8,2,1,1,416,5921,7.04,-2.0,16.5,3,1
2024,TE,Austin Hooper,ATL,29,17,108.6,0,0,0,0,0,59,45,476,3,76.3,1,575,1093,52.6,0,0,0,0,0,0,0,0,0,0,0,4.29,1.18,12.25,2,0
2024,WR,Joshua Palmer,BUF,24,15,107.4,0,0,0,0,0,65,39,584,1,60.0,0,616,946,65.1,0,0,0,0,0,0,0,0,0,0,0,3.48,3.63,11.9,3,0
2024,K,Nick Folk,ATL,39,14,107.0,0,0,0,0,0,0,0,0,0,0.0,0,0,902,0.0,25,0,21,0,0,0,0,0,0,0,0,5.96,2.75,14.75,2,1
2024,K,Jake Moody,WAS,24,14,107.0,0,0,0,0,0,0,0,0,0,0.0,0,0,883,0.0,32,1,24,0,0,0,0,0,0,0,0,5.9,3.0,14.25,2,1
2024,WR,Devaughn Vele,NO,26,12,106.5,0,0,0,0,0,55,41,475,3,74.5,0,447,849,52.7,0,0,0,0,0,0,0,0,0,0,0,4.52,3.35,13.7,7,0
2024,QB,Gardner Minshew,ARI,28,10,106.32,2013,9,10,58,0,0,0,0,0,0.0,4,564,719,78.4,0,0,0,0,0,0,0,0,0,0,0,5.49,4.75,15.71,6,0
2024,RB,Tyler Allgeier,ARI,24,17,106.2,0,0,0,644,3,13,13,88,0,100.0,0,287,1143,25.1,0,0,0,0,0,0,0,0,0,0,0,4.52,2.03,12.75,2,0
2024,QB,Joe Flacco,CIN,39,7,106.04,1761,12,7,26,0,0,0,0,0,0.0,4,467,1087,43.0,0,0,0,0,0,0,0,0,0,0,0,6.09,11.79,18.38,6,1
2024,DST,IND Defense,IND,,17,106.0,0,0,0,0,0,0,0,0,0,0.0,0,0,0,0.0,0,0,0,36,16,9,1,0,1,415,6140,4.4,1.25,12.5,3,0
2024,WR,Christian Watson,GB,25,12,105.3,0,0,0,23,0,53,29,620,2,54.7,1,555,962,57.7,0,0,0,0,0,0,0,0,0,0,0,5.35,3.03,14.63,4,0
2024,DST,ATL Defense,ATL,,14,105.0,0,0,0,0,0,0,0,0,0,0.0,0,0,0,0.0,0,0,0,31,12,5,4,1,2,409,5868,8.22,-0.25,19.0,4,2
2024,QB,Mason Rudolph,PIT,29,8,104.8,1530,9,9,106,1,0,0,0,0,0.0,1,473,1094,43.2,0,0,0,0,0,0,0,0,0,0,0,6.39,7.65,18.55,6,1
2024,TE,Jake Ferguson,DAL,25,14,104.4,0,0,0,0,0,86,59,494,0,68.6,2,616,959,64.2,0,0,0,0,0,0,0,0,0,0,0,4.44,3.05,13.63,4,0
2024,TE,Taysom Hill,,34,8,104.34,21,0,1,278,6,31,23,187,0,74.2,1,225,534,42.1,0,0,0,0,0,0,0,0,0,0,0,11.91,5.43,20.66,3,1
2024,WR,KaVontae Turpin,DAL,28,15,104.2,0,0,0,92,0,52,31,420,2,59.6,1,315,1171,26.9,0,0,0,0,0,0,0,0,0,0,0,4.19,2.95,12.53,2,0
2024,QB,Mac Jones,SF,25,10,104.08,1672,8,8,92,1,0,0,0,0,0.0,2,497,1033,48.1,0,0,0,0,0,0,0,0,0,0,0,7.41,2.86,17.93,5,1
2024,WR,Jalen Nailor,LV,25,14,104.0,0,0,0,-4,0,42,28,414,6,66.7,1,573,1117,51.3,0,0,0,0,0,0,0,0,0,0,0,5.52,1.63,14.63,4,1
2024,K,Cairo Santos,CHI,32,17,104.0,0,0,0,0,0,0,0,0,0,0.0,0,0,1136,0.0,25,1,21,0,0,0,0,0,0,0,0,3.61,1.75,11.25,3,0
2024,TE,Noah Fant,NO,26,14,104.0,0,0,0,0,0,64,48,500,1,75.0,0,569,896,63.5,0,0,0,0,0,0,0,0,0,0,0,4.08,3.65,13.03,4,0
2024,DST,NYJ Defense,NYJ,,17,104.0,0,0,0,0,0,0,0,0,0,0.0,0,0,0,0.0,0,0,0,43,7,8,0,0,2,390,5334,6.61,-1.75,16.0,5,0
2024,DST,NO Defense,NO,,17,104.0,0,0,0,0,0,0,0,0,0,0.0,0,0,0,0.0,0,0,0,39,14,3,0,1,4,374,6459,4.1,1.75,11.75,2,0
2024,TE,Dallas Goedert,PHI,29,9,103.6,0,0,0,0,0,52,42,496,2,80.8,0,446,674,66.2,0,0,0,0,0,0,0,0,0,0,0,5.98,7.33,15.95,5,1
2024,RB,Antonio Gibson,,26,17,103.4,0,0,0,538,1,29,23,206,0,79.3,0,359,1093,32.8,0,0,0,0,0,0,0,0,0,0,0,3.52,1.73,11.13,4,0
2024,TE,Foster Moreau,HOU,27,13,103.3,0,0,0,0,0,43,32,413,5,74.4,0,752,1088,69.1,0,0,0,0,0,0,0,0,0,0,0,3.94,3.73,12.8,3,0
2024,K,Eddy Pineiro,SF,28,17,101.0,0,0,0,0,0,0,0,0,0,0.0,0,0,1034,0.0,33,2,22,0,0,0,0,0,0,0,0,3.87,1.5,11.5,2,0
2024,TE,Dalton Kincaid,BUF,24,13,100.8,0,0,0,0,0,75,44,448,2,58.7,0,471,897,52.5,0,0,0,0,0,0,0,0,0,0,0,3.29,4.08,11.75,3,0
2024,DST,NYG Defense,NYG,,16,100.0,0,0,0,0,0,0,0,0,0,0.0,0,0,0,0.0,0,0,0,45,5,10,0,0,2,385,5896,4.79,1.75,13.25,3,0
2024,WR,Mack Hollins,NE,30,15,99.8,0,0,0,0,0,50,31,378,5,62.0,0,721,1088,66.3,0,0,0,0,0,0,0,0,0,0,0,4.5,1.7,13.2,4,0
2024,WR,Tutu Atwell,MIA,24,15,98.9,0,0,0,7,0,62,42,562,0,67.7,0,425,1090,39.0,0,0,0,0,0,0,0,0,0,0,0,4.09,2.0,12.28,4,0
2024,K,Brandon McManus,,33,11,98.0,0,0,0,0,0,0,0,0,0,0.0,0,0,676,0.0,30,0,20,0,0,0,0,0,0,0,0,3.68,4.75,12.5,5,0
2024,DST,WAS Defense,WAS,,17,98.0,0,0,0,0,0,0,0,0,0,0.0,0,0,0,0.0,0,0,0,43,7,8,1,0,1,391,5558,4.52,0.75,12.0,2,0
2024,QB,Aidan O'Connell,LV,26,9,97.48,1612,8,4,30,1,0,0,0,0,0.0,2,427,795,53.7,0,0,0,0,0,0,0,0,0,0,0,6.0,4.97,16.53,5,0
2024,RB,Jaleel McLaughlin,DEN,23,16,97.2,0,0,0,496,1,27,24,76,2,88.9,1,296,1038,28.5,0,0,0,0,0,0,0,0,0,0,0,3.41,1.8,10.78,2,0
2024,WR,Parker Washington,JAX,22,12,97.0,0,0,0,0,0,51,32,390,3,62.7,0,584,1033,56.5,0,0,0,0,0,0,0,0,0,0,0,5.92,2.65,14.33,3,1
2024,RB,Devin Singletary,NYG,26,15,96.6,0,0,0,437,4,24,21,119,0,87.5,2,380,974,39.0,0,0,0,0,0,0,0,0,0,0,0,5.18,1.75,13.9,3,0
2024,RB,Emanuel Wilson,SEA,25,17,96.0,0,0,0,502,4,14,11,48,1,78.6,0,263,1084,24.3,0,0,0,0,0,0,0,0,0,0,0,5.01,0.9,13.28,3,0
2024,RB,Isaac Guerendo,SF,24,11,94.2,0,0,0,420,4,16,15,152,0,93.8,1,227,1015,22.4,0,0,0,0,0,0,0,0,0,0,0,8.49,0.52,17.85,4,1
2024,K,Harrison Butker,KC,29,13,94.0,0,0,0,0,0,0,0,0,0,0.0,0,0,879,0.0,29,2,21,0,0,0,0,0,0,0,0,4.08,2.25,11.25,2,0
2024,WR,Ricky Pearsall,SF,23,8,93.5,0,0,0,45,0,46,31,400,3,67.4,0,455,674,67.5,0,0,0,0,0,0,0,0,0,0,0,8.79,4.22,19.15,4,1
2024,RB,Cam Akers,,25,15,93.2,0,0,0,444,2,18,14,68,3,77.8,1,282,1142,24.7,0,0,0,0,0,0,0,0,0,0,0,4.03,1.23,11.38,3,0
2024,DST,SF Defense,SF,,16,93.0,0,0,0,0,0,0,0,0,0,0.0,0,0,0,0.0,0,0,0,37,11,5,1,0,2,436,5396,7.21,-2.5,15.25,3,1
2024,WR,Jalen Coker,CAR,22,10,92.56,19,0,0,0,0,46,32,478,2,69.6,0,430,650,66.2,0,0,0,0,0,0,0,0,0,0,0,6.1,3.97,15.89,4,1
2024,WR,Tim Patrick,NYJ,30,13,92.4,0,0,0,0,0,44,33,394,3,75.0,0,641,1085,59.1,0,0,0,0,0,0,0,0,0,0,0,5.45,2.55,13.65,2,1
2024,RB,Ty Johnson,BUF,26,16,91.7,0,0,0,213,1,25,18,284,3,72.0,0,316,1088,29.0,0,0,0,0,0,0,0,0,0,0,0,4.76,1.58,12.95,3,0
2024,TE,Brenton Strange,JAX,23,13,91.1,0,0,0,0,0,53,40,411,2,75.5,1,575,1033,55.7,0,0,0,0,0,0,0,0,0,0,0,4.93,2.08,12.9,3,0
2024,TE,Jordan Akins,,32,14,91.0,0,0,0,0,0,58,40,390,2,69.0,0,456,1180,38.6,0,0,0,0,0,0,0,0,0,0,0,4.39,2.05,12.08,3,0
2024,WR,Greg Dortch,DET,26,16,90.3,0,0,0,31,0,50,37,342,3,74.0,1,432,1096,39.4,0,0,0,0,0,0,0,0,0,0,0,5.06,1.4,12.48,2,1
2024,TE,Evan Engram,DEN,29,9,89.5,0,0,0,0,0,64,47,365,1,73.4,1,363,568,63.9,0,0,0,0,0,0,0,0,0,0,0,4.35,6.28,13.6,4,0
2024,WR,Diontae Johnson,,28,9,89.1,0,0,0,6,0,67,33,375,3,49.3,0,404,798,50.6,0,0,0,0,0,0,0,0,0,0,0,9.07,2.85,18.3,3,2
2024,DST,CLE Defense,CLE,,16,88.0,0,0,0,0,0,0,0,0,0,0.0,0,0,0,0.0,0,0,0,41,4,7,1,1,1,417,5816,3.2,2.0,9.75,2,0
2024,K,Evan McPherson,CIN,25,12,87.0,0,0,0,0,0,0,0,0,0,0.0,0,0,777,0.0,37,1,16,0,0,0,0,0,0,0,0,3.98,3.25,12.0,3,0
2024,TE,T.J. Hockenson,MIN,27,10,86.5,0,0,0,0,0,62,41,455,0,66.1,0,423,694,61.0,0,0,0,0,0,0,0,0,0,0,0,4.94,4.15,13.9,4,0
2024,WR,Noah Brown,,28,11,86.3,0,0,0,0,0,56,35,453,1,62.5,0,449,750,59.9,0,0,0,0,0,0,0,0,0,0,0,4.25,3.83,12.55,3,0
2024,DST,MIA Defense,MIA,,16,86.0,0,0,0,0,0,0,0,0,0,0.0,0,0,0,0.0,0,0,0,35,10,6,0,0,0,348,5345,3.94,1.0,10.75,2,0
2024,RB,Braelon Allen,NYJ,20,17,85.2,0,0,0,334,2,27,19,148,1,70.4,0,283,1066,26.5,0,0,0,0,0,0,0,0,0,0,0,4.93,0.7,12.68,2,0
2024,QB,Drew Lock,SEA,27,7,85.14,1071,6,5,133,2,0,0,0,0,0.0,2,321,1057,30.4,0,0,0,0,0,0,0,0,0,0,0,10.71,4.75,18.75,3,1
2024,WR,David Moore,CAR,29,13,85.1,0,0,0,0,0,57,32,351,3,56.1,0,568,1034,54.9,0,0,0,0,0,0,0,0,0,0,0,4.79,3.03,12.23,2,1
2024,WR,Marquez Valdes-Scantling,DAL,29,9,84.5,0,0,0,4,0,44,19,411,4,43.2,0,456,802,56.9,0,0,0,0,0,0,0,0,0,0,0,7.49,3.1,15.83,3,1
2024,RB,Samaje Perine,CIN,28,17,82.4,0,0,0,92,1,35,28,322,1,80.0,0,296,1148,25.8,0,0,0,0,0,0,0,0,0,0,0,2.88,2.05,8.98,1,0
2024,RB,Zack Moss,,26,8,81.9,0,0,0,242,2,27,23,187,1,85.2,1,297,477,62.3,0,0,0,0,0,0,0,0,0,0,0,6.3,5.28,15.2,3,1
2024,WR,Cedric Tillman,CLE,24,9,80.4,0,0,0,-5,0,49,29,339,3,59.2,1,432,756,57.1,0,0,0,0,0,0,0,0,0,0,0,9.98,0.85,18.55,3,1
2024,WR,Sterling Shepard,,31,13,80.3,0,0,0,69,0,51,32,334,1,62.7,0,509,953,53.4,0,0,0,0,0,0,0,0,0,0,0,2.89,2.78,9.45,2,0
2024,WR,Rashid Shaheed,SEA,26,5,79.8,0,0,0,29,0,41,20,349,3,48.8,1,286,378,75.7,0,0,0,0,0,0,0,0,0,0,0,4.25,14.73,17.88,4,1
2024,QB,Deshaun Watson,CLE,28,7,79.72,1148,5,3,148,1,0,0,0,0,0.0,3,415,477,87.0,0,0,0,0,0,0,0,0,0,0,0,3.85,8.65,14.45,4,0
2024,TE,AJ Barner,SEA,22,14,78.5,0,0,0,0,0,38,30,245,4,78.9,0,501,1100,45.5,0,0,0,0,0,0,0,0,0,0,0,3.83,1.9,10.95,2,0
2024,WR,Tyler Boyd,,29,15,78.3,0,0,0,3,0,57,39,390,0,68.4,0,635,1032,61.5,0,0,0,0,0,0,0,0,0,0,0,2.62,2.35,8.45,1,0
2024,RB,Roschon Johnson,CHI,23,12,77.4,0,0,0,150,6,20,16,104,0,80.0,0,272,960,28.3,0,0,0,0,0,0,0,0,0,0,0,4.25,1.5,11.1,3,0
2024,RB,Miles Sanders,,27,11,77.3,0,0,0,205,2,30,24,148,1,80.0,0,224,661,33.9,0,0,0,0,0,0,0,0,0,0,0,7.13,1.5,14.18,3,1
2024,WR,Chris Olave,NO,24,8,76.7,0,0,0,7,0,44,32,400,1,72.7,1,315,530,59.4,0,0,0,0,0,0,0,0,0,0,0,7.95,1.98,17.2,4,1
2024,DST,LV Defense,LV,,15,74.0,0,0,0,0,0,0,0,0,0,0.0,0,0,0,0.0,0,0,0,38,10,3,1,0,0,414,5663,4.02,0.75,10.5,1,0
2024,TE,Ja'Tavion Sanders,CAR,21,12,73.2,0,0,0,0,0,43,33,342,1,76.7,0,531,964,55.1,0,0,0,0,0,0,0,0,0,0,0,3.95,1.85,10.88,2,0
2024,DST,TEN Defense,TEN,,16,73.0,0,0,0,0,0,0,0,0,0,0.0,0,0,0,0.0,0,0,0,32,11,5,0,2,0,430,5291,3.64,0.75,10.0,1,0
2024,QB,Spencer Rattler,NO,23,7,72.28,1317,4,5,146,0,0,0,0,0,0.0,3,396,520,76.2,0,0,0,0,0,0,0,0,0,0,0,4.04,6.96,13.46,3,0
2024,K,Dustin Hopkins,,33,14,72.0,0,0,0,0,0,0,0,0,0,0.0,0,0,1118,0.0,17,3,18,0,0,0,0,0,0,0,0,4.73,-0.5,11.25,3,0
2024,DST,JAX Defense,JAX,,16,71.0,0,0,0,0,0,0,0,0,0,0.0,0,0,0,0.0,0,0,0,34,6,2,1,0,2,433,6629,4.26,-0.5,10.25,1,0
2024,WR,Christian Kirk,SF,27,8,70.9,0,0,0,0,0,47,27,379,1,57.4,0,337,480,70.2,0,0,0,0,0,0,0,0,0,0,0,6.04,3.8,13.93,3,0
2024,RB,Raheem Mostert,,32,12,70.9,0,0,0,278,2,23,19,161,0,82.6,2,278,869,32.0,0,0,0,0,0,0,0,0,0,0,0,4.31,1.98,10.8,2,0
2024,DST,NE Defense,NE,,14,70.0,0,0,0,0,0,0,0,0,0,0.0,0,0,0,0.0,0,0,0,28,7,2,1,0,1,405,5829,5.32,-1.0,12.0,2,0
2024,WR,Brandin Cooks,,30,10,69.6,0,0,0,-3,0,54,26,259,3,48.1,0,471,678,69.5,0,0,0,0,0,0,0,0,0,0,0,3.56,3.45,10.53,2,0
2024,RB,Sean Tucker,TB,22,11,68.7,0,0,0,308,2,12,9,109,1,75.0,0,112,1142,9.8,0,0,0,0,0,0,0,0,0,0,0,9.07,1.55,13.1,1,1
2024,TE,Theo Johnson,NYG,23,10,68.1,0,0,0,0,0,43,29,331,1,67.4,0,683,811,84.2,0,0,0,0,0,0,0,0,0,0,0,3.74,3.18,10.5,2,0
2024,WR,Dyami Brown,WAS,24,15,67.4,0,0,0,26,0,40,30,308,1,75.0,1,495,1080,45.8,0,0,0,0,0,0,0,0,0,0,0,3.29,1.27,8.8,1,0
2024,WR,Troy Franklin,DEN,21,15,67.1,0,0,0,8,0,53,28,263,2,52.8,0,386,1033,37.4,0,0,0,0,0,0,0,0,0,0,0,3.17,1.63,9.05,1,0
2024,WR,Rashee Rice,KC,24,4,65.9,0,0,0,1,0,29,24,288,2,82.8,0,155,255,60.8,0,0,0,0,0,0,0,0,0,0,0,10.05,16.48,16.48,3,1
2024,TE,Josh Oliver,MIN,27,9,65.8,0,0,0,0,0,28,22,258,3,78.6,0,552,993,55.6,0,0,0,0,0,0,0,0,0,0,0,4.46,3.35,11.5,2,0
2024,TE,Colby Parkinson,LAR,25,13,65.4,0,0,0,0,0,49,30,294,1,61.2,0,601,1090,55.1,0,0,0,0,0,0,0,0,0,0,0,3.19,1.98,9.28,1,0
2024,WR,Kendrick Bourne,ARI,29,11,65.1,0,0,0,6,0,38,28,305,1,73.7,0,456,844,54.0,0,0,0,0,0,0,0,0,0,0,0,4.37,2.53,10.25,1,0
2024,QB,Andy Dalton,PHI,36,5,64.96,989,7,6,34,0,0,0,0,0,0.0,0,306,973,31.4,0,0,0,0,0,0,0,0,0,0,0,8.39,10.1,15.74,3,1
2024,WR,Lil'Jordan Humphrey,DEN,26,11,64.3,0,0,0,0,0,45,31,293,1,68.9,1,546,1102,49.5,0,0,0,0,0,0,0,0,0,0,0,3.85,2.63,10.18,1,0
2024,RB,Gus Edwards,,29,11,64.1,0,0,0,365,4,5,3,6,0,60.0,0,223,646,34.5,0,0,0,0,0,0,0,0,0,0,0,5.12,1.95,10.68,1,1
2024,RB,Jeremy McNichols,WAS,28,14,63.8,0,0,0,261,4,12,9,27,0,75.0,0,251,1163,21.6,0,0,0,0,0,0,0,0,0,0,0,5.28,0.57,11.33,2,1
2024,WR,Curtis Samuel,,28,12,63.7,0,0,0,14,0,46,31,253,1,67.4,0,378,883,42.8,0,0,0,0,0,0,0,0,0,0,0,4.77,1.0,10.98,2,0
2024,QB,Tyler Huntley,BAL,26,5,63.66,829,3,3,135,2,0,0,0,0,0.0,2,314,544,57.7,0,0,0,0,0,0,0,0,0,0,0,5.91,9.87,14.05,3,1
2024,WR,Van Jefferson,WAS,28,12,63.6,0,0,0,0,0,40,24,276,2,60.0,0,721,1129,63.9,0,0,0,0,0,0,0,0,0,0,0,2.76,2.4,8.4,1,0
2024,RB,Nick Chubb,,28,8,63.3,0,0,0,332,3,11,5,31,1,45.5,1,236,583,40.5,0,0,0,0,0,0,0,0,0,0,0,5.25,4.1,11.73,3,0
2024,WR,Justin Watson,HOU,28,13,62.9,0,0,0,0,0,32,22,289,2,68.8,0,686,1148,59.8,0,0,0,0,0,0,0,0,0,0,0,3.27,2.03,8.8,1,0
2024,RB,Kenny Gainwell,TB,25,16,62.6,0,0,0,290,1,22,16,116,0,72.7,0,301,1157,26.0,0,0,0,0,0,0,0,0,0,0,0,2.57,1.33,7.7,0,0
2024,WR,Brandon Aiyuk,SF,26,7,62.4,0,0,0,0,0,47,25,374,0,53.2,0,357,468,76.3,0,0,0,0,0,0,0,0,0,0,0,5.91,5.4,11.9,1,1
2024,K,Greg Joseph,,30,8,62.0,0,0,0,0,0,0,0,0,0,0.0,0,0,564,0.0,11,0,16,0,0,0,0,0,0,0,0,6.24,2.5,13.0,3,0
2024,WR,Tyler Johnson,DAL,26,9,61.1,0,0,0,0,0,41,26,291,1,63.4,0,361,981,36.8,0,0,0,0,0,0,0,0,0,0,0,4.12,3.18,10.73,2,0
2024,TE,Josh Whyle,GB,24,12,60.8,0,0,0,0,0,37,28,248,1,75.7,0,345,1094,31.5,0,0,0,0,0,0,0,0,0,0,0,4.02,1.4,9.82,1,0
2024,TE,Grant Calcaterra,PHI,25,11,59.8,0,0,0,0,0,30,24,298,1,80.0,0,766,1157,66.2,0,0,0,0,0,0,0,0,0,0,0,3.26,2.45,9.53,2,0
2024,TE,Dawson Knox,BUF,27,14,59.1,0,0,0,0,0,33,22,311,1,66.7,0,618,1088,56.8,0,0,0,0,0,0,0,0,0,0,0,2.73,1.35,7.7,0,0
2024,K,Anders Carlson,,26,7,58.0,0,0,0,0,0,0,0,0,0,0.0,0,0,445,0.0,12,3,13,0,0,0,0,0,0,0,0,5.85,3.75,12.5,3,0
2024,RB,Ezekiel Elliott,,29,15,57.5,0,0,0,226,3,15,12,69,0,80.0,1,248,954,26.0,0,0,0,0,0,0,0,0,0,0,0,3.72,0.35,8.8,2,0
2024,TE,Luke Schoonmaker,DAL,25,9,57.1,0,0,0,0,0,36,27,241,1,75.0,0,411,1171,35.1,0,0,0,0,0,0,0,0,0,0,0,4.66,2.05,11.18,3,0
2024,RB,Dare Ogunbowale,,30,14,57.0,0,0,0,112,0,28,19,198,1,67.9,0,310,1107,28.0,0,0,0,0,0,0,0,0,0,0,0,4.72,0.5,9.8,2,0
2024,RB,Isiah Pacheco,DET,25,7,56.9,0,0,0,310,1,16,12,79,0,75.0,0,218,470,46.4,0,0,0,0,0,0,0,0,0,0,0,5.27,4.22,11.48,2,0
2024,WR,Mike Williams,,29,11,56.8,0,0,0,0,0,34,21,298,1,61.8,0,472,1165,40.5,0,0,0,0,0,0,0,0,0,0,0,2.94,2.38,8.48,2,0
2024,WR,Kalif Raymond,CHI,30,9,56.5,0,0,0,0,0,22,17,215,2,77.3,0,211,781,27.0,0,0,0,0,0,0,0,0,0,0,0,5.21,1.55,11.33,3,0
2024,TE,Tommy Tremble,CAR,24,10,56.4,0,0,0,0,0,32,23,234,2,71.9,1,513,753,68.1,0,0,0,0,0,0,0,0,0,0,0,3.8,2.0,9.3,2,0
2024,WR,John Metchie,CAR,24,9,55.4,0,0,0,0,0,37,24,254,1,64.9,0,381,840,45.4,0,0,0,0,0,0,0,0,0,0,0,4.94,2.65,10.1,1,0
2024,K,Matthew Wright,,28,5,55.0,0,0,0,0,0,0,0,0,0,0.0,0,0,274,0.0,6,0,15,0,0,0,0,0,0,0,0,3.85,9.75,12.25,3,0
2024,WR,Malik Washington,MIA,23,11,54.8,0,0,0,25,1,36,26,223,0,72.2,1,414,930,44.5,0,0,0,0,0,0,0,0,0,0,0,3.56,1.2,9.13,2,0
2024,RB,Emari Demercado,KC,25,12,54.7,0,0,0,223,1,20,16,104,0,80.0,0,164,812,20.2,0,0,0,0,0,0,0,0,0,0,0,4.45,1.13,9.38,2,0
2024,WR,Gabe Davis,,25,9,53.9,0,0,0,0,0,42,20,239,2,47.6,1,410,572,71.7,0,0,0,0,0,0,0,0,0,0,0,6.06,1.83,10.7,1,1
2024,RB,Trey Sermon,,25,14,53.8,0,0,0,159,2,19,16,99,0,84.2,0,245,1087,22.5,0,0,0,0,0,0,0,0,0,0,0,4.39,1.25,8.75,1,0
2024,WR,Adonai Mitchell,NYJ,21,14,53.76,24,0,0,6,0,55,23,312,0,41.8,1,383,1087,35.2,0,0,0,0,0,0,0,0,0,0,0,3.65,0.27,7.97,1,0
2024,WR,Jordan Whittington,LAR,23,7,53.5,0,0,0,12,0,28,22,293,0,78.6,0,278,941,29.5,0,0,0,0,0,0,0,0,0,0,0,5.5,3.15,11.68,3,0
2024,WR,JuJu Smith-Schuster,NYG,27,9,53.1,0,0,0,0,0,26,18,231,2,69.2,0,424,923,45.9,0,0,0,0,0,0,0,0,0,0,0,5.7,1.7,10.63,1,0
2024,K,Brayden Narveson,,24,7,53.0,0,0,0,0,0,0,0,0,0,0.0,0,0,335,0.0,18,0,12,0,0,0,0,0,0,0,0,4.47,4.75,11.0,2,0
2024,QB,Malik Willis,MIA,25,5,51.8,550,3,0,138,1,0,0,0,0,0.0,1,217,1084,20.0,0,0,0,0,0,0,0,0,0,0,0,8.54,6.61,12.66,2,1
2024,WR,Cedrick Wilson,DET,28,11,49.94,21,1,0,0,0,27,20,211,1,74.1,1,384,962,39.9,0,0,0,0,0,0,0,0,0,0,0,4.66,1.1,8.29,1,0
2024,TE,Elijah Higgins,ARI,23,13,49.2,0,0,0,0,0,24,20,172,2,83.3,0,411,1096,37.5,0,0,0,0,0,0,0,0,0,0,0,2.18,1.55,6.43,0,0
2024,WR,Nelson Agholor,,31,11,49.1,0,0,0,0,0,29,14,231,2,48.3,0,420,915,45.9,0,0,0,0,0,0,0,0,0,0,0,3.15,2.08,7.68,1,0
2024,RB,Audric Estime,NO,20,13,48.7,0,0,0,310,2,5,5,27,0,100.0,1,138,849,16.3,0,0,0,0,0,0,0,0,0,0,0,3.18,0.95,7.75,1,0
2024,TE,Nick Vannett,SEA,31,10,48.5,0,0,0,0,0,20,17,135,3,85.0,0,399,1094,36.5,0,0,0,0,0,0,0,0,0,0,0,3.4,1.58,8.63,1,0
2024,K,Graham Gano,,37,9,48.0,0,0,0,0,0,0,0,0,0,0.0,0,0,638,0.0,15,0,9,0,0,0,0,0,0,0,0,3.5,1.75,9.0,0,0
2024,RB,Christian McCaffrey,SF,28,4,47.8,0,0,0,202,0,19,15,146,0,78.9,1,167,224,74.6,0,0,0,0,0,0,0,0,0,0,0,3.79,11.95,11.95,2,0
2024,QB,Michael Penix,ATL,24,5,47.1,775,3,3,11,1,0,0,0,0,0.0,0,230,1143,20.1,0,0,0,0,0,0,0,0,0,0,0,9.34,5.28,11.64,2,1
2024,WR,DJ Turner,HOU,27,10,47.1,0,0,0,33,1,29,16,158,1,55.2,0,358,787,45.5,0,0,0,0,0,0,0,0,0,0,0,3.52,1.83,8.15,1,0
2024,RB,Trey Benson,ARI,22,12,47.0,0,0,0,291,1,6,6,59,0,100.0,0,137,882,15.5,0,0,0,0,0,0,0,0,0,0,0,3.6,1.4,7.78,2,0
2024,DST,CAR Defense,CAR,,16,47.0,0,0,0,0,0,0,0,0,0,0.0,0,0,0,0.0,0,0,0,32,9,7,0,0,0,528,6877,3.93,-2.0,7.75,0,0
2024,QB,Jacoby Brissett,ARI,31,7,46.24,826,2,1,62,0,0,0,0,0,0.0,1,351,1093,32.1,0,0,0,0,0,0,0,0,0,0,0,3.28,4.81,8.75,1,0
2024,RB,Isaiah Davis,NYJ,22,9,45.9,0,0,0,174,1,12,9,75,1,75.0,0,110,1066,10.3,0,0,0,0,0,0,0,0,0,0,0,5.01,1.25,9.32,2,0
2024,QB,Marcus Mariota,WAS,30,3,45.76,364,4,0,92,1,0,0,0,0,0.0,0,100,901,11.1,0,0,0,0,0,0,0,0,0,0,0,11.02,15.25,15.25,2,1
2024,TE,Johnny Mundt,PHI,29,11,45.2,0,0,0,0,0,27,19,142,2,70.4,0,434,1117,38.9,0,0,0,0,0,0,0,0,0,0,0,2.5,1.92,6.82,1,0
2024,TE,Darnell Washington,PIT,23,12,45.0,0,0,0,0,0,25,19,200,1,76.0,0,584,1129,51.7,0,0,0,0,0,0,0,0,0,0,0,2.28,1.6,6.6,0,0
2024,RB,Tyler Goodson,ATL,23,8,44.4,0,0,0,153,1,15,11,61,1,73.3,0,132,1087,12.1,0,0,0,0,0,0,0,0,0,0,0,4.34,1.3,9.8,2,0
2024,K,Parker Romo,,27,4,44.0,0,0,0,0,0,0,0,0,0,0.0,0,0,281,0.0,7,1,11,0,0,0,0,0,0,0,0,3.46,11.0,11.0,3,0
2024,TE,Adam Trautman,DEN,27,9,43.8,0,0,0,0,0,22,13,188,2,59.1,0,574,1102,52.1,0,0,0,0,0,0,0,0,0,0,0,5.48,1.43,8.95,1,0
2024,RB,Dameon Pierce,PHI,24,9,43.5,0,0,0,293,2,4,2,2,0,50.0,0,111,688,16.1,0,0,0,0,0,0,0,0,0,0,0,7.95,0.3,10.3,2,1
2024,TE,Nate Adkins,DEN,25,11,43.5,0,0,0,0,0,15,14,115,3,93.3,0,420,1102,38.1,0,0,0,0,0,0,0,0,0,0,0,2.77,1.45,7.38,0,0
2024,RB,Chris Brooks,GB,24,11,42.2,0,0,0,183,1,13,11,69,0,84.6,0,184,947,19.4,0,0,0,0,0,0,0,0,0,0,0,2.69,1.3,6.85,0,0
2024,WR,Jahan Dotson,ATL,24,11,41.9,0,0,0,13,0,33,19,216,0,57.6,0,674,1157,58.3,0,0,0,0,0,0,0,0,0,0,0,4.11,1.55,7.0,1,0
2024,K,Cade York,NYJ,23,5,41.0,0,0,0,0,0,0,0,0,0,0.0,0,0,360,0.0,16,1,9,0,0,0,0,0,0,0,0,3.19,6.75,9.0,1,0
2024,WR,Derius Davis,LAC,23,11,40.1,0,0,0,39,0,17,13,112,2,76.5,0,148,935,15.8,0,0,0,0,0,0,0,0,0,0,0,3.43,1.18,6.98,2,0
2024,TE,Tanner Hudson,CIN,29,8,38.5,0,0,0,1,0,23,19,154,1,82.6,1,119,795,15.0,0,0,0,0,0,0,0,0,0,0,0,4.59,2.17,7.45,1,0
2024,WR,Josh Reynolds,,29,5,38.4,0,0,0,0,0,24,13,194,1,54.2,0,312,600,52.0,0,0,0,0,0,0,0,0,0,0,0,3.75,6.28,9.07,1,0
2024,WR,Robert Woods,,32,11,38.3,0,0,0,0,0,30,20,203,0,66.7,1,361,977,36.9,0,0,0,0,0,0,0,0,0,0,0,1.42,2.03,4.83,0,0
2024,RB,Cordarrelle Patterson,,33,13,37.5,0,0,0,135,0,14,12,80,1,85.7,1,110,870,12.6,0,0,0,0,0,0,0,0,0,0,0,3.56,-0.2,8.13,0,0
2024,TE,Drew Sample,CIN,28,10,37.5,0,0,0,-4,0,22,20,109,1,90.9,0,655,1137,57.6,0,0,0,0,0,0,0,0,0,0,0,3.01,1.4,6.6,1,0
2024,RB,Jamaal Williams,,29,13,37.1,0,0,0,164,1,11,9,57,0,81.8,0,178,896,19.9,0,0,0,0,0,0,0,0,0,0,0,2.96,0.7,5.85,1,0
2024,WR,Ryan Miller,NYG,24,8,36.8,0,0,0,0,0,20,12,128,2,60.0,0,275,761,36.1,0,0,0,0,0,0,0,0,0,0,0,2.64,2.55,6.65,0,0
2024,TE,Michael Mayer,LV,23,10,36.6,0,0,0,0,0,32,21,156,0,65.6,0,460,733,62.8,0,0,0,0,0,0,0,0,0,0,0,3.61,1.7,6.35,1,0
2024,WR,Tylan Wallace,CLE,25,7,36.3,0,0,0,0,0,12,11,193,1,91.7,0,275,1110,24.8,0,0,0,0,0,0,0,0,0,0,0,6.37,1.83,7.88,1,1
2024,K,Zane Gonzalez,MIA,29,6,36.0,0,0,0,0,0,0,0,0,0,0.0,0,0,422,0.0,19,0,5,0,0,0,0,0,0,0,0,2.38,4.75,7.0,1,0
2024,RB,D'Ernest Johnson,,28,11,35.9,0,0,0,143,0,19,12,96,0,63.2,0,192,820,23.4,0,0,0,0,0,0,0,0,0,0,0,2.67,0.98,5.83,0,0
2024,RB,Michael Carter,TEN,25,3,35.8,0,0,0,131,1,11,11,57,0,100.0,0,132,214,61.7,0,0,0,0,0,0,0,0,0,0,0,2.81,11.93,11.93,2,0
2024,TE,Erick All,CIN,23,7,35.8,0,0,0,0,0,22,20,158,0,90.9,0,231,551,41.9,0,0,0,0,0,0,0,0,0,0,0,1.6,3.9,6.35,0,0
2024,WR,Jalen Brooks,ARI,24,11,35.7,0,0,0,0,0,30,12,177,1,40.0,0,371,968,38.3,0,0,0,0,0,0,0,0,0,0,0,2.1,1.6,5.45,0,0
2024,RB,Pierre Strong,GB,25,11,35.2,0,0,0,108,0,22,14,104,0,63.6,0,192,995,19.3,0,0,0,0,0,0,0,0,0,0,0,2.97,0.7,6.38,0,0
2024,WR,Trey Palmer,NO,23,7,35.2,0,0,0,0,0,22,12,172,1,54.5,0,305,1012,30.1,0,0,0,0,0,0,0,0,0,0,0,2.9,3.3,6.73,1,0
2024,WR,KhaDarel Hodge,,29,7,35.1,0,0,0,0,0,12,7,131,1,58.3,0,231,1143,20.2,0,0,0,0,0,0,0,0,0,0,0,4.3,2.3,7.33,1,0
2024,TE,Brock Wright,DET,25,8,35.0,0,0,0,0,0,16,13,100,2,81.3,0,583,1146,50.9,0,0,0,0,0,0,0,0,0,0,0,2.67,1.98,6.78,0,0
2024,TE,Stone Smartt,PHI,25,7,34.8,0,0,0,0,0,19,16,208,0,84.2,1,181,951,19.0,0,0,0,0,0,0,0,0,0,0,0,2.6,2.93,6.85,0,0
2024,WR,Luke McCaffrey,WAS,23,11,34.8,0,0,0,0,0,24,18,168,0,75.0,0,419,1163,36.0,0,0,0,0,0,0,0,0,0,0,0,1.8,1.53,5.1,0,0
2024,TE,Payne Durham,TB,24,5,34.5,0,0,0,0,0,14,11,115,2,78.6,0,430,1060,40.6,0,0,0,0,0,0,0,0,0,0,0,3.67,5.73,8.18,1,0
2024,TE,Cade Stover,HOU,24,10,34.3,0,0,0,0,0,22,15,133,1,68.2,0,400,998,40.1,0,0,0,0,0,0,0,0,0,0,0,2.89,1.55,5.68,1,0
2024,TE,Lucas Krull,DEN,26,9,34.2,0,0,0,0,0,23,19,152,0,82.6,0,299,843,35.5,0,0,0,0,0,0,0,0,0,0,0,1.77,2.17,5.43,0,0
2024,K,Greg Zuerlein,,36,7,34.0,0,0,0,0,0,0,0,0,0,0.0,0,0,572,0.0,13,1,9,0,0,0,0,0,0,0,0,2.47,3.25,6.5,0,0
2024,RB,Blake Corum,LAR,23,14,33.5,0,0,0,207,0,8,7,58,0,87.5,0,119,1090,10.9,0,0,0,0,0,0,0,0,0,0,0,1.55,0.28,4.08,0,0
2024,WR,Mecole Hardman,BUF,26,7,33.2,0,0,0,62,1,14,12,90,0,85.7,0,115,834,13.8,0,0,0,0,0,0,0,0,0,0,0,3.74,2.17,7.15,1,0
2024,K,Matt Prater,,40,4,33.0,0,0,0,0,0,0,0,0,0,0.0,0,0,245,0.0,10,0,6,0,0,0,0,0,0,0,0,4.26,8.25,8.25,1,0
2024,QB,Joshua Dobbs,,29,2,32.84,361,2,2,24,2,0,0,0,0,0.0,1,81,307,26.4,0,0,0,0,0,0,0,0,0,0,0,8.32,16.42,16.42,1,1
2024,RB,Hassan Haskins,,24,10,32.8,0,0,0,89,2,3,3,49,1,100.0,1,133,1067,12.5,0,0,0,0,0,0,0,0,0,0,0,4.38,-0.35,8.15,1,0
2024,WR,Ja'Lynn Polk,,22,8,32.7,0,0,0,0,0,33,12,87,2,36.4,0,436,962,45.3,0,0,0,0,0,0,0,0,0,0,0,2.79,1.75,6.43,0,0
2024,RB,Kimani Vidal,LAC,23,9,32.7,0,0,0,155,0,9,5,62,1,55.6,0,169,644,26.2,0,0,0,0,0,0,0,0,0,0,0,3.48,1.67,5.9,1,0
2024,TE,Mo Alie-Cox,IND,30,6,32.7,0,0,0,0,0,22,12,147,1,54.5,0,475,1087,43.7,0,0,0,0,0,0,0,0,0,0,0,3.33,3.23,6.75,1,0
2024,RB,D'Onta Foreman,,28,10,32.6,0,0,0,232,0,8,6,54,0,75.0,1,195,750,26.0,0,0,0,0,0,0,0,0,0,0,0,2.88,0.2,6.18,0,0
2024,TE,Kylen Granson,TEN,26,9,32.2,0,0,0,0,0,31,14,182,0,45.2,0,430,1087,39.6,0,0,0,0,0,0,0,0,0,0,0,2.18,1.6,5.65,0,0
2024,WR,Jonathan Mingo,DAL,23,10,32.2,0,0,0,5,0,42,17,167,0,40.5,1,462,1092,42.3,0,0,0,0,0,0,0,0,0,0,0,1.81,1.3,5.13,0,0
2024,WR,Dante Pettis,BUF,28,7,32.0,0,0,0,0,0,28,12,120,1,42.9,0,148,488,30.3,0,0,0,0,0,0,0,0,0,0,0,2.47,2.9,6.2,0,0
2024,WR,Malik Heath,ATL,24,5,31.7,0,0,0,0,0,13,10,97,2,76.9,0,164,819,20.0,0,0,0,0,0,0,0,0,0,0,0,2.58,5.55,7.13,0,0
2024,RB,Khalil Herbert,SF,26,8,31.5,0,0,0,130,1,11,10,25,0,90.9,0,139,1003,13.9,0,0,0,0,0,0,0,0,0,0,0,4.98,0.78,7.1,1,0
2024,RB,Chris Rodriguez,JAX,24,6,31.5,0,0,0,173,2,1,1,12,0,100.0,0,77,627,12.3,0,0,0,0,0,0,0,0,0,0,0,5.71,1.58,7.73,1,0
2024,RB,Patrick Taylor,SF,26,5,29.8,0,0,0,183,1,11,3,25,0,27.3,0,172,855,20.1,0,0,0,0,0,0,0,0,0,0,0,4.33,4.18,7.23,1,0
2024,WR,Jake Bobo,SEA,26,9,29.7,0,0,0,0,0,17,13,107,1,76.5,0,319,1100,29.0,0,0,0,0,0,0,0,0,0,0,0,2.01,1.63,5.18,0,0
2024,RB,Zamir White,,24,8,29.3,0,0,0,183,1,8,6,30,0,75.0,2,154,509,30.3,0,0,0,0,0,0,0,0,0,0,0,2.35,1.8,5.53,0,0
2024,RB,Kendre Miller,NO,22,6,29.1,0,0,0,148,1,8,5,33,0,62.5,0,104,382,27.2,0,0,0,0,0,0,0,0,0,0,0,2.39,3.55,6.15,0,0
2024,QB,Tanner McKee,PHI,24,2,28.82,323,4,0,-1,0,0,0,0,0,0.0,0,89,133,66.9,0,0,0,0,0,0,0,0,0,0,0,4.45,14.41,14.41,1,0
2024,RB,JaMycal Hasty,,27,9,28.8,0,0,0,69,0,12,10,59,1,83.3,0,107,956,11.2,0,0,0,0,0,0,0,0,0,0,0,4.6,0.4,6.43,1,0
2024,TE,Jeremy Ruckert,NYJ,24,11,28.5,0,0,0,0,0,28,18,105,0,64.3,0,393,1066,36.9,0,0,0,0,0,0,0,0,0,0,0,1.01,1.45,3.7,0,0
2024,RB,Ty Chandler,NO,26,10,28.4,0,0,0,182,0,6,6,42,0,100.0,0,153,1117,13.7,0,0,0,0,0,0,0,0,0,0,0,2.9,0.43,5.9,0,0
2024,TE,Charlie Kolar,LAC,25,7,28.3,0,0,0,2,0,11,9,131,1,81.8,0,251,854,29.4,0,0,0,0,0,0,0,0,0,0,0,4.79,1.58,5.98,1,0
2024,RB,Sincere McCormick,SF,23,4,27.2,0,0,0,183,0,7,6,29,0,85.7,0,89,349,25.5,0,0,0,0,0,0,0,0,0,0,0,3.05,6.8,6.8,1,0
2024,WR,Kevin Austin,NO,24,8,27.0,0,0,0,9,0,22,11,151,0,50.0,0,323,488,66.2,0,0,0,0,0,0,0,0,0,0,0,1.8,2.08,4.68,0,0
2024,K,Riley Patterson,MIA,24,5,27.0,0,0,0,0,0,0,0,0,0,0.0,0,0,330,0.0,16,0,4,0,0,0,0,0,0,0,0,3.44,4.0,6.5,1,0
2024,WR,Bub Means,NO,23,3,26.8,0,0,0,0,0,15,9,118,1,60.0,0,145,465,31.2,0,0,0,0,0,0,0,0,0,0,0,4.72,8.93,8.93,1,0
2024,TE,Eric Saubert,SEA,30,6,26.7,0,0,0,0,0,14,11,97,1,78.6,0,377,1079,34.9,0,0,0,0,0,0,0,0,0,0,0,2.19,3.35,5.9,0,0
2024,RB,Jaylen Wright,MIA,21,13,26.7,0,0,0,249,0,6,3,8,0,50.0,1,171,1067,16.0,0,0,0,0,0,0,0,0,0,0,0,2.22,0.15,4.6,0,0
2024,TE,Tyler Higbee,LAR,31,3,26.6,0,0,0,0,0,12,8,66,2,66.7,0,58,175,33.1,0,0,0,0,0,0,0,0,0,0,0,5.21,8.87,8.87,1,0
2024,TE,Daniel Bellinger,TEN,23,7,26.5,0,0,0,0,0,17,14,125,0,82.4,0,365,1125,32.4,0,0,0,0,0,0,0,0,0,0,0,2.83,1.9,5.4,0,0
2024,WR,Jamison Crowder,,31,5,26.2,0,0,0,0,0,13,9,72,2,69.2,1,118,405,29.1,0,0,0,0,0,0,0,0,0,0,0,5.86,2.68,7.05,1,0
2024,QB,Kenny Pickett,CAR,26,4,26.14,291,2,1,15,1,0,0,0,0,0.0,0,134,1157,11.6,0,0,0,0,0,0,0,0,0,0,0,6.83,6.53,6.53,2,0
2024,RB,Jordan Mims,MIN,25,7,26.1,0,0,0,70,0,18,12,71,0,66.7,0,105,692,15.2,0,0,0,0,0,0,0,0,0,0,0,2.53,1.9,5.57,0,0
2024,K,Spencer Shrader,IND,25,4,26.0,0,0,0,0,0,0,0,0,0,0.0,0,0,232,0.0,9,0,5,0,0,0,0,0,0,0,0,4.09,6.5,6.5,1,0
2024,TE,Drew Ogletree,IND,26,8,25.9,0,0,0,0,0,14,9,109,1,64.3,0,439,1087,40.4,0,0,0,0,0,0,0,0,0,0,0,2.22,1.68,4.8,0,0
2024,QB,Desmond Ridder,,25,5,23.92,458,2,2,36,0,0,0,0,0,0.0,2,132,665,19.8,0,0,0,0,0,0,0,0,0,0,0,4.56,2.7,5.87,1,0
2024,WR,Mason Tipton,NO,23,7,23.9,0,0,0,0,0,26,14,99,0,53.8,0,358,709,50.5,0,0,0,0,0,0,0,0,0,0,0,2.99,1.73,4.88,1,0
2024,RB,Carson Steele,PHI,21,12,23.9,0,0,0,183,0,11,7,26,0,63.6,2,201,1148,17.5,0,0,0,0,0,0,0,0,0,0,0,2.32,0.15,4.45,0,0
2024,WR,Xavier Hutchinson,HOU,24,9,23.7,0,0,0,0,0,26,12,117,0,46.2,0,493,1044,47.2,0,0,0,0,0,0,0,0,0,0,0,1.18,1.68,3.68,0,0
2024,WR,Bo Melton,GB,25,10,23.5,0,0,0,54,0,17,8,91,0,47.1,0,251,1084,23.2,0,0,0,0,0,0,0,0,0,0,0,1.68,0.7,4.2,0,0
2024,RB,Kenny McIntosh,,24,7,22.4,0,0,0,172,0,4,3,22,0,75.0,0,75,1100,6.8,0,0,0,0,0,0,0,0,0,0,0,2.18,1.6,4.97,0,0
2024,WR,Trent Sherfield,BUF,28,8,22.3,0,0,0,0,0,9,8,83,1,88.9,0,179,1117,16.0,0,0,0,0,0,0,0,0,0,0,0,2.01,1.73,3.85,0,0
2024,TE,Julian Hill,NE,24,8,22.0,0,0,0,0,0,19,12,100,0,63.2,0,514,1077,47.7,0,0,0,0,0,0,0,0,0,0,0,1.35,1.58,3.93,0,0
2024,QB,Dorian Thompson-Robinson,,24,5,21.8,440,0,6,122,0,0,0,0,0,0.0,1,208,787,26.4,0,0,0,0,0,0,0,0,0,0,0,3.06,3.16,5.25,0,0
2024,WR,Rakim Jarrett,,23,6,21.4,0,0,0,0,0,11,9,124,0,81.8,0,210,684,30.7,0,0,0,0,0,0,0,0,0,0,0,2.47,2.15,4.47,0,0
2024,RB,DeeJay Dallas,JAX,25,7,21.0,0,0,0,49,0,3,3,11,1,100.0,0,54,1096,4.9,0,0,0,0,0,0,0,0,0,0,0,2.47,1.05,4.58,0,0
2024,RB,Craig Reynolds,,28,7,20.9,0,0,0,139,0,5,3,40,0,60.0,0,96,1146,8.4,0,0,0,0,0,0,0,0,0,0,0,2.59,1.27,4.47,0,0
2024,QB,Jimmy Garoppolo,,32,1,20.86,334,2,1,5,0,0,0,0,0,0.0,0,66,960,6.9,0,0,0,0,0,0,0,0,0,0,0,0.0,20.86,20.86,1,1
2024,QB,Tyrod Taylor,GB,35,2,20.06,119,3,0,13,0,0,0,0,0,0.0,0,36,1066,3.4,0,0,0,0,0,0,0,0,0,0,0,3.89,10.03,10.03,1,0
2024,QB,Joe Milton,DAL,24,1,19.24,241,1,0,16,1,0,0,0,0,0.0,1,61,130,46.9,0,0,0,0,0,0,0,0,0,0,0,0.0,19.24,19.24,1,0
2024,WR,Devin Duvernay,ARI,26,9,19.2,0,0,0,3,0,16,11,79,0,68.8,0,190,799,23.8,0,0,0,0,0,0,0,0,0,0,0,2.21,0.48,4.0,0,0
2024,WR,Ashton Dulin,IND,27,6,19.2,0,0,0,45,0,8,2,67,1,25.0,0,182,949,19.2,0,0,0,0,0,0,0,0,0,0,0,4.15,1.13,4.4,1,0
2024,TE,Hunter Long,JAX,26,6,19.0,0,0,0,0,0,9,7,60,0,77.8,0,279,1090,25.6,0,0,0,0,0,0,0,0,0,0,0,1.56,2.33,4.03,0,0
2024,TE,Luke Farrell,SF,26,8,18.7,0,0,0,0,0,17,12,67,0,70.6,0,390,1033,37.8,0,0,0,0,0,0,0,0,0,0,0,1.05,1.33,3.35,0,0
2024,WR,K.J. Osborn,TEN,27,4,18.7,0,0,0,0,0,18,7,57,1,38.9,0,251,589,42.6,0,0,0,0,0,0,0,0,0,0,0,3.73,4.68,4.68,1,0
2024,RB,Ronnie Rivers,LAR,25,5,18.3,0,0,0,99,0,6,5,34,0,83.3,0,81,1090,7.4,0,0,0,0,0,0,0,0,0,0,0,4.31,1.53,4.35,1,0
2024,WR,Ryan Flournoy,DAL,24,6,18.2,0,0,0,0,0,14,10,102,0,71.4,1,156,753,20.7,0,0,0,0,0,0,0,0,0,0,0,2.2,1.8,4.18,0,0
2024,WR,Marquise Brown,PHI,27,2,18.1,0,0,0,0,0,15,9,91,0,60.0,0,45,170,26.5,0,0,0,0,0,0,0,0,0,0,0,0.45,9.05,9.05,0,0
2024,TE,Brevyn Spann-Ford,DAL,24,4,17.8,0,0,0,0,0,14,9,88,0,64.3,0,305,1171,26.0,0,0,0,0,0,0,0,0,0,0,0,2.49,4.45,4.45,0,0
2024,WR,Ainias Smith,CAR,23,3,17.7,0,0,0,6,0,9,7,41,1,77.8,0,96,753,12.7,0,0,0,0,0,0,0,0,0,0,0,5.69,5.9,5.9,1,0
2024,TE,Harrison Bryant,,26,4,17.6,0,0,0,0,0,12,9,86,0,75.0,0,213,855,24.9,0,0,0,0,0,0,0,0,0,0,0,0.59,4.4,4.4,0,0
2024,RB,Eric Gray,NYG,24,10,17.3,0,0,0,31,0,11,10,82,0,90.9,2,108,1125,9.6,0,0,0,0,0,0,0,0,0,0,0,2.01,0.15,3.38,0,0
2024,TE,Blake Whiteheart,CLE,24,4,17.1,0,0,0,0,0,9,6,51,1,66.7,0,207,742,27.9,0,0,0,0,0,0,0,0,0,0,0,3.63,4.28,4.28,1,0
2024,TE,Connor Heyward,LV,25,6,17.0,0,0,0,0,0,8,6,40,1,75.0,0,207,1129,18.3,0,0,0,0,0,0,0,0,0,0,0,3.35,1.23,3.7,1,0
2024,WR,Simi Fehoko,ARI,26,3,16.6,0,0,0,0,0,16,6,106,0,37.5,0,244,495,49.3,0,0,0,0,0,0,0,0,0,0,0,2.05,5.53,5.53,0,0
2024,WR,Zay Jones,,29,5,16.4,0,0,0,0,0,11,8,84,0,72.7,0,257,793,32.4,0,0,0,0,0,0,0,0,0,0,0,2.73,1.95,3.78,0,0
2024,TE,MyCole Pruitt,,32,5,16.0,0,0,0,0,0,10,6,40,1,60.0,0,271,788,34.4,0,0,0,0,0,0,0,0,0,0,0,2.21,2.22,3.78,0,0
2024,RB,Will Shipley,PHI,22,5,15.7,0,0,0,82,0,4,4,35,0,100.0,0,65,1092,6.0,0,0,0,0,0,0,0,0,0,0,0,3.98,1.25,4.0,1,0
2024,TE,Kenny Yeboah,ARI,25,4,15.7,0,0,0,0,0,8,5,47,1,62.5,0,106,557,19.0,0,0,0,0,0,0,0,0,0,0,0,2.59,3.93,3.93,0,0
2024,WR,Bryce Oliver,TEN,24,5,15.5,0,0,0,0,0,9,6,95,0,66.7,0,67,638,10.5,0,0,0,0,0,0,0,0,0,0,0,1.02,2.8,3.43,0,0
2024,TE,Hayden Hurst,,31,6,15.3,0,0,0,0,0,13,8,73,0,61.5,0,174,562,31.0,0,0,0,0,0,0,0,0,0,0,0,1.41,1.63,3.05,0,0
2024,QB,Mitchell Trubisky,TEN,30,8,15.26,179,2,0,1,0,0,0,0,0,0.0,0,102,1088,9.4,0,0,0,0,0,0,0,0,0,0,0,3.55,-0.18,4.0,0,0
2024,WR,Parris Campbell,,27,2,15.0,0,0,0,0,0,8,6,30,1,75.0,0,140,384,36.5,0,0,0,0,0,0,0,0,0,0,0,4.2,7.5,7.5,1,0
2024,QB,Tim Boyle,,29,3,14.94,276,1,1,9,0,0,0,0,0,0.0,0,85,399,21.3,0,0,0,0,0,0,0,0,0,0,0,2.01,4.98,4.98,0,0
2024,WR,Johnny Wilson,PHI,23,3,14.8,0,0,0,0,0,15,5,38,1,33.3,0,369,1101,33.5,0,0,0,0,0,0,0,0,0,0,0,2.31,4.93,4.93,0,0
2024,WR,Jalen Reagor,MIA,25,6,14.7,0,0,0,-3,0,12,7,100,0,58.3,1,138,490,28.2,0,0,0,0,0,0,0,0,0,0,0,1.93,1.3,3.48,0,0
2024,WR,Jermaine Burton,,23,4,14.7,0,0,0,0,0,14,4,107,0,28.6,0,131,936,14.0,0,0,0,0,0,0,0,0,0,0,0,1.74,3.68,3.68,0,0
2024,TE,Quintin Morris,JAX,25,3,14.6,0,0,0,0,0,8,5,36,1,62.5,0,214,1028,20.8,0,0,0,0,0,0,0,0,0,0,0,1.96,4.87,4.87,0,0
2024,WR,Odell Beckham,NYG,31,5,14.5,0,0,0,0,0,18,9,55,0,50.0,0,119,605,19.7,0,0,0,0,0,0,0,0,0,0,0,1.23,2.5,3.35,0,0
2024,TE,John Bates,WAS,26,7,14.4,0,0,0,0,0,13,8,84,0,61.5,1,516,1163,44.4,0,0,0,0,0,0,0,0,0,0,0,1.02,1.33,2.75,0,0
2024,WR,Xavier Gipson,NYG,23,7,14.4,0,0,0,5,0,10,6,39,1,60.0,1,182,1066,17.1,0,0,0,0,0,0,0,0,0,0,0,2.64,0.25,3.75,0,0
2024,TE,Durham Smythe,BAL,29,9,14.3,0,0,0,0,0,17,9,53,0,52.9,0,364,1138,32.0,0,0,0,0,0,0,0,0,0,0,0,0.21,1.38,1.8,0,0
2024,RB,Julius Chestnut,TEN,23,8,14.3,0,0,0,102,0,3,2,11,0,66.7,0,84,1094,7.7,0,0,0,0,0,0,0,0,0,0,0,1.03,0.95,2.63,0,0
2024,QB,Jake Haener,,25,7,14.24,226,1,1,22,0,0,0,0,0,0.0,0,82,1088,7.5,0,0,0,0,0,0,0,0,0,0,0,2.45,0.26,3.71,0,0
2024,WR,Jalin Hyatt,NYG,22,4,14.2,0,0,0,0,0,19,8,62,0,42.1,0,346,1125,30.8,0,0,0,0,0,0,0,0,0,0,0,2.55,3.55,3.55,0,0
2024,WR,DeAndre Carter,,31,6,14.2,0,0,0,0,0,14,9,72,0,64.3,1,137,882,15.5,0,0,0,0,0,0,0,0,0,0,0,2.69,0.7,3.68,0,0
2024,WR,Brandon Powell,,28,6,14.1,0,0,0,0,0,10,7,71,0,70.0,0,213,1117,19.1,0,0,0,0,0,0,0,0,0,0,0,0.59,2.05,2.6,0,0
2024,WR,Ben Skowronek,PIT,27,6,13.9,0,0,0,0,0,5,5,69,0,100.0,0,101,657,15.4,0,0,0,0,0,0,0,0,0,0,0,1.3,1.53,2.98,0,0
2024,WR,Tyrell Shavers,BUF,25,1,13.9,0,0,0,0,0,1,1,69,1,100.0,0,32,205,15.6,0,0,0,0,0,0,0,0,0,0,0,0.0,13.9,13.9,1,0
2024,TE,Ben Sinnott,WAS,22,4,13.8,0,0,0,0,0,5,5,28,1,100.0,0,311,1163,26.7,0,0,0,0,0,0,0,0,0,0,0,2.99,3.45,3.45,0,0
2024,TE,Devin Culp,TB,24,2,13.8,0,0,0,0,0,6,5,88,0,83.3,0,41,371,11.1,0,0,0,0,0,0,0,0,0,0,0,1.3,6.9,6.9,0,0
2024,QB,Trey Lance,LAC,24,4,13.74,266,0,1,41,0,0,0,0,0,0.0,0,98,618,15.9,0,0,0,0,0,0,0,0,0,0,0,5.2,3.44,3.44,1,0
2024,WR,River Cracraft,WAS,29,4,13.6,0,0,0,0,0,9,7,66,0,77.8,0,120,525,22.9,0,0,0,0,0,0,0,0,0,0,0,2.57,3.4,3.4,0,0
2024,WR,Chris Conley,,31,3,13.6,0,0,0,0,0,12,6,76,0,50.0,0,239,951,25.1,0,0,0,0,0,0,0,0,0,0,0,3.81,4.53,4.53,0,0
2024,WR,Michael Woods,DEN,24,4,13.5,0,0,0,0,0,17,7,65,0,41.2,0,304,365,83.3,0,0,0,0,0,0,0,0,0,0,0,2.32,3.38,3.38,0,0
2024,QB,Tommy DeVito,NE,26,2,13.48,257,0,0,32,0,0,0,0,0,0.0,0,91,373,24.4,0,0,0,0,0,0,0,0,0,0,0,4.02,6.74,6.74,1,0
2024,WR,DJ Chark,,27,3,13.1,0,0,0,0,0,10,4,31,1,40.0,0,105,436,24.1,0,0,0,0,0,0,0,0,0,0,0,2.39,4.37,4.37,0,0
2024,TE,Pharaoh Brown,,30,7,12.5,0,0,0,0,0,12,8,65,0,66.7,1,264,963,27.4,0,0,0,0,0,0,0,0,0,0,0,1.27,1.0,2.55,0,0
2024,TE,Chris Manhertz,NYG,32,3,12.0,0,0,0,0,0,4,3,30,1,75.0,0,342,1125,30.4,0,0,0,0,0,0,0,0,0,0,0,2.27,4.0,4.0,0,0
2024,WR,Tay Martin,DET,26,1,11.9,0,0,0,0,0,2,1,49,1,50.0,0,4,62,6.5,0,0,0,0,0,0,0,0,0,0,0,0.0,11.9,11.9,1,0
2024,WR,Scotty Miller,CHI,27,2,11.9,0,0,0,0,0,9,5,69,0,55.6,0,210,852,24.6,0,0,0,0,0,0,0,0,0,0,0,0.85,5.95,5.95,0,0
2024,RB,Deuce Vaughn,,22,5,11.8,0,0,0,70,0,5,3,18,0,60.0,0,52,569,9.1,0,0,0,0,0,0,0,0,0,0,0,1.08,2.03,2.85,0,0
2024,TE,Charlie Woerner,ATL,26,6,11.6,0,0,0,0,0,12,7,46,0,58.3,0,457,1084,42.2,0,0,0,0,0,0,0,0,0,0,0,0.47,1.65,2.17,0,0
2024,TE,Gerald Everett,,30,6,11.6,0,0,0,0,0,13,8,36,0,61.5,0,246,1136,21.7,0,0,0,0,0,0,0,0,0,0,0,1.07,1.33,2.35,0,0
2024,TE,Luke Musgrave,GB,23,5,11.5,0,0,0,0,0,10,7,45,0,70.0,0,145,532,27.3,0,0,0,0,0,0,0,0,0,0,0,1.15,1.8,2.55,0,0
2024,RB,Tony Jones,,26,1,11.5,0,0,0,55,1,0,0,0,0,0.0,0,0,0,0.0,0,0,0,0,0,0,0,0,0,0,0,0.0,11.5,11.5,1,0
2024,TE,Tucker Fisk,,25,7,10.9,0,0,0,0,0,8,7,39,0,87.5,0,206,572,36.0,0,0,0,0,0,0,0,0,0,0,0,0.34,1.35,1.8,0,0
2024,WR,Jacob Cowing,SF,23,3,10.7,0,0,0,7,0,6,4,80,0,66.7,1,106,966,11.0,0,0,0,0,0,0,0,0,0,0,0,3.97,3.57,3.57,0,0
2024,WR,Laviska Shenault,,25,7,10.7,0,0,0,1,0,5,5,36,0,100.0,2,50,730,6.8,0,0,0,0,0,0,0,0,0,0,0,1.72,0.48,2.6,0,0
2024,RB,Jeff Wilson,,28,7,10.6,0,0,0,57,0,3,3,19,0,100.0,0,71,608,11.7,0,0,0,0,0,0,0,0,0,0,0,1.14,0.68,2.33,0,0
2024,WR,Britain Covey,PHI,27,2,10.4,0,0,0,0,0,8,7,34,0,87.5,0,50,348,14.4,0,0,0,0,0,0,0,0,0,0,0,3.1,5.2,5.2,0,0
2024,TE,Peyton Hendershot,,25,4,10.1,0,0,0,0,0,5,5,51,0,100.0,0,68,443,15.3,0,0,0,0,0,0,0,0,0,0,0,1.15,2.53,2.53,0,0
2024,RB,Clyde Edwards-Helaire,,25,2,10.0,0,0,0,46,0,5,3,24,0,60.0,0,26,315,8.3,0,0,0,0,0,0,0,0,0,0,0,0.0,5.0,5.0,0,0
2024,TE,Davis Allen,LAR,23,2,9.9,0,0,0,0,0,13,6,39,0,46.2,0,309,980,31.5,0,0,0,0,0,0,0,0,0,0,0,3.45,4.95,4.95,0,0
2024,WR,Kristian Wilkerson,,27,1,9.8,0,0,0,0,0,3,2,18,1,66.7,0,45,209,21.5,0,0,0,0,0,0,0,0,0,0,0,0.0,9.8,9.8,0,0
2024,TE,Tip Reiman,ARI,22,5,9.7,0,0,0,0,0,7,6,37,0,85.7,0,450,1096,41.1,0,0,0,0,0,0,0,0,0,0,0,0.61,1.73,2.15,0,0
2024,QB,Davis Mills,HOU,25,3,9.58,212,0,0,11,0,0,0,0,0,0.0,0,72,1107,6.5,0,0,0,0,0,0,0,0,0,0,0,2.46,3.19,3.19,0,0
2024,RB,Tyler Badie,DEN,24,3,9.4,0,0,0,86,0,3,3,-2,0,100.0,1,21,190,11.1,0,0,0,0,0,0,0,0,0,0,0,3.03,3.13,3.13,0,0
2024,WR,Devontez Walker,BAL,23,1,9.1,0,0,0,0,0,3,1,21,1,33.3,0,57,566,10.1,0,0,0,0,0,0,0,0,0,0,0,0.0,9.1,9.1,0,0
2024,RB,Sione Vaki,DET,23,5,9.1,0,0,0,14,0,3,3,37,0,100.0,0,26,1089,2.4,0,0,0,0,0,0,0,0,0,0,0,1.33,1.27,2.15,0,0
2024,QB,Bailey Zappe,NYJ,25,1,9.0,170,1,2,2,0,0,0,0,0,0.0,0,53,204,26.0,0,0,0,0,0,0,0,0,0,0,0,0.0,9.0,9.0,0,0
2024,WR,Tyquan Thornton,KC,24,2,8.7,0,0,0,0,0,8,4,47,0,50.0,0,112,376,29.8,0,0,0,0,0,0,0,0,0,0,0,0.35,4.35,4.35,0,0
2024,WR,Cody White,SEA,25,1,8.4,0,0,0,0,0,3,2,44,0,66.7,0,62,268,23.1,0,0,0,0,0,0,0,0,0,0,0,0.0,8.4,8.4,0,0
2024,QB,Brandon Allen,NYG,31,3,8.36,199,1,2,4,0,0,0,0,0,0.0,1,54,967,5.6,0,0,0,0,0,0,0,0,0,0,0,4.73,2.79,2.79,0,0
2024,TE,Ben Sims,MIA,24,3,8.2,0,0,0,0,0,5,4,42,0,80.0,0,224,1084,20.7,0,0,0,0,0,0,0,0,0,0,0,2.17,2.73,2.73,0,0
2024,RB,Raheem Blackshear,,26,3,8.0,0,0,0,80,0,0,0,0,0,0.0,0,61,979,6.2,0,0,0,0,0,0,0,0,0,0,0,1.47,2.67,2.67,0,0
2024,QB,Skylar Thompson,BAL,27,2,7.88,187,0,0,4,0,0,0,0,0,0.0,0,58,654,8.9,0,0,0,0,0,0,0,0,0,0,0,0.34,3.94,3.94,0,0
2024,TE,Greg Dulcich,MIA,24,2,7.8,0,0,0,0,0,12,5,28,0,41.7,0,147,573,25.7,0,0,0,0,0,0,0,0,0,0,0,0.7,3.9,3.9,0,0
2024,TE,Cam Grandy,CIN,24,4,7.8,0,0,0,0,0,5,5,28,0,100.0,0,75,586,12.8,0,0,0,0,0,0,0,0,0,0,0,0.8,1.95,1.95,0,0
2024,TE,E.J. Jenkins,PHI,25,1,7.7,0,0,0,0,0,2,1,7,1,50.0,0,95,571,16.6,0,0,0,0,0,0,0,0,0,0,0,0.0,7.7,7.7,0,0
2024,WR,Treylon Burks,WAS,24,4,7.5,0,0,0,1,0,8,4,34,0,50.0,0,147,307,47.9,0,0,0,0,0,0,0,0,0,0,0,0.36,1.88,1.88,0,0
2024,RB,Jonathon Brooks,CAR,21,3,7.5,0,0,0,22,0,3,3,23,0,100.0,0,23,203,11.3,0,0,0,0,0,0,0,0,0,0,0,3.28,2.5,2.5,0,0
2024,WR,Dee Eskridge,,27,3,7.4,0,0,0,0,0,3,3,44,0,100.0,0,37,379,9.8,0,0,0,0,0,0,0,0,0,0,0,1.09,2.47,2.47,0,0
2024,WR,Terrace Marshall,MIA,24,3,7.1,0,0,0,0,0,6,3,41,0,50.0,0,140,469,29.9,0,0,0,0,0,0,0,0,0,0,0,1.01,2.37,2.37,0,0
2024,WR,Tim Jones,JAX,26,3,7.1,0,0,0,0,0,5,3,41,0,60.0,0,169,1033,16.4,0,0,0,0,0,0,0,0,0,0,0,0.45,2.37,2.37,0,0
2024,RB,Kene Nwangwu,NYJ,26,1,7.0,0,0,0,0,0,0,0,0,0,0.0,0,1,136,0.7,0,0,0,0,0,0,0,0,0,0,0,0.0,7.0,7.0,0,0
2024,TE,Will Mallory,IND,25,4,6.9,0,0,0,0,0,8,4,29,0,50.0,0,93,650,14.3,0,0,0,0,0,0,0,0,0,0,0,0.18,1.73,1.73,0,0
2024,RB,Keaton Mitchell,LAC,22,2,6.8,0,0,0,30,0,1,1,28,0,100.0,0,36,322,11.2,0,0,0,0,0,0,0,0,0,0,0,2.4,3.4,3.4,0,0
2024,WR,Nikko Remigio,KC,24,1,6.8,0,0,0,0,0,6,2,48,0,33.3,0,39,314,12.4,0,0,0,0,0,0,0,0,0,0,0,0.0,6.8,6.8,0,0
2024,WR,Dan Chisena,CAR,27,3,6.7,0,0,0,0,0,4,3,37,0,75.0,0,19,385,4.9,0,0,0,0,0,0,0,0,0,0,0,0.76,2.23,2.23,0,0
2024,WR,Deven Thompkins,LV,24,4,6.7,0,0,0,7,0,4,4,20,0,100.0,0,51,439,11.6,0,0,0,0,0,0,0,0,0,0,0,1.66,1.68,1.68,0,0
2024,RB,Travis Homer,PIT,26,4,6.4,0,0,0,23,0,3,3,11,0,100.0,0,75,658,11.4,0,0,0,0,0,0,0,0,0,0,0,1.45,1.6,1.6,0,0
2024,RB,J.J. Taylor,,26,3,6.4,0,0,0,44,0,3,2,0,0,66.7,0,33,357,9.2,0,0,0,0,0,0,0,0,0,0,0,0.24,2.13,2.13,0,0
2024,WR,Xavier Smith,LAR,26,3,6.2,0,0,0,36,0,2,2,6,0,100.0,0,33,960,3.4,0,0,0,0,0,0,0,0,0,0,0,1.05,2.07,2.07,0,0
2024,WR,Alex Bachman,,28,1,6.1,0,0,0,0,0,3,3,31,0,100.0,0,71,390,18.2,0,0,0,0,0,0,0,0,0,0,0,0.0,6.1,6.1,0,0
2024,WR,Allen Robinson,,31,3,6.0,0,0,0,0,0,7,3,30,0,42.9,0,91,1000,9.1,0,0,0,0,0,0,0,0,0,0,0,0.8,2.0,2.0,0,0
2024,WR,Bryce Ford-Wheaton,,24,1,6.0,0,0,0,0,0,0,0,0,0,0.0,0,2,906,0.2,0,0,0,0,0,0,0,0,0,0,0,0.0,6.0,6.0,0,0
2024,WR,Ihmir Smith-Marsette,ARI,25,1,6.0,0,0,0,0,0,0,0,0,0,0.0,0,7,1054,0.7,0,0,0,0,0,0,0,0,0,0,0,0.0,6.0,6.0,0,0
2024,RB,Mike Boone,,29,5,5.9,0,0,0,51,0,3,1,-2,0,33.3,0,43,370,11.6,0,0,0,0,0,0,0,0,0,0,0,0.83,0.83,1.45,0,0
2024,WR,David Bell,,23,1,5.7,0,0,0,0,0,3,3,27,0,100.0,0,9,72,12.5,0,0,0,0,0,0,0,0,0,0,0,0.0,5.7,5.7,0,0
2024,WR,Charlie Jones,CIN,25,2,5.5,0,0,0,0,0,1,1,5,0,100.0,1,26,477,5.5,0,0,0,0,0,0,0,0,0,0,0,3.25,2.75,2.75,0,0
2024,WR,Jamari Thrash,CLE,23,2,5.2,0,0,0,0,0,7,3,22,0,42.9,0,143,791,18.1,0,0,0,0,0,0,0,0,0,0,0,0.5,2.6,2.6,0,0
2024,WR,Malachi Corley,CLE,22,5,5.2,0,0,0,26,0,6,3,16,0,50.0,1,83,748,11.1,0,0,0,0,0,0,0,0,0,0,0,0.73,0.8,1.35,0,0
2024,TE,Dallin Holker,,24,2,5.1,0,0,0,0,0,4,3,21,0,75.0,0,73,816,8.9,0,0,0,0,0,0,0,0,0,0,0,0.55,2.55,2.55,0,0
2024,RB,Jacob Kibodi,,25,1,4.9,0,0,0,24,0,3,1,15,0,33.3,0,17,59,28.8,0,0,0,0,0,0,0,0,0,0,0,0.0,4.9,4.9,0,0
2024,QB,Carson Wentz,MIN,31,2,4.72,118,0,0,0,0,0,0,0,0,0.0,0,38,1148,3.3,0,0,0,0,0,0,0,0,0,0,0,1.56,2.36,2.36,0,0
2024,TE,Tanner Conner,NYG,26,2,4.6,0,0,0,0,0,4,3,16,0,75.0,0,25,529,4.7,0,0,0,0,0,0,0,0,0,0,0,1.2,2.3,2.3,0,0
2024,WR,Trenton Irwin,SF,28,3,4.5,0,0,0,0,0,10,3,15,0,30.0,0,125,531,23.5,0,0,0,0,0,0,0,0,0,0,0,0.08,1.5,1.5,0,0
2024,TE,Josiah Deguara,SF,27,3,4.4,0,0,0,0,0,3,3,14,0,100.0,0,87,920,9.5,0,0,0,0,0,0,0,0,0,0,0,0.25,1.47,1.47,0,0
2024,WR,Ronnie Bell,NO,24,2,4.2,0,0,0,0,0,6,2,22,0,33.3,0,113,586,19.3,0,0,0,0,0,0,0,0,0,0,0,0.1,2.1,2.1,0,0
2024,RB,Jermar Jefferson,,24,2,4.2,0,0,0,22,0,1,1,10,0,100.0,0,12,136,8.8,0,0,0,0,0,0,0,0,0,0,0,1.2,2.1,2.1,0,0
2024,K,Jude McAtamney,,24,1,4.0,0,0,0,0,0,0,0,0,0,0.0,0,0,65,0.0,1,0,1,0,0,0,0,0,0,0,0,0.0,4.0,4.0,0,0
2024,TE,Jaheim Bell,PIT,23,2,4.0,0,0,0,0,0,3,2,20,0,66.7,0,83,969,8.6,0,0,0,0,0,0,0,0,0,0,0,0.9,2.0,2.0,0,0
2024,WR,Austin Trammell,JAX,26,1,4.0,0,0,0,0,0,3,2,40,0,66.7,1,33,54,61.1,0,0,0,0,0,0,0,0,0,0,0,0.0,4.0,4.0,0,0
2024,RB,Dalvin Cook,,29,2,4.0,0,0,0,20,0,1,1,10,0,100.0,0,24,139,17.3,0,0,0,0,0,0,0,0,0,0,0,1.2,2.0,2.0,0,0
2024,WR,Mason Kinsey,TEN,26,2,3.7,0,0,0,0,0,2,2,17,0,100.0,0,63,326,19.3,0,0,0,0,0,0,0,0,0,0,0,0.25,1.85,1.85,0,0
2024,TE,Ian Thomas,LV,28,2,3.7,0,0,0,0,0,6,3,7,0,50.0,0,94,283,33.2,0,0,0,0,0,0,0,0,0,0,0,0.55,1.85,1.85,0,0
2024,RB,Blake Watson,,24,1,3.3,0,0,0,10,0,2,1,13,0,50.0,0,11,127,8.7,0,0,0,0,0,0,0,0,0,0,0,0.0,3.3,3.3,0,0
2024,RB,Terrell Jennings,NE,23,2,3.3,0,0,0,33,0,1,0,0,0,0.0,0,38,203,18.7,0,0,0,0,0,0,0,0,0,0,0,0.35,1.65,1.65,0,0
2024,WR,Anthony Gould,IND,23,1,3.3,0,0,0,0,0,1,1,23,0,100.0,0,15,512,2.9,0,0,0,0,0,0,0,0,0,0,0,0.0,3.3,3.3,0,0
2024,WR,Isaiah Hodgins,NYG,25,2,3.2,0,0,0,0,0,2,2,12,0,100.0,0,63,226,27.9,0,0,0,0,0,0,0,0,0,0,0,0.1,1.6,1.6,0,0
2024,TE,Feleipe Franks,CAR,26,2,3.2,0,0,0,0,0,3,1,12,0,33.3,0,45,981,4.6,0,0,0,0,0,0,0,0,0,0,0,0.6,1.6,1.6,0,0
2024,TE,Shane Zylstra,BUF,27,1,3.2,0,0,0,0,0,1,1,22,0,100.0,0,109,811,13.4,0,0,0,0,0,0,0,0,0,0,0,0.0,3.2,3.2,0,0
2024,RB,Jase McClellan,,22,2,3.2,0,0,0,32,0,0,0,0,0,0.0,0,19,132,14.4,0,0,0,0,0,0,0,0,0,0,0,0.1,1.6,1.6,0,0
2024,QB,Taylor Heinicke,,31,4,3.12,28,0,0,20,0,0,0,0,0,0.0,0,22,941,2.3,0,0,0,0,0,0,0,0,0,0,0,0.39,0.78,0.78,0,0
2024,RB,Rasheen Ali,BAL,23,3,3.1,0,0,0,31,0,2,0,0,0,0.0,0,29,394,7.4,0,0,0,0,0,0,0,0,0,0,0,1.55,1.03,1.03,0,0
2024,WR,Grant DuBose,,23,2,3.1,0,0,0,0,0,4,2,11,0,50.0,0,50,215,23.3,0,0,0,0,0,0,0,0,0,0,0,0.75,1.55,1.55,0,0
2024,WR,James Proche,,27,3,3.1,0,0,0,0,0,3,3,21,0,100.0,1,16,598,2.7,0,0,0,0,0,0,0,0,0,0,0,2.38,1.03,1.03,0,0
2024,TE,Jack Stoll,CLE,26,2,3.0,0,0,0,0,0,3,2,10,0,66.7,0,203,730,27.8,0,0,0,0,0,0,0,0,0,0,0,0.1,1.5,1.5,0,0
2024,TE,Eric Tomlinson,,32,2,2.9,0,0,0,0,0,4,2,9,0,50.0,0,133,547,24.3,0,0,0,0,0,0,0,0,0,0,0,0.25,1.45,1.45,0,0
2024,RB,MarShawn Lloyd,GB,23,1,2.8,0,0,0,15,0,1,1,3,0,100.0,0,10,70,14.3,0,0,0,0,0,0,0,0,0,0,0,0.0,2.8,2.8,0,0
2024,WR,Chris Blair,ATL,26,1,2.7,0,0,0,0,0,2,1,17,0,50.0,0,27,418,6.5,0,0,0,0,0,0,0,0,0,0,0,0.0,2.7,2.7,0,0
2024,TE,Brevin Jordan,HOU,24,2,2.7,0,0,0,0,0,3,2,7,0,66.7,0,67,141,47.5,0,0,0,0,0,0,0,0,0,0,0,0.05,1.35,1.35,0,0
2024,QB,Hendon Hooker,TEN,26,3,2.68,62,0,0,2,0,0,0,0,0,0.0,0,33,1146,2.9,0,0,0,0,0,0,0,0,0,0,0,0.65,0.89,0.89,0,0
2024,WR,Anthony Miller,,29,1,2.6,0,0,0,0,0,1,1,16,0,100.0,0,9,125,7.2,0,0,0,0,0,0,0,0,0,0,0,0.0,2.6,2.6,0,0
2024,WR,Isaiah Williams,NYJ,23,1,2.6,0,0,0,0,0,3,2,6,0,66.7,0,27,588,4.6,0,0,0,0,0,0,0,0,0,0,0,0.0,2.6,2.6,0,0
2024,WR,Casey Washington,CAR,23,1,2.4,0,0,0,0,0,2,1,14,0,50.0,0,9,824,1.1,0,0,0,0,0,0,0,0,0,0,0,0.0,2.4,2.4,0,0
2024,WR,Javon Baker,,22,1,2.2,0,0,0,0,0,4,1,12,0,25.0,0,90,791,11.4,0,0,0,0,0,0,0,0,0,0,0,0.0,2.2,2.2,0,0
2024,RB,Jonathan Ward,,26,2,2.2,0,0,0,22,0,0,0,0,0,0.0,0,10,259,3.9,0,0,0,0,0,0,0,0,0,0,0,0.2,1.1,1.1,0,0
2024,WR,Trent Taylor,,30,1,2.1,0,0,0,0,0,1,1,11,0,100.0,0,14,140,10.0,0,0,0,0,0,0,0,0,0,0,0,0.0,2.1,2.1,0,0
2024,RB,Myles Gaskin,,27,2,2.0,0,0,0,-1,0,1,1,11,0,100.0,0,7,313,2.2,0,0,0,0,0,0,0,0,0,0,0,1.3,1.0,1.0,0,0
2024,WR,Irv Charles,SEA,27,1,2.0,0,0,0,0,0,1,0,0,0,0.0,0,10,812,1.2,0,0,0,0,0,0,0,0,0,0,0,0.0,2.0,2.0,0,0
2024,RB,Cody Schrader,DEN,24,1,1.9,0,0,0,3,0,1,1,6,0,100.0,0,2,66,3.0,0,0,0,0,0,0,0,0,0,0,0,0.0,1.9,1.9,0,0
2024,RB,George Holani,SEA,24,2,1.9,0,0,0,10,0,1,1,-1,0,100.0,0,5,300,1.7,0,0,0,0,0,0,0,0,0,0,0,0.05,0.95,0.95,0,0
2024,WR,Brandon Johnson,LV,26,1,1.9,0,0,0,0,0,1,1,9,0,100.0,0,19,192,9.9,0,0,0,0,0,0,0,0,0,0,0,0.0,1.9,1.9,0,0
2024,WR,Kendric Pryor,CIN,26,1,1.9,0,0,0,0,0,1,1,9,0,100.0,0,19,148,12.8,0,0,0,0,0,0,0,0,0,0,0,0.0,1.9,1.9,0,0
2024,RB,Chris Collier,LV,24,2,1.8,0,0,0,12,0,2,1,-4,0,50.0,0,16,527,3.0,0,0,0,0,0,0,0,0,0,0,0,0.3,0.9,0.9,0,0
2024,TE,Jared Wiley,KC,23,1,1.7,0,0,0,0,0,1,1,7,0,100.0,0,94,481,19.5,0,0,0,0,0,0,0,0,0,0,0,0.0,1.7,1.7,0,0
2024,TE,Geoff Swaim,,30,1,1.7,0,0,0,0,0,1,1,7,0,100.0,0,139,550,25.3,0,0,0,0,0,0,0,0,0,0,0,0.0,1.7,1.7,0,0
2024,RB,Aaron Shampklin,,24,3,1.7,0,0,0,17,0,0,0,0,0,0.0,0,28,195,14.4,0,0,0,0,0,0,0,0,0,0,0,0.65,0.57,0.57,0,0
2024,TE,John Samuel Shenker,,25,1,1.7,0,0,0,0,0,1,1,7,0,100.0,0,65,480,13.5,0,0,0,0,0,0,0,0,0,0,0,0.0,1.7,1.7,0,0
2024,WR,Ramel Keyton,,23,1,1.7,0,0,0,0,0,3,1,7,0,33.3,0,44,539,8.2,0,0,0,0,0,0,0,0,0,0,0,0.0,1.7,1.7,0,0
2024,TE,David Martin-Robinson,TEN,24,1,1.6,0,0,0,0,0,2,1,6,0,50.0,0,46,326,14.1,0,0,0,0,0,0,0,0,0,0,0,0.0,1.6,1.6,0,0
2024,WR,Collin Johnson,,26,1,1.6,0,0,0,0,0,2,1,6,0,50.0,0,32,610,5.2,0,0,0,0,0,0,0,0,0,0,0,0.0,1.6,1.6,0,0
2024,WR,Jaelon Darden,,25,1,1.6,0,0,0,0,0,1,1,6,0,100.0,0,22,717,3.1,0,0,0,0,0,0,0,0,0,0,0,0.0,1.6,1.6,0,0
2024,WR,John Ross,,28,1,1.6,0,0,0,0,0,2,1,6,0,50.0,0,12,57,21.1,0,0,0,0,0,0,0,0,0,0,0,0.0,1.6,1.6,0,0
2024,WR,Tyler Scott,LAR,22,1,1.5,0,0,0,0,0,1,1,5,0,100.0,0,20,884,2.3,0,0,0,0,0,0,0,0,0,0,0,0.0,1.5,1.5,0,0
2024,WR,Robbie Chosen,,31,1,1.5,0,0,0,0,0,4,1,5,0,25.0,0,12,71,16.9,0,0,0,0,0,0,0,0,0,0,0,0.0,1.5,1.5,0,0
2024,TE,Ross Dwelley,,29,1,1.5,0,0,0,0,0,1,1,5,0,100.0,0,105,1143,9.2,0,0,0,0,0,0,0,0,0,0,0,0.0,1.5,1.5,0,0
2024,TE,Zach Davidson,,26,1,1.5,0,0,0,0,0,2,1,5,0,50.0,0,42,191,22.0,0,0,0,0,0,0,0,0,0,0,0,0.0,1.5,1.5,0,0
2024,TE,Jody Fortson,,28,1,1.5,0,0,0,0,0,3,1,5,0,33.3,0,40,226,17.7,0,0,0,0,0,0,0,0,0,0,0,0.0,1.5,1.5,0,0
2024,QB,Nick Mullens,JAX,29,3,1.32,38,0,0,-2,0,0,0,0,0,0.0,0,7,1117,0.6,0,0,0,0,0,0,0,0,0,0,0,0.48,0.44,0.44,0,0
2024,TE,John FitzPatrick,,24,1,1.2,0,0,0,0,0,1,1,2,0,100.0,0,73,618,11.8,0,0,0,0,0,0,0,0,0,0,0,0.0,1.2,1.2,0,0
2024,TE,Marcedes Lewis,,40,1,1.2,0,0,0,0,0,2,1,2,0,50.0,0,220,1136,19.4,0,0,0,0,0,0,0,0,0,0,0,0.0,1.2,1.2,0,0
2024,QB,Mike White,,29,1,1.12,28,0,0,0,0,0,0,0,0,0.0,0,20,67,29.9,0,0,0,0,0,0,0,0,0,0,0,0.0,1.12,1.12,0,0
2024,RB,Tyreik McAllister,,26,1,1.1,0,0,0,11,0,0,0,0,0,0.0,0,4,261,1.5,0,0,0,0,0,0,0,0,0,0,0,0.0,1.1,1.1,0,0
2024,WR,Kameron Johnson,TB,22,1,1.1,0,0,0,11,0,1,0,0,0,0.0,0,47,396,11.9,0,0,0,0,0,0,0,0,0,0,0,0.0,1.1,1.1,0,0
2024,WR,Jalen Virgil,,26,1,1.0,0,0,0,0,0,0,0,0,0,0.0,0,37,466,7.9,0,0,0,0,0,0,0,0,0,0,0,0.0,1.0,1.0,0,0
2024,WR,Velus Jones,SEA,27,1,0.9,0,0,0,11,0,1,1,8,0,100.0,1,7,206,3.4,0,0,0,0,0,0,0,0,0,0,0,0.0,0.9,0.9,0,0
2024,WR,Brycen Tremayne,CAR,24,1,0.8,0,0,0,0,0,1,1,-2,0,100.0,0,21,150,14.0,0,0,0,0,0,0,0,0,0,0,0,0.0,0.8,0.8,0,0
2024,QB,Josh Johnson,CIN,38,4,0.78,17,0,0,1,0,0,0,0,0,0.0,0,36,1110,3.2,0,0,0,0,0,0,0,0,0,0,0,0.28,0.2,0.2,0,0
2024,QB,Kyle Allen,BUF,28,1,0.76,19,0,0,0,0,0,0,0,0,0.0,0,2,531,0.4,0,0,0,0,0,0,0,0,0,0,0,0.0,0.76,0.76,0,0
2024,RB,Reggie Gilliam,NE,27,2,0.7,0,0,0,7,0,0,0,0,0,0.0,0,139,948,14.7,0,0,0,0,0,0,0,0,0,0,0,0.05,0.35,0.35,0,0
2024,RB,Tyrion Davis-Price,,23,1,0.7,0,0,0,7,0,0,0,0,0,0.0,0,5,65,7.7,0,0,0,0,0,0,0,0,0,0,0,0.0,0.7,0.7,0,0
2024,QB,Jarrett Stidham,DEN,28,2,0.5,0,0,0,5,0,0,0,0,0,0.0,0,14,1102,1.3,0,0,0,0,0,0,0,0,0,0,0,0.45,0.25,0.25,0,0
2024,QB,Chris Oladokun,KC,26,1,0.5,0,0,0,5,0,0,0,0,0,0.0,0,5,34,14.7,0,0,0,0,0,0,0,0,0,0,0,0.0,0.5,0.5,0,0
2024,RB,Ke'Shawn Vaughn,,27,1,0.4,0,0,0,4,0,0,0,0,0,0.0,0,3,179,1.7,0,0,0,0,0,0,0,0,0,0,0,0.0,0.4,0.4,0,0
2024,RB,Darrynton Evans,,26,1,0.3,0,0,0,3,0,0,0,0,0,0.0,0,4,307,1.3,0,0,0,0,0,0,0,0,0,0,0,0.0,0.3,0.3,0,0
2024,RB,Joshua Kelley,,26,1,0.2,0,0,0,2,0,0,0,0,0,0.0,0,4,351,1.1,0,0,0,0,0,0,0,0,0,0,0,0.0,0.2,0.2,0,0
2024,RB,British Brooks,HOU,24,1,0.2,0,0,0,2,0,0,0,0,0,0.0,0,9,351,2.6,0,0,0,0,0,0,0,0,0,0,0,0.0,0.2,0.2,0,0
2024,QB,Sam Howell,DAL,23,1,0.16,24,0,1,2,0,0,0,0,0,0.0,0,26,1100,2.4,0,0,0,0,0,0,0,0,0,0,0,0.0,0.16,0.16,0,0
2024,QB,Kyle Trask,,26,3,0.0,5,0,0,-4,0,0,0,0,0,0.0,0,19,1142,1.7,0,0,0,0,0,0,0,0,0,0,0,0.19,-0.07,-0.07,0,0
2024,QB,Clayton Tune,,25,5,0.0,8,0,0,-4,0,0,0,0,0,0.0,1,31,1096,2.8,0,0,0,0,0,0,0,0,0,0,0,1.1,-0.58,0.13,0,0
2024,QB,Tyson Bagent,CHI,24,4,0.0,11,0,0,-7,0,0,0,0,0,0.0,0,13,1136,1.1,0,0,0,0,0,0,0,0,0,0,0,0.29,-0.06,-0.06,0,0
2024,WR,Jha'Quan Jackson,HOU,24,3,0.0,0,0,0,-5,0,3,1,8,0,33.3,2,46,768,6.0,0,0,0,0,0,0,0,0,0,0,0,1.56,-0.9,-0.9,0,0
2025,RB,Christian McCaffrey,SF,29,17,416.6,0,0,0,1202,10,129,102,924,7,79.1,0,932,1123,83.0,0,0,0,0,0,0,0,0,0,0,0,7.98,13.65,35.28,16,12
2025,WR,Puka Nacua,LAR,24,16,375.0,0,0,0,105,1,166,129,1715,10,77.7,1,675,990,68.2,0,0,0,0,0,0,0,0,0,0,0,9.88,12.0,36.53,15,10
2025,QB,Josh Allen,BUF,29,16,374.62,3668,25,10,579,14,0,0,0,0,0.0,3,1033,1057,97.7,0,0,0,0,0,0,0,0,0,0,0,10.01,11.56,37.53,15,11
2025,RB,Bijan Robinson,ATL,23,17,370.8,0,0,0,1478,7,103,79,820,4,76.7,3,807,1033,78.1,0,0,0,0,0,0,0,0,0,0,0,9.95,8.32,34.08,14,9
2025,RB,Jahmyr Gibbs,DET,23,17,366.9,0,0,0,1223,13,94,77,616,5,81.9,1,685,1026,66.8,0,0,0,0,0,0,0,0,0,0,0,13.12,7.38,41.85,13,7
2025,RB,Jonathan Taylor,IND,26,17,362.3,0,0,0,1585,18,55,46,378,2,83.6,1,849,1007,84.3,0,0,0,0,0,0,0,0,0,0,0,12.07,8.4,38.5,14,7
2025,QB,Drake Maye,NE,23,17,359.96,4394,31,8,450,4,1,1,2,0,100.0,3,1005,1035,97.1,0,0,0,0,0,0,0,0,0,0,0,5.14,15.02,28.32,17,10
2025,WR,Jaxon Smith-Njigba,SEA,23,17,359.9,0,0,0,36,0,163,119,1793,10,73.0,1,829,1064,77.9,0,0,0,0,0,0,0,0,0,0,0,7.26,11.98,30.65,16,10
2025,QB,Matthew Stafford,LAR,37,17,358.38,4707,46,8,1,0,0,0,0,0,0.0,3,1045,1060,98.6,0,0,0,0,0,0,0,0,0,0,0,6.37,12.44,28.14,16,10
2025,QB,Trevor Lawrence,JAX,25,17,350.18,4007,29,12,359,9,0,0,0,0,0.0,3,1064,1089,97.7,0,0,0,0,0,0,0,0,0,0,0,8.32,10.65,31.71,16,9
2025,QB,Caleb Williams,CHI,23,17,325.18,3942,27,7,383,3,2,2,22,1,100.0,1,1088,1099,99.0,0,0,0,0,0,0,0,0,0,0,0,7.66,9.81,29.28,16,7
2025,WR,Amon-Ra St. Brown,DET,25,16,324.0,0,0,0,9,0,172,117,1401,11,68.0,0,870,1026,84.8,0,0,0,0,0,0,0,0,0,0,0,9.76,9.45,34.13,13,7
2025,QB,Dak Prescott,DAL,32,17,323.78,4552,30,10,177,2,0,0,0,0,0.0,2,1107,1131,97.9,0,0,0,0,0,0,0,0,0,0,0,7.88,7.28,27.91,14,10
2025,RB,De'Von Achane,MIA,23,16,322.8,0,0,0,1350,8,85,67,488,4,78.8,0,697,927,75.2,0,0,0,0,0,0,0,0,0,0,0,6.79,14.9,29.8,16,5
2025,TE,Trey McBride,ARI,25,17,315.9,0,0,0,0,0,169,126,1239,11,74.6,0,981,1077,91.1,0,0,0,0,0,0,0,0,0,0,0,8.12,9.68,30.5,15,7
2025,QB,Bo Nix,DEN,25,17,315.84,3931,25,11,356,5,1,0,0,0,0.0,2,1077,1081,99.6,0,0,0,0,0,0,0,0,0,0,0,7.91,9.95,30.14,15,6
2025,WR,Ja'Marr Chase,CIN,25,16,313.6,0,0,0,14,0,185,125,1412,8,67.6,1,919,978,94.0,0,0,0,0,0,0,0,0,0,0,0,9.94,6.7,32.17,12,8
2025,QB,Jalen Hurts,PHI,27,16,305.06,3224,25,6,421,8,0,0,0,0,0.0,4,965,988,97.7,0,0,0,0,0,0,0,0,0,0,0,7.07,9.22,27.39,14,7
2025,QB,Jared Goff,DET,30,17,305.06,4564,34,8,45,0,0,0,0,0,0.0,5,1010,1026,98.4,0,0,0,0,0,0,0,0,0,0,0,6.84,10.0,27.69,16,6
2025,RB,James Cook,BUF,25,17,302.2,0,0,0,1621,12,40,33,291,2,82.5,3,637,1057,60.3,0,0,0,0,0,0,0,0,0,0,0,8.93,5.95,29.4,13,9
2025,QB,Justin Herbert,LAC,27,16,299.88,3727,26,13,498,2,0,0,0,0,0.0,2,1043,1072,97.3,0,0,0,0,0,0,0,0,0,0,0,7.39,10.69,29.18,15,5
2025,QB,Patrick Mahomes,KC,29,14,296.68,3587,22,11,422,5,1,1,-10,0,100.0,0,934,961,97.2,0,0,0,0,0,0,0,0,0,0,0,7.21,12.01,28.99,13,8
2025,WR,George Pickens,DAL,24,17,291.9,0,0,0,0,0,137,93,1429,9,67.9,0,943,1131,83.4,0,0,0,0,0,0,0,0,0,0,0,9.36,5.73,31.05,13,5
2025,QB,Baker Mayfield,TB,30,17,282.92,3693,26,11,382,1,0,0,0,0,0.0,3,1099,1134,96.9,0,0,0,0,0,0,0,0,0,0,0,5.79,8.46,23.09,15,4
2025,RB,Chase Brown,CIN,25,17,282.6,0,0,0,1019,6,88,69,437,5,78.4,0,700,1043,67.1,0,0,0,0,0,0,0,0,0,0,0,7.13,8.38,26.68,14,3
2025,RB,Derrick Henry,BAL,31,17,279.5,0,0,0,1595,16,21,15,150,0,71.4,3,519,963,53.9,0,0,0,0,0,0,0,0,0,0,0,9.7,7.35,30.1,13,5
2025,WR,Chris Olave,NO,25,16,269.0,0,0,1,-3,0,156,100,1163,9,64.1,0,887,1056,84.0,0,0,0,0,0,0,0,0,0,0,0,7.6,9.03,27.73,13,5
2025,RB,Kyren Williams,LAR,25,17,263.3,0,0,0,1252,10,50,36,281,3,72.0,2,725,1060,68.4,0,0,0,0,0,0,0,0,0,0,0,5.93,8.68,23.63,14,3
2025,RB,Travis Etienne,NO,26,17,253.9,0,0,0,1107,7,52,36,292,6,69.2,0,657,1089,60.3,0,0,0,0,0,0,0,0,0,0,0,6.74,6.3,23.2,12,3
2025,QB,Sam Darnold,SEA,28,17,249.42,4048,25,14,95,0,0,0,0,0,0.0,6,1026,1064,96.4,0,0,0,0,0,0,0,0,0,0,0,7.74,5.38,25.4,10,4
2025,QB,Jaxson Dart,NYG,22,14,246.58,2272,15,5,487,9,0,0,0,0,0.0,2,699,918,76.1,0,0,0,0,0,0,0,0,0,0,0,9.85,3.65,27.01,11,7
2025,RB,Ashton Jeanty,LV,21,17,245.1,0,0,0,975,5,73,55,346,5,75.3,1,711,931,76.4,0,0,0,0,0,0,0,0,0,0,0,8.43,5.98,27.5,10,3
2025,WR,Zay Flowers,BAL,24,17,243.3,0,0,0,62,1,118,86,1211,5,72.9,3,828,963,86.0,0,0,0,0,0,0,0,0,0,0,0,7.26,5.95,24.93,14,4
2025,RB,Javonte Williams,DAL,25,16,242.8,0,0,0,1201,11,51,35,137,2,68.6,2,769,1131,68.0,0,0,0,0,0,0,0,0,0,0,0,5.83,8.07,22.83,13,3
2025,QB,Jordan Love,GB,26,15,241.14,3381,23,6,199,0,0,0,0,0,0.0,2,894,953,93.8,0,0,0,0,0,0,0,0,0,0,0,7.07,7.18,25.31,12,5
2025,RB,Josh Jacobs,GB,27,15,237.1,0,0,0,929,13,44,36,282,1,81.8,2,554,934,59.3,0,0,0,0,0,0,0,0,0,0,0,8.71,5.05,26.73,12,3
2025,QB,Jacoby Brissett,ARI,32,13,235.44,3366,23,8,168,1,0,0,0,0,0.0,4,757,1077,70.3,0,0,0,0,0,0,0,0,0,0,0,6.11,11.23,22.99,12,6
2025,QB,Daniel Jones,IND,28,13,234.44,3101,19,8,164,5,0,0,0,0,0.0,3,756,830,91.1,0,0,0,0,0,0,0,0,0,0,0,6.43,11.54,24.75,12,5
2025,QB,Aaron Rodgers,PIT,41,16,234.08,3322,24,7,61,1,1,1,-9,0,100.0,1,843,884,95.4,0,0,0,0,0,0,0,0,0,0,0,6.0,6.97,22.36,12,3
2025,RB,Saquon Barkley,PHI,28,16,232.3,0,0,0,1140,7,50,37,273,2,74.0,1,773,988,78.2,0,0,0,0,0,0,0,0,0,0,0,6.97,6.57,22.8,10,2
2025,QB,Bryce Young,CAR,24,16,229.04,3011,23,11,216,2,0,0,0,0,0.0,4,964,1000,96.4,0,0,0,0,0,0,0,0,0,0,0,7.18,6.64,24.04,13,3
2025,RB,D'Andre Swift,CHI,26,16,228.6,0,0,0,1087,9,48,34,299,1,70.8,2,589,1019,57.8,0,0,0,0,0,0,0,0,0,0,0,6.46,6.43,22.7,11,5
2025,WR,Nico Collins,HOU,26,15,226.2,0,0,0,15,1,120,71,1117,6,59.2,1,778,1012,76.9,0,0,0,0,0,0,0,0,0,0,0,6.28,7.35,23.18,10,5
2025,WR,Davante Adams,LAR,32,14,222.9,0,0,0,0,0,114,60,789,14,52.6,0,635,903,70.3,0,0,0,0,0,0,0,0,0,0,0,6.59,7.75,23.83,10,5
2025,RB,Kenny Gainwell,TB,26,17,222.3,0,0,0,537,5,85,73,486,3,85.9,1,467,956,48.8,0,0,0,0,0,0,0,0,0,0,0,9.05,3.93,26.53,7,4
2025,QB,Lamar Jackson,BAL,28,13,221.86,2549,21,7,349,2,0,0,0,0,0.0,3,651,704,92.5,0,0,0,0,0,0,0,0,0,0,0,8.46,6.56,27.06,9,6
2025,WR,Michael Wilson,ARI,25,17,220.6,0,0,0,0,0,126,78,1006,7,61.9,0,872,1077,81.0,0,0,0,0,0,0,0,0,0,0,0,10.29,2.78,28.35,7,4
2025,WR,A.J. Brown,NE,28,15,220.3,0,0,0,0,0,121,78,1003,7,64.5,0,843,931,90.5,0,0,0,0,0,0,0,0,0,0,0,9.42,3.88,27.8,10,4
2025,WR,Jameson Williams,DET,24,15,219.9,0,0,0,12,0,102,65,1117,7,63.7,0,923,1026,90.0,0,0,0,0,0,0,0,0,0,0,0,7.77,4.93,24.23,10,3
2025,WR,Courtland Sutton,DEN,29,17,219.7,0,0,0,0,0,124,74,1017,7,59.7,0,929,1081,85.9,0,0,0,0,0,0,0,0,0,0,0,7.26,2.8,21.95,10,3
2025,WR,Wan'Dale Robinson,TEN,24,16,217.9,0,0,0,5,0,140,92,1014,4,65.7,0,973,1072,90.8,0,0,0,0,0,0,0,0,0,0,0,7.93,5.2,25.38,10,4
2025,RB,Jaylen Warren,PIT,26,16,217.1,0,0,0,958,6,45,40,333,2,88.9,0,461,903,51.1,0,0,0,0,0,0,0,0,0,0,0,5.44,7.8,20.8,11,1
2025,QB,C.J. Stroud,HOU,23,14,216.54,3041,19,8,209,1,0,0,0,0,0.0,0,824,888,92.8,0,0,0,0,0,0,0,0,0,0,0,6.12,8.9,23.33,12,3
2025,RB,Rico Dowdle,PIT,27,17,216.3,0,0,0,1076,6,50,39,297,1,78.0,1,591,1061,55.7,0,0,0,0,0,0,0,0,0,0,0,9.51,3.38,27.42,9,3
2025,WR,Tee Higgins,CIN,26,15,211.6,0,0,0,0,0,98,59,846,11,60.2,0,710,884,80.3,0,0,0,0,0,0,0,0,0,0,0,7.95,5.78,25.15,10,3
2025,WR,Tetairoa McMillan,CAR,22,17,211.4,0,0,0,0,0,122,70,1014,7,57.4,1,925,1061,87.2,0,0,0,0,0,0,0,0,0,0,0,6.87,5.03,21.78,12,1
2025,TE,Kyle Pitts,ATL,24,17,210.8,0,0,0,0,0,118,88,928,5,74.6,0,903,1033,87.4,0,0,0,0,0,0,0,0,0,0,0,9.64,4.08,24.38,9,1
2025,WR,Stefon Diggs,,31,17,210.3,0,0,0,0,0,102,85,1013,4,83.3,0,560,1035,54.1,0,0,0,0,0,0,0,0,0,0,0,6.61,5.13,22.25,10,3
2025,RB,Breece Hall,NYJ,24,16,207.66,4,1,0,1065,4,48,36,350,1,75.0,2,640,999,64.1,0,0,0,0,0,0,0,0,0,0,0,7.38,5.43,22.69,8,2
2025,RB,RJ Harvey,DEN,24,17,206.6,0,0,0,540,7,58,47,356,5,81.0,1,448,1081,41.4,0,0,0,0,0,0,0,0,0,0,0,7.43,4.03,22.35,8,4
2025,RB,TreVeyon Henderson,NE,22,17,206.2,0,0,0,911,9,42,35,221,1,83.3,1,477,1035,46.1,0,0,0,0,0,0,0,0,0,0,0,9.31,3.0,26.93,9,3
2025,WR,Michael Pittman,PIT,27,17,202.4,0,0,0,0,0,111,80,784,7,72.1,0,860,1007,85.4,0,0,0,0,0,0,0,0,0,0,0,7.27,3.23,21.2,9,3
2025,WR,Drake London,ATL,24,12,201.9,0,0,0,0,0,112,68,919,7,60.7,1,650,723,89.9,0,0,0,0,0,0,0,0,0,0,0,10.97,5.3,30.0,8,4
2025,WR,DeVonta Smith,PHI,26,17,201.8,0,0,0,0,0,113,77,1008,4,68.1,0,879,988,89.0,0,0,0,0,0,0,0,0,0,0,0,7.57,3.95,22.4,7,1
2025,WR,Justin Jefferson,MIN,26,17,201.5,0,0,0,7,0,141,84,1048,2,59.6,0,890,934,95.3,0,0,0,0,0,0,0,0,0,0,0,5.62,4.18,19.25,11,1
2025,WR,CeeDee Lamb,DAL,26,13,200.9,0,0,0,2,0,117,75,1077,3,64.1,0,707,947,74.7,0,0,0,0,0,0,0,0,0,0,0,5.75,8.4,21.13,11,3
2025,WR,Emeka Egbuka,TB,22,17,195.7,0,0,0,9,0,127,63,938,6,49.6,0,886,1134,78.1,0,0,0,0,0,0,0,0,0,0,0,8.17,3.68,24.63,7,4
2025,K,Jason Myers,SEA,34,17,195.0,0,0,0,0,0,0,0,0,0,0.0,0,0,1064,0.0,48,0,41,0,0,0,0,0,0,0,0,5.37,5.0,18.75,8,1
2025,WR,Jaylen Waddle,DEN,26,16,194.12,8,0,0,28,0,100,64,910,6,64.0,0,724,927,78.1,0,0,0,0,0,0,0,0,0,0,0,6.65,3.7,20.35,9,2
2025,QB,Cam Ward,TEN,23,17,193.66,3169,15,7,159,2,0,0,0,0,0.0,7,1002,1002,100.0,0,0,0,0,0,0,0,0,0,0,0,5.13,5.19,18.5,9,1
2025,TE,Travis Kelce,KC,35,17,193.2,0,0,0,1,0,108,76,851,5,70.4,0,851,1049,81.1,0,0,0,0,0,0,0,0,0,0,0,6.21,3.55,20.15,9,2
2025,RB,Kenneth Walker,KC,24,17,191.9,0,0,0,1027,5,36,31,282,0,86.1,0,498,1064,46.8,0,0,0,0,0,0,0,0,0,0,0,6.33,4.2,20.58,8,2
2025,QB,Geno Smith,NYJ,34,15,190.9,3025,19,17,109,0,0,0,0,0,0.0,1,863,889,97.1,0,0,0,0,0,0,0,0,0,0,0,6.76,5.58,21.71,8,2
2025,K,Ka'imi Fairbairn,HOU,31,15,190.0,0,0,0,0,0,0,0,0,0,0.0,0,0,947,0.0,28,0,44,0,0,0,0,0,0,0,0,5.44,7.0,19.5,8,1
2025,TE,Tyler Warren,IND,23,17,188.5,0,0,0,8,1,112,76,817,4,67.9,0,846,1007,84.0,0,0,0,0,0,0,0,0,0,0,0,4.73,5.35,17.85,8,0
2025,WR,Deebo Samuel,SF,29,16,188.2,0,0,0,75,1,99,72,727,5,72.7,0,664,918,72.3,0,0,0,0,0,0,0,0,0,0,0,6.72,4.65,21.75,8,4
2025,TE,Jake Ferguson,DAL,26,16,188.1,0,0,0,1,0,102,82,600,8,80.4,2,753,1131,66.6,0,0,0,0,0,0,0,0,0,0,0,6.49,4.33,21.0,9,3
2025,QB,Brock Purdy,SF,25,9,187.38,2167,20,10,147,3,0,0,0,0,0.0,2,576,588,98.0,0,0,0,0,0,0,0,0,0,0,0,9.37,13.1,28.92,8,3
2025,WR,DK Metcalf,PIT,27,15,187.2,0,0,0,12,1,99,59,850,6,59.6,0,776,890,87.2,0,0,0,0,0,0,0,0,0,0,0,5.8,5.83,20.35,9,2
2025,TE,Harold Fannin,CLE,21,16,186.4,0,0,0,13,1,107,72,731,6,67.3,1,786,1031,76.2,0,0,0,0,0,0,0,0,0,0,0,5.55,5.55,19.6,9,1
2025,RB,Tony Pollard,TEN,28,17,185.8,0,0,0,1082,5,41,33,206,0,80.5,3,623,1002,62.2,0,0,0,0,0,0,0,0,0,0,0,5.45,5.98,18.75,8,1
2025,TE,Dallas Goedert,PHI,30,15,185.1,0,0,0,0,0,82,60,591,11,73.2,0,787,928,84.8,0,0,0,0,0,0,0,0,0,0,0,6.93,4.47,22.13,9,2
2025,WR,Parker Washington,JAX,23,15,184.7,0,0,0,0,0,95,58,847,5,61.1,0,627,1025,61.2,0,0,0,0,0,0,0,0,0,0,0,6.74,4.6,20.83,8,1
2025,WR,Alec Pierce,IND,25,14,183.3,0,0,0,0,0,84,47,1003,6,56.0,0,769,880,87.4,0,0,0,0,0,0,0,0,0,0,0,7.58,4.4,22.5,9,2
2025,WR,Keenan Allen,,33,17,182.7,0,0,0,0,0,122,81,777,4,66.4,0,592,1072,55.2,0,0,0,0,0,0,0,0,0,0,0,6.6,4.47,21.33,6,1
2025,RB,Zach Charbonnet,SEA,24,16,181.4,0,0,0,730,12,24,20,144,0,83.3,0,489,1007,48.6,0,0,0,0,0,0,0,0,0,0,0,6.49,3.6,20.45,9,1
2025,DST,SEA Defense,SEA,,17,181.0,0,0,0,0,0,0,0,0,0,0.0,0,0,0,0.0,0,0,0,47,18,6,3,0,3,286,4860,8.32,1.25,22.75,8,2
2025,WR,Ladd McConkey,LAC,23,16,180.9,0,0,0,0,0,106,66,789,6,62.3,0,838,1072,78.2,0,0,0,0,0,0,0,0,0,0,0,6.64,3.1,20.05,8,3
2025,K,Brandon Aubrey,DAL,30,17,180.6,0,0,0,6,0,0,0,0,0,0.0,0,0,1131,0.0,47,1,36,0,0,0,0,0,0,0,0,5.8,4.75,19.5,7,2
2025,TE,Juwan Johnson,NO,28,17,179.9,0,0,0,0,0,102,77,889,3,75.5,2,799,1056,75.7,0,0,0,0,0,0,0,0,0,0,0,4.68,4.5,16.9,10,0
2025,TE,Hunter Henry,NE,30,17,178.8,0,0,0,0,0,87,60,768,7,69.0,0,835,1035,80.7,0,0,0,0,0,0,0,0,0,0,0,7.06,3.08,20.73,8,2
2025,RB,Rhamondre Stevenson,NE,27,14,178.8,0,0,0,603,7,37,32,345,2,86.5,3,505,839,60.2,0,0,0,0,0,0,0,0,0,0,0,9.69,3.28,25.38,8,3
2025,TE,Dalton Schultz,HOU,29,17,177.7,0,0,0,0,0,106,82,777,3,77.4,0,789,1092,72.3,0,0,0,0,0,0,0,0,0,0,0,5.47,4.08,18.3,9,1
2025,WR,Troy Franklin,DEN,22,16,177.1,0,0,0,12,0,104,65,709,6,62.5,1,645,1081,59.7,0,0,0,0,0,0,0,0,0,0,0,7.14,3.53,21.68,7,3
2025,TE,Brock Bowers,LV,22,12,176.2,0,0,0,2,0,86,64,680,7,74.4,0,605,708,85.5,0,0,0,0,0,0,0,0,0,0,0,9.69,7.73,23.88,7,2
2025,WR,Jakobi Meyers,JAX,28,16,175.8,0,0,0,13,0,110,75,835,3,68.2,1,824,967,85.2,0,0,0,0,0,0,0,0,0,0,0,4.21,6.9,17.2,7,1
2025,QB,Tua Tagovailoa,ATL,27,14,175.7,2660,20,15,43,0,0,0,0,0,0.0,1,778,813,95.7,0,0,0,0,0,0,0,0,0,0,0,6.44,5.35,20.94,7,2
2025,WR,Jauan Jennings,MIN,28,15,173.3,0,0,0,0,0,90,55,643,9,61.1,1,795,972,81.8,0,0,0,0,0,0,0,0,0,0,0,5.52,4.7,18.45,8,0
2025,WR,Quentin Johnston,LAC,23,12,171.2,0,0,0,7,0,85,51,735,8,60.0,1,723,942,76.8,0,0,0,0,0,0,0,0,0,0,0,6.3,7.48,21.25,9,3
2025,WR,DJ Moore,BUF,28,16,170.18,2,1,0,79,1,85,50,682,6,58.8,1,932,1099,84.8,0,0,0,0,0,0,0,0,0,0,0,7.78,1.88,22.8,6,4
2025,RB,Quinshon Judkins,CLE,21,14,169.8,0,0,0,827,7,36,26,171,0,72.2,0,452,903,50.1,0,0,0,0,0,0,0,0,0,0,0,6.48,4.72,20.27,9,2
2025,RB,David Montgomery,HOU,28,17,166.92,3,1,0,716,8,29,24,192,0,82.8,1,377,1026,36.7,0,0,0,0,0,0,0,0,0,0,0,6.52,3.3,18.76,7,1
2025,WR,Khalil Shakir,BUF,25,16,166.4,0,0,0,5,0,95,72,719,4,75.8,1,635,1057,60.1,0,0,0,0,0,0,0,0,0,0,0,5.62,2.68,17.55,9,1
2025,K,Cameron Dicker,LAC,25,17,166.0,0,0,0,0,0,0,0,0,0,0.0,0,0,1072,0.0,34,1,38,0,0,0,0,0,0,0,0,4.57,4.0,16.0,7,0
2025,DST,HOU Defense,HOU,,17,166.0,0,0,0,0,0,0,0,0,0,0.0,0,0,0,0.0,0,0,0,47,19,8,4,0,3,295,4713,4.94,3.75,16.25,8,0
2025,WR,Romeo Doubs,NE,25,15,165.4,0,0,0,0,0,85,55,724,6,64.7,0,780,1000,78.0,0,0,0,0,0,0,0,0,0,0,0,6.72,3.97,19.63,7,1
2025,TE,Colston Loveland,CHI,21,15,165.1,0,0,0,-2,0,82,58,713,6,70.7,0,651,1031,63.1,0,0,0,0,0,0,0,0,0,0,0,8.04,3.95,22.8,6,3
2025,QB,Tyler Shough,NO,25,10,163.96,2384,10,6,186,3,0,0,0,0,0.0,2,537,1056,50.9,0,0,0,0,0,0,0,0,0,0,0,5.79,10.4,21.48,8,3
2025,WR,Tre Tucker,LV,24,16,161.7,0,0,0,51,0,92,57,696,5,62.0,0,881,931,94.6,0,0,0,0,0,0,0,0,0,0,0,8.6,4.63,20.25,5,1
2025,TE,George Kittle,SF,31,10,161.5,0,0,0,-3,0,69,57,628,7,82.6,0,554,694,79.8,0,0,0,0,0,0,0,0,0,0,0,6.67,9.5,23.85,8,4
2025,RB,Tyrone Tracy,NYG,25,15,160.8,0,0,0,740,2,48,36,288,2,75.0,1,496,923,53.7,0,0,0,0,0,0,0,0,0,0,0,7.4,4.0,21.63,5,2
2025,K,Cam Little,JAX,22,16,159.0,0,0,0,0,0,0,0,0,0,0.0,0,0,1089,0.0,50,1,30,0,0,0,0,0,0,0,0,4.62,3.25,14.75,9,0
2025,K,Will Reichard,MIN,24,16,157.0,0,0,0,0,0,0,0,0,0,0.0,0,0,934,0.0,31,0,33,0,0,0,0,0,0,0,0,3.96,5.0,15.0,7,0
2025,QB,Joe Flacco,CIN,40,13,156.66,2479,15,10,35,1,0,0,0,0,0.0,3,689,1108,62.2,0,0,0,0,0,0,0,0,0,0,0,10.23,1.19,25.44,7,3
2025,WR,Rashid Shaheed,SEA,27,18,156.6,0,0,0,69,0,92,59,687,2,64.1,1,705,1162,60.7,0,0,0,0,0,0,0,0,0,0,0,5.67,1.53,16.95,6,1
2025,RB,Woody Marks,HOU,24,16,151.1,0,0,0,703,2,36,24,208,3,66.7,0,540,1027,52.6,0,0,0,0,0,0,0,0,0,0,0,6.63,2.5,18.68,6,1
2025,WR,Rashee Rice,KC,25,8,150.1,0,0,0,20,1,78,53,571,5,67.9,0,415,567,73.2,0,0,0,0,0,0,0,0,0,0,0,7.59,11.98,25.55,6,4
2025,K,Chase McLaughlin,TB,29,17,149.0,0,0,0,0,0,0,0,0,0,0.0,0,0,1134,0.0,32,1,32,0,0,0,0,0,0,0,0,5.25,2.5,16.25,5,0
2025,DST,MIN Defense,MIN,,16,149.0,0,0,0,0,0,0,0,0,0,0.0,0,0,0,0.0,0,0,0,49,8,13,2,0,2,309,4804,9.05,1.75,22.25,5,2
2025,DST,JAX Defense,JAX,,17,148.0,0,0,0,0,0,0,0,0,0,0.0,0,0,0,0.0,0,0,0,32,22,7,2,1,0,324,5162,5.31,1.5,15.0,7,0
2025,TE,AJ Barner,SEA,23,17,147.3,0,0,0,14,1,68,52,519,6,76.5,0,827,1064,77.7,0,0,0,0,0,0,0,0,0,0,0,6.3,1.67,17.43,8,1
2025,DST,DEN Defense,DEN,,16,147.0,0,0,0,0,0,0,0,0,0,0.0,0,0,0,0.0,0,0,0,68,10,3,1,0,2,309,4730,4.9,4.5,16.5,4,1
2025,RB,Kyle Monangai,CHI,23,17,146.7,0,0,0,783,5,30,18,164,0,60.0,0,455,1099,41.4,0,0,0,0,0,0,0,0,0,0,0,6.09,2.33,17.88,6,1
2025,WR,Rome Odunze,CHI,23,11,146.1,0,0,0,0,0,90,44,661,6,48.9,0,733,899,81.5,0,0,0,0,0,0,0,0,0,0,0,8.33,4.8,21.93,6,2
2025,RB,Kareem Hunt,,30,17,145.4,0,0,0,611,8,25,18,143,1,72.0,1,504,1049,48.0,0,0,0,0,0,0,0,0,0,0,0,5.87,2.2,17.27,6,0
2025,K,Chris Boswell,PIT,34,17,144.0,0,0,0,0,0,0,0,0,0,0.0,0,0,956,0.0,42,1,27,0,0,0,0,0,0,0,0,4.64,3.0,15.0,4,0
2025,DST,CLE Defense,CLE,,16,144.0,0,0,0,0,0,0,0,0,0,0.0,0,0,0,0.0,0,0,0,53,11,5,4,0,2,371,4822,7.87,1.25,20.25,7,2
2025,QB,Justin Fields,KC,26,9,143.66,1259,7,1,383,4,1,0,0,0,0.0,3,501,677,74.0,0,0,0,0,0,0,0,0,0,0,0,10.09,5.22,25.86,5,4
2025,K,Jake Bates,DET,26,17,143.0,0,0,0,0,0,0,0,0,0,0.0,0,0,1026,0.0,54,2,27,0,0,0,0,0,0,0,0,3.34,4.75,13.25,5,0
2025,RB,Rachaad White,WAS,26,17,143.0,0,0,0,572,4,45,40,218,0,88.9,0,574,1134,50.6,0,0,0,0,0,0,0,0,0,0,0,5.33,3.08,16.43,4,1
2025,DST,PHI Defense,PHI,,17,143.0,0,0,0,0,0,0,0,0,0,0.0,0,0,0,0.0,0,0,0,42,12,9,1,0,4,323,5341,5.12,2.5,15.25,7,0
2025,K,Andy Borregales,NE,22,17,142.0,0,0,0,0,0,0,0,0,0,0.0,0,0,1035,0.0,53,2,27,0,0,0,0,0,0,0,0,4.0,4.0,14.5,4,0
2025,DST,LAR Defense,LAR,,16,142.0,0,0,0,0,0,0,0,0,0,0.0,0,0,0,0.0,0,0,0,47,16,9,1,0,2,334,5568,4.72,3.5,15.25,5,0
2025,DST,PIT Defense,PIT,,17,141.0,0,0,0,0,0,0,0,0,0,0.0,0,0,0,0.0,0,0,0,48,15,10,3,1,0,379,6068,6.59,1.0,18.0,5,1
2025,RB,Jacory Croskey-Merritt,WAS,24,17,140.3,0,0,0,805,8,13,9,68,0,69.2,2,381,985,38.7,0,0,0,0,0,0,0,0,0,0,0,7.25,2.28,19.83,5,2
2025,K,Harrison Butker,KC,30,17,140.0,0,0,0,0,0,0,0,0,0,0.0,0,0,1049,0.0,31,4,33,0,0,0,0,0,0,0,0,3.8,3.75,13.5,5,0
2025,QB,Joe Burrow,CIN,28,8,139.46,1809,17,5,41,0,0,0,0,0,0.0,0,411,478,86.0,0,0,0,0,0,0,0,0,0,0,0,7.99,10.65,24.22,5,4
2025,WR,Brian Thomas,JAX,22,14,138.8,0,0,0,21,1,91,48,707,2,52.7,0,706,894,79.0,0,0,0,0,0,0,0,0,0,0,0,4.83,5.55,15.95,5,1
2025,RB,Bucky Irving,TB,23,10,138.5,0,0,0,588,1,35,30,277,3,85.7,1,421,684,61.5,0,0,0,0,0,0,0,0,0,0,0,5.32,8.57,18.95,7,1
2025,K,Tyler Loop,BAL,24,17,138.0,0,0,0,0,0,0,0,0,0,0.0,0,0,963,0.0,44,2,30,0,0,0,0,0,0,0,0,3.74,3.0,12.5,7,0
2025,WR,Marquise Brown,PHI,28,15,137.7,0,0,0,0,0,74,49,587,5,66.2,0,499,988,50.5,0,0,0,0,0,0,0,0,0,0,0,5.2,3.35,15.8,3,1
2025,QB,J.J. McCarthy,MIN,22,10,137.38,1632,11,12,181,4,0,0,0,0,0.0,2,480,509,94.3,0,0,0,0,0,0,0,0,0,0,0,7.68,5.82,22.02,5,3
2025,WR,Josh Downs,IND,24,16,136.4,0,0,0,-2,0,88,58,566,4,65.9,1,553,947,58.4,0,0,0,0,0,0,0,0,0,0,0,4.36,3.23,14.15,7,0
2025,QB,Mac Jones,SF,26,11,136.04,2151,13,6,60,0,0,0,0,0,0.0,2,546,1123,48.6,0,0,0,0,0,0,0,0,0,0,0,8.99,1.44,21.76,7,3
2025,RB,Omarion Hampton,LAC,22,9,135.7,0,0,0,545,4,35,32,192,1,91.4,0,384,606,63.4,0,0,0,0,0,0,0,0,0,0,0,7.61,8.03,22.23,6,2
2025,WR,Jordan Addison,MIN,23,13,135.1,0,0,0,81,1,79,42,610,3,53.2,0,652,771,84.6,0,0,0,0,0,0,0,0,0,0,0,4.93,5.33,16.2,6,1
2025,K,Eddy Pineiro,SF,29,14,135.0,0,0,0,0,0,0,0,0,0,0.0,0,0,910,0.0,34,4,28,0,0,0,0,0,0,0,0,5.11,3.0,15.25,8,0
2025,QB,Marcus Mariota,WAS,31,10,132.5,1695,10,7,297,1,0,0,0,0,0.0,3,510,941,54.2,0,0,0,0,0,0,0,0,0,0,0,7.72,5.21,20.13,7,2
2025,WR,Christian Watson,GB,26,10,132.4,0,0,0,3,0,55,35,611,6,63.6,0,418,619,67.5,0,0,0,0,0,0,0,0,0,0,0,7.28,5.98,21.53,5,3
2025,TE,Oronde Gadsden,LAC,22,15,131.4,0,0,0,0,0,69,49,664,3,71.0,1,595,949,62.7,0,0,0,0,0,0,0,0,0,0,0,7.29,2.35,18.02,6,1
2025,TE,Mark Andrews,BAL,29,17,131.0,0,0,0,48,1,70,48,422,5,68.6,0,600,963,62.3,0,0,0,0,0,0,0,0,0,0,0,6.58,1.73,17.45,4,1
2025,K,Wil Lutz,DEN,31,17,130.0,0,0,0,0,0,0,0,0,0,0.0,0,0,1081,0.0,39,0,28,0,0,0,0,0,0,0,0,3.91,3.25,12.5,2,0
2025,K,Evan McPherson,CIN,26,16,130.0,0,0,0,0,0,0,0,0,0,0.0,0,0,1043,0.0,41,3,25,0,0,0,0,0,0,0,0,5.84,2.0,15.75,3,1
2025,DST,NE Defense,NE,,17,130.0,0,0,0,0,0,0,0,0,0,0.0,0,0,0,0.0,0,0,0,35,10,8,2,1,0,314,5019,5.08,1.25,14.5,5,0
2025,TE,Colby Parkinson,LAR,26,13,129.8,0,0,0,0,0,56,43,408,8,76.8,1,558,946,59.0,0,0,0,0,0,0,0,0,0,0,0,6.77,2.55,18.08,6,1
2025,WR,Jayden Higgins,HOU,22,16,129.5,0,0,0,0,0,68,41,525,6,60.3,0,616,1092,56.4,0,0,0,0,0,0,0,0,0,0,0,5.0,1.75,14.8,6,0
2025,K,Riley Patterson,MIA,25,16,129.0,0,0,0,0,0,0,0,0,0,0.0,0,0,927,0.0,34,1,27,0,0,0,0,0,0,0,0,3.17,4.25,12.25,4,0
2025,RB,Jordan Mason,MIN,26,16,128.9,0,0,0,758,6,16,14,51,0,87.5,1,386,880,43.9,0,0,0,0,0,0,0,0,0,0,0,5.33,2.68,14.78,6,1
2025,WR,Luther Burden,CHI,21,15,127.9,0,0,0,37,0,60,47,652,2,78.3,0,368,955,38.5,0,0,0,0,0,0,0,0,0,0,0,7.29,1.18,18.25,4,1
2025,TE,Theo Johnson,NYG,24,14,127.8,0,0,0,0,0,74,45,528,5,60.8,0,872,1008,86.5,0,0,0,0,0,0,0,0,0,0,0,5.33,3.3,15.78,7,1
2025,WR,Marvin Harrison,ARI,23,11,127.8,0,0,0,0,0,73,41,608,4,56.2,0,566,788,71.8,0,0,0,0,0,0,0,0,0,0,0,6.26,4.93,18.4,6,1
2025,RB,Cam Skattebo,NYG,23,8,127.7,0,0,0,410,5,32,24,207,2,75.0,1,295,545,54.1,0,0,0,0,0,0,0,0,0,0,0,8.06,9.95,21.98,6,2
2025,K,Cairo Santos,CHI,33,14,127.0,0,0,0,0,0,0,0,0,0,0.0,0,0,966,0.0,39,0,25,0,0,0,0,0,0,0,0,4.11,5.25,14.5,3,0
2025,K,Joey Slye,TEN,29,15,127.0,0,0,0,0,0,0,0,0,0,0.0,0,0,941,0.0,26,1,28,0,0,0,0,0,0,0,0,5.44,1.75,15.5,4,0
2025,DST,ATL Defense,ATL,,16,127.0,0,0,0,0,0,0,0,0,0,0.0,0,0,0,0.0,0,0,0,57,16,5,1,0,1,389,5553,6.02,1.5,16.5,6,1
2025,TE,Zach Ertz,,34,12,126.4,0,0,0,0,0,72,50,504,4,69.4,0,551,826,66.7,0,0,0,0,0,0,0,0,0,0,0,5.34,5.15,17.0,5,1
2025,TE,Dalton Kincaid,BUF,25,11,126.1,0,0,0,0,0,49,39,571,5,79.6,0,292,728,40.1,0,0,0,0,0,0,0,0,0,0,0,5.67,5.78,17.83,5,1
2025,WR,Chimere Dike,TEN,23,17,126.1,0,0,0,18,0,74,48,423,4,64.9,1,592,1002,59.1,0,0,0,0,0,0,0,0,0,0,0,6.41,0.8,17.02,6,1
2025,K,Nick Folk,ATL,40,16,126.0,0,0,0,0,0,0,0,0,0,0.0,0,0,999,0.0,22,0,28,0,0,0,0,0,0,0,0,3.06,3.75,11.5,4,0
2025,RB,Chuba Hubbard,CAR,26,15,125.4,0,0,0,511,1,39,30,223,3,76.9,1,432,924,46.8,0,0,0,0,0,0,0,0,0,0,0,5.94,2.68,16.72,3,1
2025,WR,Kayshon Boutte,NE,23,13,124.1,0,0,0,0,0,46,33,551,6,71.7,0,573,841,68.1,0,0,0,0,0,0,0,0,0,0,0,6.92,3.23,18.15,5,1
2025,TE,Chig Okonkwo,WAS,25,16,124.0,0,0,0,0,0,79,56,560,2,70.9,0,623,1002,62.2,0,0,0,0,0,0,0,0,0,0,0,4.07,2.65,13.27,4,0
2025,DST,NO Defense,NO,,17,124.0,0,0,0,0,0,0,0,0,0,0.0,0,0,0,0.0,0,0,0,45,10,10,3,0,2,377,5096,6.09,1.0,16.5,5,0
2025,QB,Michael Penix,ATL,25,9,123.28,1982,9,3,70,1,0,0,0,0,0.0,2,553,593,93.3,0,0,0,0,0,0,0,0,0,0,0,6.68,7.49,20.27,6,2
2025,RB,Tyler Allgeier,ARI,25,17,123.0,0,0,0,514,8,16,14,96,0,87.5,0,305,1033,29.5,0,0,0,0,0,0,0,0,0,0,0,5.19,1.35,14.33,5,0
2025,RB,Blake Corum,LAR,24,17,122.2,0,0,0,746,6,14,8,36,0,57.1,0,307,1060,29.0,0,0,0,0,0,0,0,0,0,0,0,6.3,1.73,16.6,5,1
2025,TE,Cade Otton,TB,26,14,122.2,0,0,0,0,0,81,59,572,1,72.8,0,993,1065,93.2,0,0,0,0,0,0,0,0,0,0,0,5.54,3.78,16.3,5,1
2025,K,Chad Ryland,ARI,25,17,122.0,0,0,0,0,0,0,0,0,0,0.0,0,0,1077,0.0,36,0,25,0,0,0,0,0,0,0,0,4.05,2.25,12.25,4,0
2025,K,Blake Grupe,IND,26,16,121.0,0,0,0,0,0,0,0,0,0,0.0,0,0,892,0.0,25,0,29,0,0,0,0,0,0,0,0,4.82,2.25,14.75,5,0
2025,DST,BUF Defense,BUF,,17,121.0,0,0,0,0,0,0,0,0,0,0.0,0,0,0,0.0,0,0,0,36,13,7,2,0,1,365,4983,4.65,2.75,14.5,3,0
2025,WR,Jerry Jeudy,CLE,26,16,120.7,0,0,0,5,0,106,50,602,2,47.2,1,875,1031,84.9,0,0,0,0,0,0,0,0,0,0,0,4.89,3.2,14.6,4,0
2025,DST,CHI Defense,CHI,,17,120.0,0,0,0,0,0,0,0,0,0,0.0,0,0,0,0.0,0,0,0,35,23,10,2,0,1,409,6150,4.89,1.25,13.25,5,0
2025,RB,Aaron Jones,MIN,30,12,118.7,0,0,0,548,2,41,28,199,1,68.3,1,366,664,55.1,0,0,0,0,0,0,0,0,0,0,0,4.32,4.85,14.68,6,0
2025,TE,Brenton Strange,JAX,24,12,118.0,0,0,0,0,0,60,46,540,3,76.7,0,553,723,76.5,0,0,0,0,0,0,0,0,0,0,0,4.54,4.3,14.98,6,0
2025,RB,Kimani Vidal,LAC,24,12,117.9,0,0,0,643,3,22,16,136,1,72.7,0,467,800,58.4,0,0,0,0,0,0,0,0,0,0,0,7.89,2.25,20.25,5,2
2025,WR,Cooper Kupp,SEA,32,16,117.3,0,0,1,0,0,70,47,593,2,67.1,1,768,1013,75.8,0,0,0,0,0,0,0,0,0,0,0,3.85,3.18,12.85,4,0
2025,QB,Jayden Daniels,WAS,24,7,117.28,1262,8,3,278,2,0,0,0,0,0.0,2,405,447,90.6,0,0,0,0,0,0,0,0,0,0,0,5.68,13.7,20.05,6,2
2025,TE,Tucker Kraft,GB,24,8,117.2,0,0,0,3,0,44,32,489,6,72.7,0,439,510,86.1,0,0,0,0,0,0,0,0,0,0,0,9.23,7.6,21.7,5,2
2025,WR,Malik Washington,MIA,24,17,116.7,0,0,0,110,1,65,46,317,3,70.8,1,523,927,56.4,0,0,0,0,0,0,0,0,0,0,0,3.22,2.88,11.28,3,0
2025,WR,Elic Ayomanor,TEN,22,16,116.5,0,0,0,0,0,89,41,515,4,46.1,0,736,926,79.5,0,0,0,0,0,0,0,0,0,0,0,4.1,2.65,13.08,3,0
2025,RB,J.K. Dobbins,DEN,26,10,115.9,0,0,0,772,4,14,11,37,0,78.6,0,340,669,50.8,0,0,0,0,0,0,0,0,0,0,0,3.89,7.33,15.25,6,0
2025,WR,Terry McLaurin,WAS,29,10,114.2,0,0,0,0,0,60,38,582,3,63.3,0,385,551,69.9,0,0,0,0,0,0,0,0,0,0,0,4.84,7.45,16.05,5,1
2025,WR,Ryan Flournoy,DAL,25,12,114.0,0,0,0,25,0,56,40,475,4,71.4,0,431,1039,41.5,0,0,0,0,0,0,0,0,0,0,0,6.55,4.18,16.63,3,1
2025,DST,LAC Defense,LAC,,17,114.0,0,0,0,0,0,0,0,0,0,0.0,0,0,0,0.0,0,0,0,45,19,3,0,1,0,328,4849,5.18,-0.25,13.5,5,0
2025,TE,Pat Freiermuth,PIT,26,15,113.6,0,0,0,0,0,54,41,486,4,75.9,0,470,956,49.2,0,0,0,0,0,0,0,0,0,0,0,6.23,2.38,15.0,3,1
2025,WR,Mack Hollins,NE,31,14,113.4,0,0,0,4,0,65,46,550,2,70.8,0,659,969,68.0,0,0,0,0,0,0,0,0,0,0,0,4.45,3.5,14.2,4,0
2025,TE,T.J. Hockenson,MIN,28,15,112.8,0,0,0,0,0,66,51,438,3,77.3,0,691,880,78.5,0,0,0,0,0,0,0,0,0,0,0,3.9,2.68,12.18,4,0
2025,RB,Tyjae Spears,TEN,24,13,111.7,0,0,0,283,2,50,45,264,0,90.0,0,349,759,46.0,0,0,0,0,0,0,0,0,0,0,0,5.33,3.65,14.4,2,1
2025,DST,DET Defense,DET,,14,110.0,0,0,0,0,0,0,0,0,0,0.0,0,0,0,0.0,0,0,0,49,13,6,0,1,0,411,5642,5.26,2.25,14.75,4,0
2025,WR,Xavier Worthy,KC,22,13,109.9,0,0,0,87,0,73,42,532,1,57.5,0,645,917,70.3,0,0,0,0,0,0,0,0,0,0,0,3.92,4.28,12.55,5,0
2025,RB,Devin Singletary,NYG,27,17,108.8,0,0,0,437,5,19,18,151,0,94.7,0,287,1072,26.8,0,0,0,0,0,0,0,0,0,0,0,6.14,0.78,16.13,5,0
2025,QB,Kirk Cousins,LV,37,10,108.54,1721,10,5,7,1,0,0,0,0,0.0,1,480,1033,46.5,0,0,0,0,0,0,0,0,0,0,0,7.57,3.72,18.58,5,1
2025,K,Jake Elliott,PHI,30,17,108.0,0,0,0,0,0,0,0,0,0,0.0,0,0,988,0.0,41,1,20,0,0,0,0,0,0,0,0,3.86,2.0,11.75,3,0
2025,K,Andre Szmyt,CLE,26,15,108.0,0,0,0,0,0,0,0,0,0,0.0,0,0,1031,0.0,25,1,24,0,0,0,0,0,0,0,0,2.59,4.0,10.0,2,0
2025,TE,Sam LaPorta,DET,24,9,106.9,0,0,0,0,0,49,40,489,3,81.6,0,517,572,90.4,0,0,0,0,0,0,0,0,0,0,0,6.09,6.08,18.08,5,2
2025,K,Brandon McManus,,34,13,106.0,0,0,0,0,0,0,0,0,0,0.0,0,0,828,0.0,32,1,24,0,0,0,0,0,0,0,0,3.61,4.0,12.25,3,0
2025,DST,BAL Defense,BAL,,16,106.0,0,0,0,0,0,0,0,0,0,0.0,0,0,0,0.0,0,0,0,30,11,8,2,0,2,392,6027,7.55,-2.75,17.0,4,1
2025,DST,IND Defense,IND,,16,105.0,0,0,0,0,0,0,0,0,0,0.0,0,0,0,0.0,0,0,0,39,14,7,1,0,2,398,5947,4.73,1.25,13.5,3,0
2025,DST,CAR Defense,CAR,,16,105.0,0,0,0,0,0,0,0,0,0,0.0,0,0,0,0.0,0,0,0,30,15,4,2,0,1,374,5563,6.58,0.0,16.0,3,1
2025,QB,Spencer Rattler,NO,24,8,104.14,1586,8,5,167,0,2,1,0,0,50.0,2,490,1056,46.4,0,0,0,0,0,0,0,0,0,0,0,4.74,9.73,16.31,7,1
2025,DST,TB Defense,TB,,15,104.0,0,0,0,0,0,0,0,0,0,0.0,0,0,0,0.0,0,0,0,37,13,9,2,1,0,405,5733,6.76,1.75,15.75,3,1
2025,TE,Dawson Knox,BUF,28,15,103.7,0,0,0,0,0,49,36,417,4,73.5,0,649,1057,61.4,0,0,0,0,0,0,0,0,0,0,0,4.93,2.83,13.83,3,0
2025,K,Ryan Fitzgerald,CAR,25,16,103.0,0,0,0,0,0,0,0,0,0,0.0,0,0,1061,0.0,27,3,24,0,0,0,0,0,0,0,0,4.64,1.0,13.0,3,0
2025,K,Matt Prater,,41,15,103.0,0,0,0,0,0,0,0,0,0,0.0,0,0,931,0.0,46,3,18,0,0,0,0,0,0,0,0,3.58,2.25,11.5,3,0
2025,TE,Evan Engram,DEN,30,15,102.8,0,0,0,7,0,76,50,461,1,65.8,0,435,1029,42.3,0,0,0,0,0,0,0,0,0,0,0,3.52,2.6,11.58,2,0
2025,WR,Keon Coleman,BUF,22,12,102.4,0,0,0,0,0,59,38,404,4,64.4,1,515,809,63.7,0,0,0,0,0,0,0,0,0,0,0,5.79,4.1,14.5,3,1
2025,WR,Jalen Nailor,LV,26,12,100.7,0,0,0,13,0,53,29,444,4,54.7,0,603,934,64.6,0,0,0,0,0,0,0,0,0,0,0,6.19,3.68,15.0,2,1
2025,RB,Alvin Kamara,NO,30,11,100.7,0,0,0,471,1,39,33,186,0,84.6,2,457,725,63.0,0,0,0,0,0,0,0,0,0,0,0,4.67,4.15,14.2,5,0
2025,RB,Ty Johnson,BUF,27,16,100.3,0,0,0,200,3,33,24,263,2,72.7,0,310,1057,29.3,0,0,0,0,0,0,0,0,0,0,0,5.06,1.15,13.2,2,0
2025,DST,MIA Defense,MIA,,16,100.0,0,0,0,0,0,0,0,0,0,0.0,0,0,0,0.0,0,0,0,39,9,9,0,0,2,418,5929,5.53,-0.5,13.5,3,0
2025,WR,Garrett Wilson,NYJ,25,6,99.5,0,0,0,0,0,59,36,395,4,61.0,0,383,431,88.9,0,0,0,0,0,0,0,0,0,0,0,7.35,13.15,21.55,4,3
2025,RB,Michael Carter,TEN,26,13,99.0,0,0,0,333,1,45,33,267,0,73.3,0,364,890,40.9,0,0,0,0,0,0,0,0,0,0,0,4.69,2.8,12.98,3,0
2025,WR,Darius Slayton,NYG,28,13,98.8,0,0,0,0,0,63,37,538,1,58.7,1,690,857,80.5,0,0,0,0,0,0,0,0,0,0,0,3.59,3.45,11.9,3,0
2025,WR,Xavier Hutchinson,HOU,25,15,98.0,0,0,0,22,0,57,35,428,3,61.4,0,618,1092,56.6,0,0,0,0,0,0,0,0,0,0,0,5.12,1.8,13.83,3,0
2025,K,Daniel Carlson,,30,14,97.0,0,0,0,0,0,0,0,0,0,0.0,0,0,931,0.0,21,1,22,0,0,0,0,0,0,0,0,3.97,3.25,12.25,3,0
2025,WR,DeMario Douglas,NE,24,16,95.8,0,0,0,21,0,46,31,447,3,67.4,0,273,1035,26.4,0,0,0,0,0,0,0,0,0,0,0,5.04,1.48,12.65,2,0
2025,QB,Shedeur Sanders,CLE,23,8,94.9,1400,7,10,169,1,0,0,0,0,0.0,1,376,625,60.2,0,0,0,0,0,0,0,0,0,0,0,9.21,6.14,17.59,5,1
2025,RB,Emanuel Wilson,SEA,26,16,94.5,0,0,0,496,3,17,15,99,0,88.2,0,298,1000,29.8,0,0,0,0,0,0,0,0,0,0,0,6.79,0.77,15.8,4,1
2025,TE,Jake Tonges,SF,26,9,94.3,0,0,0,0,0,46,34,293,5,73.9,0,399,1123,35.5,0,0,0,0,0,0,0,0,0,0,0,5.38,5.28,15.68,5,0
2025,WR,Marvin Mims,DEN,23,15,93.0,0,0,0,78,1,51,37,322,1,72.5,1,360,1020,35.3,0,0,0,0,0,0,0,0,0,0,0,5.43,1.4,13.6,3,1
2025,RB,Zonovan Knight,ARI,24,10,92.9,0,0,0,269,4,31,22,160,1,71.0,1,283,831,34.1,0,0,0,0,0,0,0,0,0,0,0,4.88,4.3,14.23,4,0
2025,WR,Tez Johnson,TB,23,12,92.4,0,0,0,22,0,44,28,322,5,63.6,0,495,1054,47.0,0,0,0,0,0,0,0,0,0,0,0,6.13,1.58,14.95,4,1
2025,WR,Kendrick Bourne,ARI,30,12,92.1,0,0,0,0,0,53,37,551,0,69.8,0,594,1047,56.7,0,0,0,0,0,0,0,0,0,0,0,6.56,3.13,14.65,2,1
2025,RB,Chris Rodriguez,JAX,25,12,92.0,0,0,0,500,6,4,3,30,0,75.0,0,226,741,30.5,0,0,0,0,0,0,0,0,0,0,0,4.63,2.5,12.95,4,0
2025,K,Zane Gonzalez,MIA,30,9,92.0,0,0,0,0,0,0,0,0,0,0.0,0,0,519,0.0,17,1,19,0,0,0,0,0,0,0,0,3.52,7.0,13.75,4,0
2025,TE,Gunnar Helm,TEN,22,16,91.7,0,0,0,0,0,55,44,357,2,80.0,0,533,1002,53.2,0,0,0,0,0,0,0,0,0,0,0,3.86,1.9,11.15,3,0
2025,RB,Sean Tucker,TB,23,13,91.4,0,0,0,320,7,11,8,34,1,72.7,0,177,1134,15.6,0,0,0,0,0,0,0,0,0,0,0,8.48,0.55,15.4,2,1
2025,DST,KC Defense,KC,,16,91.0,0,0,0,0,0,0,0,0,0,0.0,0,0,0,0.0,0,0,0,35,10,3,0,0,1,318,5126,3.95,2.0,11.75,4,0
2025,WR,Jalen Coker,CAR,23,10,90.4,0,0,0,0,0,43,33,394,3,76.7,1,439,648,67.7,0,0,0,0,0,0,0,0,0,0,0,5.19,4.2,14.83,4,0
2025,DST,TEN Defense,TEN,,17,90.0,0,0,0,0,0,0,0,0,0,0.0,0,0,0,0.0,0,0,0,42,6,6,1,1,2,454,5867,6.02,-1.5,14.0,3,1
2025,WR,Andrei Iosivas,CIN,25,13,89.9,0,0,0,14,0,58,33,435,2,56.9,0,815,1043,78.1,0,0,0,0,0,0,0,0,0,0,0,4.75,2.45,12.93,3,0
2025,WR,Xavier Legette,CAR,24,14,89.3,0,0,0,0,0,64,35,363,3,54.7,0,642,934,68.7,0,0,0,0,0,0,0,0,0,0,0,6.66,1.35,14.88,3,1
2025,DST,SF Defense,SF,,15,89.0,0,0,0,0,0,0,0,0,0,0.0,0,0,0,0.0,0,0,0,20,6,8,1,0,1,363,5784,4.6,-0.25,11.25,3,0
2025,TE,Mason Taylor,NYJ,21,13,88.9,0,0,0,0,0,65,44,369,1,67.7,0,654,804,81.3,0,0,0,0,0,0,0,0,0,0,0,4.99,1.78,13.43,4,0
2025,TE,Darren Waller,,32,8,88.7,0,0,0,4,0,34,24,283,6,70.6,0,234,519,45.1,0,0,0,0,0,0,0,0,0,0,0,8.1,4.35,17.83,3,1
2025,WR,Ricky Pearsall,SF,24,9,88.6,0,0,0,-2,0,53,36,528,0,67.9,0,480,682,70.4,0,0,0,0,0,0,0,0,0,0,0,6.14,3.95,15.9,4,0
2025,RB,Bhayshul Tuten,JAX,22,15,88.6,0,0,0,307,5,14,10,79,2,71.4,1,199,950,20.9,0,0,0,0,0,0,0,0,0,0,0,4.75,0.83,11.93,2,0
2025,RB,Nick Chubb,,29,15,88.3,0,0,0,506,3,20,13,67,0,65.0,0,326,1025,31.8,0,0,0,0,0,0,0,0,0,0,0,4.23,1.05,11.4,2,0
2025,WR,Adonai Mitchell,NYJ,22,12,87.9,0,0,0,-4,0,74,33,453,2,44.6,1,473,954,49.6,0,0,0,0,0,0,0,0,0,0,0,6.65,2.23,14.88,3,1
2025,RB,Dylan Sampson,CLE,20,15,87.6,0,0,0,175,0,40,33,271,2,82.5,1,223,908,24.6,0,0,0,0,0,0,0,0,0,0,0,5.41,0.52,13.55,3,0
2025,RB,Isiah Pacheco,DET,26,13,87.3,0,0,0,462,1,26,19,101,1,73.1,0,424,823,51.5,0,0,0,0,0,0,0,0,0,0,0,3.74,3.05,11.83,3,0
2025,TE,David Njoku,LAC,29,11,86.3,0,0,0,0,0,48,33,293,4,68.8,0,514,799,64.3,0,0,0,0,0,0,0,0,0,0,0,4.81,3.25,12.88,3,0
2025,WR,Calvin Austin,NYG,26,12,86.2,0,0,0,0,0,55,31,372,3,56.4,0,409,774,52.8,0,0,0,0,0,0,0,0,0,0,0,5.04,2.45,13.63,4,0
2025,TE,Jonnu Smith,,30,15,85.2,0,0,0,70,1,54,38,222,2,70.4,0,503,956,52.6,0,0,0,0,0,0,0,0,0,0,0,3.54,1.75,10.65,3,0
2025,K,Matt Gay,LV,31,12,85.0,0,0,0,0,0,0,0,0,0,0.0,0,0,768,0.0,26,0,17,0,0,0,0,0,0,0,0,4.55,2.75,12.25,2,0
2025,DST,CIN Defense,CIN,,16,85.0,0,0,0,0,0,0,0,0,0,0.0,0,0,0,0.0,0,0,0,35,13,7,1,0,1,436,6475,4.34,0.25,11.0,2,0
2025,WR,Mike Evans,SF,32,7,84.8,0,0,0,0,0,61,30,368,3,49.2,0,357,546,65.4,0,0,0,0,0,0,0,0,0,0,0,3.91,9.55,14.68,6,0
2025,WR,Olamide Zaccheaus,ATL,28,13,84.8,0,0,0,25,0,65,39,313,2,60.0,0,574,1033,55.6,0,0,0,0,0,0,0,0,0,0,0,4.26,2.48,11.48,2,0
2025,WR,KaVontae Turpin,DAL,29,15,84.5,0,0,0,89,0,38,26,396,2,68.4,1,371,1016,36.5,0,0,0,0,0,0,0,0,0,0,0,4.49,1.3,11.95,2,0
2025,DST,WAS Defense,WAS,,17,84.0,0,0,0,0,0,0,0,0,0,0.0,0,0,0,0.0,0,0,0,42,8,1,0,1,2,445,6528,4.32,-0.5,11.25,2,0
2025,WR,Chris Godwin,TB,29,9,83.0,0,0,0,0,0,51,33,360,2,64.7,0,428,605,70.7,0,0,0,0,0,0,0,0,0,0,0,6.34,3.97,14.78,4,1
2025,DST,LV Defense,LV,,14,83.0,0,0,0,0,0,0,0,0,0,0.0,0,0,0,0.0,0,0,0,37,8,8,0,1,0,424,5403,6.45,0.0,14.75,3,1
2025,WR,Darnell Mooney,NYG,27,15,82.3,0,0,0,0,0,72,32,443,1,44.4,0,726,887,81.8,0,0,0,0,0,0,0,0,0,0,0,3.7,2.17,10.28,1,0
2025,WR,Sterling Shepard,,32,13,82.0,0,0,0,19,0,53,39,371,1,73.6,1,495,936,52.9,0,0,0,0,0,0,0,0,0,0,0,3.49,2.2,10.38,3,0
2025,DST,NYG Defense,NYG,,14,82.0,0,0,0,0,0,0,0,0,0,0.0,0,0,0,0.0,0,0,0,39,9,6,1,0,0,433,6112,4.91,1.75,12.5,2,0
2025,DST,ARI Defense,ARI,,17,82.0,0,0,0,0,0,0,0,0,0,0.0,0,0,0,0.0,0,0,0,30,10,9,2,1,3,476,6081,6.15,-2.25,13.75,3,0
2025,K,Harrison Mevis,LAR,23,9,81.0,0,0,0,0,0,0,0,0,0,0.0,0,0,527,0.0,39,0,12,0,0,0,0,0,0,0,0,4.16,4.75,13.25,4,0
2025,DST,GB Defense,GB,,16,81.0,0,0,0,0,0,0,0,0,0,0.0,0,0,0,0.0,0,0,0,36,7,6,0,0,0,360,5301,4.76,-0.75,11.0,1,0
2025,WR,Tyquan Thornton,KC,25,9,80.8,0,0,0,0,0,37,19,438,3,51.4,0,368,961,38.3,0,0,0,0,0,0,0,0,0,0,0,4.43,5.4,13.03,3,0
2025,QB,Kyler Murray,MIN,28,5,80.78,962,6,3,173,1,0,0,0,0,0.0,1,318,321,99.1,0,0,0,0,0,0,0,0,0,0,0,1.73,15.62,16.68,5,0
2025,TE,Cole Kmet,CHI,26,16,78.7,0,0,0,0,0,48,30,347,2,62.5,0,719,1036,69.4,0,0,0,0,0,0,0,0,0,0,0,3.14,1.45,9.43,1,0
2025,RB,Samaje Perine,CIN,29,14,77.9,0,0,0,382,3,21,17,87,0,81.0,2,313,912,34.3,0,0,0,0,0,0,0,0,0,0,0,4.52,0.9,11.4,2,0
2025,K,Jake Moody,WAS,25,8,76.0,0,0,0,0,0,0,0,0,0,0.0,0,0,434,0.0,15,1,19,0,0,0,0,0,0,0,0,4.33,5.5,13.5,4,0
2025,WR,Isaac TeSlaa,DET,23,9,75.9,0,0,0,0,0,27,16,239,6,59.3,0,392,1026,38.2,0,0,0,0,0,0,0,0,0,0,0,4.47,4.25,12.65,3,0
2025,WR,Dontayvion Wicks,PHI,24,13,75.8,0,0,0,6,0,46,30,332,2,65.2,0,408,871,46.8,0,0,0,0,0,0,0,0,0,0,0,6.74,1.68,12.35,1,1
2025,QB,Carson Wentz,MIN,32,5,75.34,1216,6,5,57,0,0,0,0,0,0.0,0,300,422,71.1,0,0,0,0,0,0,0,0,0,0,0,4.67,13.04,16.65,4,1
2025,WR,Greg Dortch,DET,27,12,75.1,0,0,0,15,1,33,29,206,3,87.9,0,292,835,35.0,0,0,0,0,0,0,0,0,0,0,0,5.76,1.58,13.3,2,0
2025,TE,Noah Fant,NO,27,12,74.8,0,0,0,0,0,41,34,288,3,82.9,3,364,934,39.0,0,0,0,0,0,0,0,0,0,0,0,4.4,1.3,11.23,3,0
2025,WR,Pat Bryant,DEN,22,11,74.8,0,0,0,0,0,49,31,378,1,63.3,0,436,941,46.3,0,0,0,0,0,0,0,0,0,0,0,3.4,3.4,10.4,2,0
2025,TE,Michael Mayer,LV,24,11,73.8,0,0,0,0,0,50,35,328,1,70.0,0,406,713,56.9,0,0,0,0,0,0,0,0,0,0,0,5.23,2.33,12.35,2,0
2025,WR,JuJu Smith-Schuster,NYG,28,14,73.5,0,0,0,0,0,45,33,345,1,73.3,0,570,1049,54.3,0,0,0,0,0,0,0,0,0,0,0,3.79,1.5,10.58,2,0
2025,TE,Darnell Washington,PIT,24,13,73.4,0,0,0,0,0,43,31,364,1,72.1,1,546,956,57.1,0,0,0,0,0,0,0,0,0,0,0,2.8,2.55,9.35,1,0
2025,RB,Jeremy McNichols,WAS,29,15,72.7,0,0,0,221,1,31,25,196,0,80.6,1,322,985,32.7,0,0,0,0,0,0,0,0,0,0,0,3.58,1.45,9.65,2,0
2025,QB,Dillon Gabriel,CLE,24,7,72.08,937,7,2,86,0,0,0,0,0,0.0,0,372,928,40.1,0,0,0,0,0,0,0,0,0,0,0,5.94,5.59,14.64,3,1
2025,WR,John Metchie,CAR,25,12,71.9,0,0,0,-5,0,48,33,274,2,68.8,0,411,956,43.0,0,0,0,0,0,0,0,0,0,0,0,5.16,1.2,11.63,2,0
2025,RB,Isaiah Davis,NYJ,23,14,71.2,0,0,0,236,1,28,21,186,0,75.0,0,285,999,28.5,0,0,0,0,0,0,0,0,0,0,0,5.05,1.13,11.93,2,0
2025,TE,Tyler Higbee,LAR,32,8,71.1,0,0,0,0,0,36,25,281,3,69.4,0,318,585,54.4,0,0,0,0,0,0,0,0,0,0,0,5.34,4.75,13.03,3,1
2025,TE,Mike Gesicki,CIN,29,12,70.7,0,0,0,0,0,42,28,307,2,66.7,0,295,774,38.1,0,0,0,0,0,0,0,0,0,0,0,5.34,1.98,11.83,2,1
2025,WR,Van Jefferson,WAS,29,14,70.0,0,0,0,0,0,52,29,350,1,55.8,0,583,1002,58.2,0,0,0,0,0,0,0,0,0,0,0,3.26,1.78,9.6,2,0
2025,WR,Matthew Golden,GB,22,13,70.0,0,0,0,49,0,44,29,361,0,65.9,0,401,803,49.9,0,0,0,0,0,0,0,0,0,0,0,4.05,1.48,10.78,3,0
2025,QB,Davis Mills,HOU,26,6,69.6,915,5,1,60,1,0,0,0,0,0.0,0,268,1092,24.5,0,0,0,0,0,0,0,0,0,0,0,9.49,6.14,16.43,3,1
2025,WR,Tre' Harris,LAC,23,14,69.4,0,0,0,10,0,43,30,324,1,69.8,0,486,1072,45.3,0,0,0,0,0,0,0,0,0,0,0,2.41,2.3,8.2,0,0
2025,WR,Jaylin Noel,HOU,22,13,68.4,0,0,0,12,0,35,26,292,2,74.3,0,293,1092,26.8,0,0,0,0,0,0,0,0,0,0,0,4.81,0.95,11.85,3,0
2025,WR,Tyler Lockett,,32,14,67.1,0,0,0,0,0,55,32,291,1,58.2,0,452,887,51.0,0,0,0,0,0,0,0,0,0,0,0,3.21,1.43,9.05,1,0
2025,WR,DeAndre Hopkins,,33,12,67.0,0,0,0,0,0,39,22,330,2,56.4,0,321,963,33.3,0,0,0,0,0,0,0,0,0,0,0,3.74,2.53,10.15,2,0
2025,DST,DAL Defense,DAL,,16,67.0,0,0,0,0,0,0,0,0,0,0.0,0,0,0,0.0,0,0,0,35,6,5,1,1,3,509,6409,4.8,-0.75,11.0,2,0
2025,WR,Kalif Raymond,CHI,31,11,66.8,0,0,0,19,0,30,24,289,1,80.0,0,344,901,38.2,0,0,0,0,0,0,0,0,0,0,0,4.27,2.3,10.9,1,0
2025,WR,Devaughn Vele,NO,27,9,66.3,0,0,0,0,0,39,25,293,2,64.1,0,437,851,51.4,0,0,0,0,0,0,0,0,0,0,0,6.41,2.53,12.38,2,1
2025,RB,Justice Hill,BAL,27,9,65.2,0,0,0,93,2,27,21,169,1,77.8,0,219,590,37.1,0,0,0,0,0,0,0,0,0,0,0,8.25,1.45,13.48,1,1
2025,WR,Tory Horton,SEA,22,5,65.1,0,0,0,0,0,22,13,161,5,59.1,0,226,479,47.2,0,0,0,0,0,0,0,0,0,0,0,6.51,11.08,15.77,4,1
2025,QB,Tyrod Taylor,GB,36,6,64.46,779,5,5,143,1,0,0,0,0,0.0,1,251,798,31.5,0,0,0,0,0,0,0,0,0,0,0,7.64,6.38,15.27,3,1
2025,RB,Ray Davis,BUF,25,13,64.1,0,0,0,275,0,13,10,86,2,76.9,0,120,1057,11.4,0,0,0,0,0,0,0,0,0,0,0,6.52,0.58,11.88,1,1
2025,TE,Tommy Tremble,CAR,25,14,63.9,0,0,0,0,0,37,27,249,2,73.0,0,636,1061,59.9,0,0,0,0,0,0,0,0,0,0,0,4.39,1.2,10.58,2,0
2025,WR,Travis Hunter,JAX,22,7,63.8,0,0,0,0,0,45,28,298,1,62.2,0,324,486,66.7,0,0,0,0,0,0,0,0,0,0,0,6.47,5.25,12.5,1,1
2025,RB,Brashard Smith,KC,22,15,63.3,0,0,0,151,0,35,25,172,1,71.4,0,157,1049,15.0,0,0,0,0,0,0,0,0,0,0,0,3.88,0.43,9.25,1,0
2025,TE,Davis Allen,LAR,24,14,62.8,0,0,0,0,0,33,24,208,3,72.7,0,532,1060,50.2,0,0,0,0,0,0,0,0,0,0,0,2.69,1.27,7.9,0,0
2025,TE,Greg Dulcich,MIA,25,9,62.8,0,0,0,-7,0,33,26,335,1,78.8,1,216,531,40.7,0,0,0,0,0,0,0,0,0,0,0,3.74,4.25,9.93,1,0
2025,RB,Brian Robinson,ATL,26,16,62.5,0,0,0,400,2,12,8,25,0,66.7,0,190,1123,16.9,0,0,0,0,0,0,0,0,0,0,0,3.06,1.55,8.23,2,0
2025,TE,Isaiah Likely,NYG,25,11,61.7,0,0,0,0,0,36,27,307,1,75.0,1,462,799,57.8,0,0,0,0,0,0,0,0,0,0,0,3.77,2.4,9.93,2,0
2025,RB,Devin Neal,NO,22,9,60.0,0,0,0,206,2,19,17,104,0,89.5,0,268,718,37.3,0,0,0,0,0,0,0,0,0,0,0,4.97,1.83,11.65,3,0
2025,WR,Cedric Tillman,CLE,25,11,60.0,0,0,0,0,0,39,21,270,2,53.8,0,475,768,61.8,0,0,0,0,0,0,0,0,0,0,0,4.31,2.0,10.05,2,0
2025,TE,Daniel Bellinger,TEN,24,10,59.6,0,0,0,0,0,26,19,286,2,73.1,0,486,1015,47.9,0,0,0,0,0,0,0,0,0,0,0,5.14,2.03,11.33,2,0
2025,TE,Austin Hooper,ATL,30,12,59.3,0,0,0,0,0,26,21,263,2,80.8,0,488,968,50.4,0,0,0,0,0,0,0,0,0,0,0,2.6,2.0,7.98,0,0
2025,WR,Isaiah Williams,NYJ,24,9,58.7,0,0,0,34,0,36,26,193,0,72.2,1,304,853,35.6,0,0,0,0,0,0,0,0,0,0,0,3.97,3.38,9.45,2,0
2025,RB,Emari Demercado,KC,26,10,58.3,0,0,0,312,0,20,13,101,1,65.0,1,184,794,23.2,0,0,0,0,0,0,0,0,0,0,0,3.83,2.3,9.75,2,0
2025,WR,Demarcus Robinson,SF,30,12,58.2,0,0,0,6,0,35,22,276,1,62.9,0,420,911,46.1,0,0,0,0,0,0,0,0,0,0,0,2.53,1.92,7.5,1,0
2025,TE,Elijah Higgins,ARI,24,14,58.1,0,0,0,0,0,37,30,301,0,81.1,1,442,1077,41.0,0,0,0,0,0,0,0,0,0,0,0,3.85,1.18,8.6,1,0
2025,WR,Christian Kirk,SF,28,11,57.9,0,0,0,0,0,52,28,239,1,53.8,0,394,824,47.8,0,0,0,0,0,0,0,0,0,0,0,4.55,1.3,10.02,2,0
2025,WR,Malik Nabers,NYG,22,4,57.1,0,0,0,0,0,35,18,271,2,51.4,0,216,277,78.0,0,0,0,0,0,0,0,0,0,0,0,13.96,14.28,14.28,2,1
2025,QB,Jake Browning,TB,29,5,56.74,771,6,8,39,1,0,0,0,0,0.0,0,212,686,30.9,0,0,0,0,0,0,0,0,0,0,0,8.58,8.65,14.05,2,2
2025,K,Charlie Smyth,NO,24,6,56.0,0,0,0,0,0,0,0,0,0,0.0,0,0,331,0.0,13,0,12,0,0,0,0,0,0,0,0,5.37,6.0,11.75,2,0
2025,K,Michael Badgley,,30,9,56.0,0,0,0,0,0,0,0,0,0,0.0,0,0,428,0.0,20,5,11,0,0,0,0,0,0,0,0,3.46,3.25,9.25,1,0
2025,K,Spencer Shrader,IND,26,5,56.0,0,0,0,0,0,0,0,0,0,0.0,0,0,328,0.0,14,0,13,0,0,0,0,0,0,0,0,5.6,9.5,13.5,2,0
2025,RB,Keaton Mitchell,LAC,23,12,55.4,0,0,0,341,1,12,9,63,0,75.0,0,125,745,16.8,0,0,0,0,0,0,0,0,0,0,0,3.01,1.65,8.18,1,0
2025,WR,Rashod Bateman,BAL,25,10,55.4,0,0,0,0,0,38,19,224,2,50.0,0,550,798,68.9,0,0,0,0,0,0,0,0,0,0,0,4.5,2.48,9.5,1,0
2025,TE,Josh Oliver,MIN,28,11,55.0,0,0,0,0,0,19,15,160,4,78.9,0,369,807,45.7,0,0,0,0,0,0,0,0,0,0,0,4.79,1.35,10.25,2,0
2025,WR,Isaiah Bond,CLE,21,13,54.7,0,0,0,29,0,44,18,338,0,40.9,0,466,958,48.6,0,0,0,0,0,0,0,0,0,0,0,2.95,1.7,8.1,1,0
2025,RB,Ollie Gordon,MIA,21,15,54.1,0,0,0,199,3,9,7,32,1,77.8,0,203,927,21.9,0,0,0,0,0,0,0,0,0,0,0,4.32,0.1,10.4,2,0
2025,TE,Ja'Tavion Sanders,CAR,22,10,54.0,0,0,0,0,0,34,29,190,1,85.3,0,393,804,48.9,0,0,0,0,0,0,0,0,0,0,0,3.37,2.17,8.93,1,0
2025,DST,NYJ Defense,NYJ,,17,54.0,0,0,0,0,0,0,0,0,0,0.0,0,0,0,0.0,0,0,0,26,0,3,0,1,1,497,6045,5.7,-3.25,11.25,2,0
2025,RB,Tank Bigsby,PHI,23,11,53.8,0,0,0,356,2,4,3,32,0,75.0,0,101,991,10.2,0,0,0,0,0,0,0,0,0,0,0,5.25,0.78,10.85,2,0
2025,WR,Tyreek Hill,,31,4,53.5,0,0,0,0,0,29,21,265,1,72.4,0,155,224,69.2,0,0,0,0,0,0,0,0,0,0,0,3.47,13.38,13.38,3,0
2025,QB,Russell Wilson,,36,5,52.84,831,3,3,106,0,0,0,0,0,0.0,0,220,829,26.5,0,0,0,0,0,0,0,0,0,0,0,10.99,5.39,13.13,2,1
2025,TE,Jackson Hawes,BUF,24,13,52.7,0,0,0,0,0,19,16,187,3,84.2,0,465,1057,44.0,0,0,0,0,0,0,0,0,0,0,0,2.52,1.6,7.25,0,0
2025,WR,Joshua Palmer,BUF,25,12,52.3,0,0,0,0,0,37,22,303,0,59.5,0,330,722,45.7,0,0,0,0,0,0,0,0,0,0,0,2.93,1.5,7.85,1,0
2025,TE,Terrance Ferguson,LAR,22,7,52.1,0,0,0,0,0,25,11,231,3,44.0,0,356,919,38.7,0,0,0,0,0,0,0,0,0,0,0,4.3,4.08,10.8,3,0
2025,WR,Brandin Cooks,,31,11,51.9,0,0,0,0,0,36,24,279,0,66.7,0,537,979,54.9,0,0,0,0,0,0,0,0,0,0,0,3.32,2.05,7.58,1,0
2025,WR,Tim Patrick,NYJ,31,9,51.7,0,0,0,0,0,24,15,187,3,62.5,0,314,1009,31.1,0,0,0,0,0,0,0,0,0,0,0,5.76,1.63,10.65,2,0
2025,WR,Luke McCaffrey,WAS,24,6,51.3,0,0,0,0,0,15,11,203,3,73.3,0,174,563,30.9,0,0,0,0,0,0,0,0,0,0,0,3.46,6.6,10.25,3,0
2025,QB,Malik Willis,MIA,26,4,51.18,422,3,0,123,2,0,0,0,0,0.0,1,98,1000,9.8,0,0,0,0,0,0,0,0,0,0,0,11.71,12.8,12.8,2,1
2025,WR,Jahan Dotson,ATL,25,11,50.2,0,0,0,0,0,36,18,262,1,50.0,0,539,988,54.6,0,0,0,0,0,0,0,0,0,0,0,3.14,1.65,8.3,1,0
2025,K,Joshua Karty,,23,8,50.0,0,0,0,0,0,0,0,0,0,0.0,0,0,533,0.0,23,3,10,0,0,0,0,0,0,0,0,4.21,3.0,9.5,1,0
2025,WR,Dyami Brown,WAS,25,9,49.7,0,0,0,30,0,37,20,227,1,54.1,1,348,958,36.3,0,0,0,0,0,0,0,0,0,0,0,5.14,1.6,9.83,1,0
2025,TE,Luke Musgrave,GB,24,13,49.2,0,0,0,0,0,31,24,252,0,77.4,0,426,1000,42.6,0,0,0,0,0,0,0,0,0,0,0,2.52,1.35,6.93,0,0
2025,WR,Kyle Williams,NE,22,9,49.2,0,0,0,3,0,21,10,209,3,47.6,0,309,1035,29.9,0,0,0,0,0,0,0,0,0,0,0,5.15,1.08,10.53,3,0
2025,WR,Jaylin Lane,WAS,23,12,49.2,0,0,0,7,0,32,16,225,0,50.0,1,348,941,37.0,0,0,0,0,0,0,0,0,0,0,0,2.33,1.65,6.8,0,0
2025,WR,David Sills,TB,29,8,49.1,0,0,0,0,0,36,18,191,2,50.0,0,520,1033,50.3,0,0,0,0,0,0,0,0,0,0,0,4.19,2.38,9.9,1,0
2025,WR,Jayden Reed,GB,25,5,48.5,0,0,0,28,0,22,19,207,1,86.4,0,161,354,45.5,0,0,0,0,0,0,0,0,0,0,0,2.22,8.75,10.35,2,0
2025,WR,Xavier Smith,LAR,27,10,48.3,0,0,0,0,0,24,18,303,0,75.0,0,208,1004,20.7,0,0,0,0,0,0,0,0,0,0,0,3.52,1.85,8.55,2,0
2025,RB,Jaylen Wright,MIA,22,9,48.2,0,0,0,288,2,9,5,44,0,55.6,1,101,708,14.3,0,0,0,0,0,0,0,0,0,0,0,5.21,1.45,9.65,2,0
2025,TE,Mitchell Evans,CAR,22,11,48.2,0,0,0,1,0,25,19,171,2,76.0,0,393,1061,37.0,0,0,0,0,0,0,0,0,0,0,0,2.83,1.73,7.25,1,0
2025,RB,Audric Estime,NO,21,5,48.1,0,0,0,198,1,13,12,103,0,92.3,0,124,399,31.1,0,0,0,0,0,0,0,0,0,0,0,5.86,7.82,11.75,2,0
2025,TE,Tanner Hudson,CIN,30,10,47.8,0,0,0,0,0,24,19,168,2,79.2,0,142,911,15.6,0,0,0,0,0,0,0,0,0,0,0,2.99,1.83,7.7,1,0
2025,WR,Calvin Ridley,TEN,30,7,47.3,0,0,0,0,0,36,17,303,0,47.2,0,250,430,58.1,0,0,0,0,0,0,0,0,0,0,0,5.08,3.45,9.63,1,0
2025,TE,Jeremy Ruckert,NYJ,25,12,46.9,0,0,0,0,0,29,23,179,1,79.3,0,465,999,46.5,0,0,0,0,0,0,0,0,0,0,0,1.93,2.17,6.13,0,0
2025,WR,Jalen Tolbert,MIA,26,8,46.3,0,0,0,0,0,34,18,203,1,52.9,0,443,847,52.3,0,0,0,0,0,0,0,0,0,0,0,3.94,2.25,9.32,2,0
2025,TE,Adam Trautman,DEN,28,11,45.5,0,0,0,0,0,23,20,195,1,87.0,0,617,1081,57.1,0,0,0,0,0,0,0,0,0,0,0,2.6,1.65,6.85,0,0
2025,WR,Tyrell Shavers,BUF,26,8,45.5,0,0,0,0,0,23,15,245,1,65.2,0,437,1057,41.3,0,0,0,0,0,0,0,0,0,0,0,5.2,2.7,8.68,1,0
2025,QB,Jameis Winston,NYG,31,2,45.28,567,2,2,23,1,1,1,33,1,100.0,1,156,397,39.3,0,0,0,0,0,0,0,0,0,0,0,10.6,22.64,22.64,2,1
2025,K,Parker Romo,,28,7,44.0,0,0,0,0,0,0,0,0,0,0.0,0,0,382,0.0,12,1,11,0,0,0,0,0,0,0,0,5.77,2.75,9.5,1,0
2025,RB,Jerome Ford,WAS,25,13,43.6,0,0,0,73,0,32,26,103,0,81.3,0,269,856,31.4,0,0,0,0,0,0,0,0,0,0,0,3.16,0.23,7.3,1,0
2025,WR,Jack Bech,LV,22,9,42.4,0,0,0,0,0,29,20,224,0,69.0,0,307,872,35.2,0,0,0,0,0,0,0,0,0,0,0,2.56,2.88,6.8,1,0
2025,TE,Taysom Hill,,35,12,41.78,57,1,0,114,1,16,11,91,0,68.8,1,187,770,24.3,0,0,0,0,0,0,0,0,0,0,0,4.05,0.62,7.66,1,0
2025,RB,Malik Davis,DAL,26,9,40.6,0,0,0,250,2,5,2,16,0,40.0,0,150,656,22.9,0,0,0,0,0,0,0,0,0,0,0,4.59,0.8,8.78,3,0
2025,QB,Tyler Huntley,BAL,27,5,40.14,426,2,0,151,0,0,0,0,0,0.0,0,197,745,26.4,0,0,0,0,0,0,0,0,0,0,0,6.54,5.85,10.11,2,0
2025,WR,Adam Thielen,,35,11,39.6,0,0,0,0,0,35,19,186,0,54.3,0,337,906,37.2,0,0,0,0,0,0,0,0,0,0,0,2.35,1.68,6.1,0,0
2025,RB,Zavier Scott,MIN,26,9,39.2,0,0,0,114,0,16,14,98,1,87.5,1,99,878,11.3,0,0,0,0,0,0,0,0,0,0,0,4.56,1.58,7.48,1,0
2025,TE,Noah Gray,KC,26,12,38.8,0,0,0,0,0,37,21,178,0,56.8,0,509,983,51.8,0,0,0,0,0,0,0,0,0,0,0,1.73,1.18,5.18,0,0
2025,WR,Chris Moore,BAL,32,7,38.6,0,0,0,9,0,23,11,207,1,47.8,0,406,803,50.6,0,0,0,0,0,0,0,0,0,0,0,3.86,3.08,7.7,1,0
2025,WR,Roman Wilson,PIT,24,7,38.6,0,0,0,0,0,21,12,166,2,57.1,1,253,816,31.0,0,0,0,0,0,0,0,0,0,0,0,5.99,1.5,8.82,2,0
2025,K,Graham Gano,,38,5,38.0,0,0,0,0,0,0,0,0,0,0.0,0,0,310,0.0,9,0,9,0,0,0,0,0,0,0,0,3.44,6.25,8.75,1,0
2025,WR,Tyler Johnson,DAL,27,6,37.7,0,0,0,0,0,18,12,197,1,66.7,0,292,751,38.9,0,0,0,0,0,0,0,0,0,0,0,4.81,3.33,8.68,1,0
2025,WR,Devontez Walker,BAL,24,4,37.6,0,0,0,0,0,8,6,136,3,75.0,0,126,617,20.4,0,0,0,0,0,0,0,0,0,0,0,5.39,9.4,9.4,2,0
2025,TE,Elijah Arroyo,SEA,22,9,36.9,0,0,0,0,0,26,15,179,1,57.7,1,316,801,39.5,0,0,0,0,0,0,0,0,0,0,0,3.11,1.58,7.15,1,0
2025,TE,Brock Wright,DET,26,6,36.8,0,0,0,0,0,22,14,108,2,63.6,0,401,699,57.4,0,0,0,0,0,0,0,0,0,0,0,3.36,4.03,7.98,1,0
2025,WR,Jordan Whittington,LAR,24,11,36.3,0,0,0,12,0,25,18,171,0,72.0,0,443,1060,41.8,0,0,0,0,0,0,0,0,0,0,0,1.77,1.4,5.38,0,0
2025,TE,Charlie Kolar,LAC,26,8,36.2,0,0,0,0,0,15,10,142,2,66.7,0,389,963,40.4,0,0,0,0,0,0,0,0,0,0,0,2.79,2.6,6.45,1,0
2025,QB,Quinn Ewers,MIA,22,4,36.18,622,3,3,19,0,1,1,-6,0,100.0,0,126,172,73.3,0,0,0,0,0,0,0,0,0,0,0,4.83,9.05,9.05,1,0
2025,RB,Ameer Abdullah,JAX,32,11,35.9,0,0,0,60,1,17,16,99,0,94.1,1,78,745,10.5,0,0,0,0,0,0,0,0,0,0,0,2.71,1.02,6.13,0,0
2025,WR,Hunter Renfrow,,29,6,35.9,0,0,0,0,0,26,15,89,2,57.7,0,210,413,50.8,0,0,0,0,0,0,0,0,0,0,0,7.99,2.25,8.13,1,1
2025,QB,Brady Cook,NYJ,23,5,35.46,739,2,7,49,0,0,0,0,0,0.0,1,248,394,62.9,0,0,0,0,0,0,0,0,0,0,0,2.95,5.88,7.74,1,0
2025,RB,Trey Benson,ARI,23,4,35.4,0,0,0,160,0,16,13,64,0,81.3,0,123,254,48.4,0,0,0,0,0,0,0,0,0,0,0,0.91,8.85,8.85,1,0
2025,RB,Tyler Badie,DEN,25,13,35.4,0,0,0,23,0,31,19,141,0,61.3,0,183,1021,17.9,0,0,0,0,0,0,0,0,0,0,0,1.39,0.98,4.38,0,0
2025,QB,Philip Rivers,,43,3,34.66,544,4,3,-1,0,0,0,0,0,0.0,0,172,177,97.2,0,0,0,0,0,0,0,0,0,0,0,4.63,11.55,11.55,1,0
2025,WR,Lil'Jordan Humphrey,DEN,27,5,34.6,0,0,0,0,0,25,13,156,1,52.0,0,313,607,51.6,0,0,0,0,0,0,0,0,0,0,0,3.99,5.35,8.18,1,0
2025,WR,Gunner Olszewski,NYG,28,5,33.82,33,1,0,0,0,13,10,145,1,76.9,1,55,1004,5.5,0,0,0,0,0,0,0,0,0,0,0,6.81,3.91,8.96,1,0
2025,RB,James Conner,ARI,30,3,33.3,0,0,0,95,1,9,8,38,1,88.9,0,93,187,49.7,0,0,0,0,0,0,0,0,0,0,0,3.24,11.1,11.1,2,0
2025,RB,Kendre Miller,NO,23,7,33.3,0,0,0,193,1,5,5,30,0,100.0,0,113,464,24.4,0,0,0,0,0,0,0,0,0,0,0,3.62,2.33,7.05,1,0
2025,WR,Kevin Austin,NO,25,4,33.0,0,0,0,0,0,23,13,140,1,56.5,0,171,412,41.5,0,0,0,0,0,0,0,0,0,0,0,4.25,8.25,8.25,1,0
2025,RB,Chris Brooks,GB,25,13,32.7,0,0,0,106,0,17,13,91,0,76.5,0,180,1000,18.0,0,0,0,0,0,0,0,0,0,0,0,1.87,0.6,4.95,0,0
2025,TE,Hunter Long,JAX,27,7,32.5,0,0,0,0,0,17,12,85,2,70.6,0,258,630,41.0,0,0,0,0,0,0,0,0,0,0,0,3.32,2.43,6.6,1,0
2025,WR,Marquez Valdes-Scantling,DAL,30,7,32.0,0,0,0,0,0,29,14,120,1,48.3,0,276,625,44.2,0,0,0,0,0,0,0,0,0,0,0,2.85,2.4,6.65,0,0
2025,QB,Riley Leonard,IND,22,4,32.0,415,2,3,27,2,0,0,-3,0,0.0,2,65,679,9.6,0,0,0,0,0,0,0,0,0,0,0,9.21,8.0,8.0,2,1
2025,K,Ben Sauls,NYG,24,3,32.0,0,0,0,0,0,0,0,0,0,0.0,0,0,120,0.0,7,0,8,0,0,0,0,0,0,0,0,3.3,10.67,10.67,1,0
2025,TE,Drew Sample,CIN,29,10,31.9,0,0,0,3,0,20,15,106,1,75.0,0,546,1043,52.3,0,0,0,0,0,0,0,0,0,0,0,2.69,1.1,5.75,0,0
2025,WR,Mitch Tinsley,CIN,25,6,31.6,0,0,0,0,0,24,8,116,2,33.3,0,280,1043,26.8,0,0,0,0,0,0,0,0,0,0,0,3.24,3.1,6.78,1,0
2025,WR,Malachi Corley,CLE,23,12,31.6,0,0,0,127,0,14,11,79,0,78.6,0,172,749,23.0,0,0,0,0,0,0,0,0,0,0,0,1.8,0.85,4.7,0,0
2025,RB,Jaleel McLaughlin,DEN,24,7,31.4,0,0,0,187,1,6,4,27,0,66.7,0,72,472,15.3,0,0,0,0,0,0,0,0,0,0,0,2.35,3.03,5.83,0,0
2025,WR,Tutu Atwell,MIA,25,5,31.2,0,0,0,0,0,15,6,192,1,40.0,0,177,629,28.1,0,0,0,0,0,0,0,0,0,0,0,5.54,3.85,7.45,1,0
2025,QB,Mitchell Trubisky,TEN,31,4,31.12,313,4,0,6,0,0,0,0,0,0.0,0,24,1057,2.3,0,0,0,0,0,0,0,0,0,0,0,12.17,7.78,7.78,1,1
2025,TE,Julian Hill,NE,25,10,31.0,0,0,0,0,0,20,15,140,0,75.0,0,407,741,54.9,0,0,0,0,0,0,0,0,0,0,0,1.76,1.58,4.93,0,0
2025,WR,Gabe Davis,,26,5,30.9,0,0,0,0,0,18,12,129,1,66.7,0,168,336,50.0,0,0,0,0,0,0,0,0,0,0,0,4.8,3.95,7.35,1,0
2025,TE,Mo Alie-Cox,IND,31,8,30.7,0,0,0,0,0,20,13,117,1,65.0,0,392,1007,38.9,0,0,0,0,0,0,0,0,0,0,0,2.92,1.98,5.7,1,0
2025,WR,Zay Jones,,30,5,30.3,0,0,0,0,0,18,12,183,0,66.7,0,271,546,49.6,0,0,0,0,0,0,0,0,0,0,0,4.21,4.35,7.23,1,0
2025,WR,Brycen Tremayne,CAR,25,7,30.0,0,0,0,0,0,18,14,160,0,77.8,0,264,1008,26.2,0,0,0,0,0,0,0,0,0,0,0,2.09,2.73,5.7,0,0
2025,WR,Jalen McMillan,TB,23,4,29.9,0,0,0,1,0,15,12,178,0,80.0,0,138,267,51.7,0,0,0,0,0,0,0,0,0,0,0,6.44,7.48,7.48,1,0
2025,RB,Jawhar Jordan,HOU,26,4,29.7,0,0,0,193,0,7,7,34,0,100.0,0,69,197,35.0,0,0,0,0,0,0,0,0,0,0,0,5.63,7.43,7.43,2,0
2025,TE,Luke Farrell,SF,27,8,29.5,0,0,0,0,0,14,11,85,2,78.6,1,404,1123,36.0,0,0,0,0,0,0,0,0,0,0,0,3.37,1.6,5.78,0,0
2025,RB,Raheem Mostert,,33,12,29.4,0,0,0,104,0,12,12,70,0,100.0,0,137,673,20.4,0,0,0,0,0,0,0,0,0,0,0,2.2,0.65,4.78,0,0
2025,WR,Treylon Burks,WAS,25,6,29.0,0,0,0,0,0,22,10,130,1,45.5,0,245,420,58.3,0,0,0,0,0,0,0,0,0,0,0,2.55,3.18,6.13,0,0
2025,K,Younghoe Koo,,31,6,29.0,0,0,0,0,0,0,0,0,0,0.0,0,0,358,0.0,13,1,6,0,0,0,0,0,0,0,0,3.89,2.75,6.75,0,0
2025,WR,Jimmy Horn,CAR,22,10,28.7,0,0,0,69,0,15,11,108,0,73.3,0,148,785,18.9,0,0,0,0,0,0,0,0,0,0,0,1.64,1.63,4.3,0,0
2025,WR,Elijah Moore,PHI,25,7,28.6,0,0,0,24,1,17,9,112,0,52.9,0,159,533,29.8,0,0,0,0,0,0,0,0,0,0,0,3.11,2.0,5.85,1,0
2025,TE,Ben Sinnott,WAS,23,8,28.4,0,0,0,0,0,13,11,114,1,84.6,0,303,918,33.0,0,0,0,0,0,0,0,0,0,0,0,2.06,1.83,5.28,0,0
2025,WR,Isaiah Hodgins,NYG,26,5,27.5,0,0,0,0,0,19,10,115,1,52.6,0,291,397,73.3,0,0,0,0,0,0,0,0,0,0,0,4.88,3.83,6.53,2,0
2025,TE,Connor Heyward,LV,26,9,27.4,0,0,0,43,2,4,3,21,1,75.0,0,79,956,8.3,0,0,0,0,0,0,0,0,0,0,0,3.17,0.28,6.18,0,0
2025,TE,John Bates,WAS,27,8,27.3,0,0,0,0,0,16,11,103,1,68.8,0,438,870,50.3,0,0,0,0,0,0,0,0,0,0,0,2.37,1.98,4.85,0,0
2025,TE,Luke Schoonmaker,DAL,26,11,27.2,0,0,0,0,0,23,14,132,0,60.9,0,375,1131,33.2,0,0,0,0,0,0,0,0,0,0,0,1.05,1.43,3.68,0,0
2025,RB,LeQuint Allen,JAX,21,15,26.8,0,0,0,94,0,11,10,54,0,90.9,0,248,1089,22.8,0,0,0,0,0,0,0,0,0,0,0,0.86,0.7,2.8,0,0
2025,RB,Miles Sanders,,28,4,26.7,0,0,0,117,1,8,8,30,0,100.0,1,65,293,22.2,0,0,0,0,0,0,0,0,0,0,0,2.5,6.68,6.68,0,0
2025,WR,Jahdae Walker,CHI,23,3,26.7,0,0,0,0,0,10,6,87,2,60.0,0,66,537,12.3,0,0,0,0,0,0,0,0,0,0,0,2.82,8.9,8.9,2,0
2025,QB,Josh Johnson,CIN,39,3,26.38,372,1,2,55,1,0,0,0,0,0.0,1,69,538,12.8,0,0,0,0,0,0,0,0,0,0,0,6.54,8.79,8.79,1,0
2025,WR,Theo Wease,MIA,24,3,25.9,0,0,0,0,0,10,6,139,1,60.0,0,36,114,31.6,0,0,0,0,0,0,0,0,0,0,0,3.42,8.63,8.63,1,0
2025,RB,Jaret Patterson,LAC,25,6,25.7,0,0,0,159,1,4,3,8,0,75.0,0,60,341,17.6,0,0,0,0,0,0,0,0,0,0,0,3.94,1.9,6.38,1,0
2025,WR,Savion Williams,GB,23,10,25.5,0,0,0,37,0,10,10,78,1,100.0,1,91,771,11.8,0,0,0,0,0,0,0,0,0,0,0,2.41,0.55,4.97,0,0
2025,TE,John FitzPatrick,,25,8,25.2,0,0,0,0,0,15,12,72,1,80.0,0,335,953,35.2,0,0,0,0,0,0,0,0,0,0,0,2.56,1.43,4.88,0,0
2025,WR,Konata Mumpfield,LAR,22,6,25.2,0,0,0,0,0,23,10,92,1,43.5,0,339,1060,32.0,0,0,0,0,0,0,0,0,0,0,0,2.37,2.68,5.5,0,0
2025,RB,Dare Ogunbowale,,31,8,25.1,0,0,0,25,1,13,10,76,0,76.9,1,120,1092,11.0,0,0,0,0,0,0,0,0,0,0,0,2.29,1.48,4.8,0,0
2025,TE,Ian Thomas,LV,29,7,24.4,0,0,0,0,0,13,13,114,0,100.0,0,294,835,35.2,0,0,0,0,0,0,0,0,0,0,0,2.04,2.03,4.83,0,0
2025,RB,Rasheen Ali,BAL,24,7,24.2,0,0,0,24,0,11,9,68,1,81.8,0,111,830,13.4,0,0,0,0,0,0,0,0,0,0,0,3.27,1.73,4.95,1,0
2025,WR,Bo Melton,GB,26,6,24.2,0,0,0,35,0,13,4,107,1,30.8,0,83,932,8.9,0,0,0,0,0,0,0,0,0,0,0,3.7,1.98,5.6,1,0
2025,TE,Brevyn Spann-Ford,DAL,25,8,24.0,0,0,0,0,0,13,9,90,1,69.2,0,283,1131,25.0,0,0,0,0,0,0,0,0,0,0,0,2.13,1.4,4.6,0,0
2025,WR,Dont'e Thornton,LV,22,7,23.5,0,0,0,0,0,30,10,135,0,33.3,0,391,817,47.9,0,0,0,0,0,0,0,0,0,0,0,1.64,2.23,4.4,0,0
2025,RB,Antonio Gibson,,27,5,23.2,0,0,0,106,1,3,2,6,0,66.7,1,52,314,16.6,0,0,0,0,0,0,0,0,0,0,0,3.94,3.35,5.73,0,0
2025,WR,Josh Reynolds,,30,4,23.1,0,0,0,0,0,21,11,101,0,52.4,0,273,327,83.5,0,0,0,0,0,0,0,0,0,0,0,1.46,5.78,5.78,0,0
2025,RB,Andrew Beck,NYJ,29,7,23.0,0,0,0,5,0,9,6,45,2,66.7,0,98,999,9.8,0,0,0,0,0,0,0,0,0,0,0,2.52,1.5,4.75,0,0
2025,WR,Allen Lazard,,29,8,23.0,0,0,0,0,0,18,10,70,1,55.6,0,235,634,37.1,0,0,0,0,0,0,0,0,0,0,0,2.52,1.55,4.2,0,0
2025,TE,Grant Calcaterra,PHI,26,7,22.6,0,0,0,0,0,13,9,76,1,69.2,0,352,881,40.0,0,0,0,0,0,0,0,0,0,0,0,2.92,1.53,4.57,1,0
2025,K,Matthew Wright,,29,4,22.0,0,0,0,0,0,0,0,0,0,0.0,0,0,136,0.0,4,0,5,0,0,0,0,0,0,0,0,4.03,5.5,5.5,1,0
2025,WR,Curtis Samuel,,29,5,21.1,0,0,0,0,0,9,7,81,1,77.8,0,151,380,39.7,0,0,0,0,0,0,0,0,0,0,0,3.3,2.63,4.88,1,0
2025,RB,George Holani,SEA,25,5,20.8,0,0,0,73,1,2,2,15,0,100.0,1,36,673,5.3,0,0,0,0,0,0,0,0,0,0,0,3.2,2.93,5.05,0,0
2025,TE,Will Dissly,,29,7,20.7,0,0,0,0,0,16,11,97,0,68.8,0,158,530,29.8,0,0,0,0,0,0,0,0,0,0,0,1.54,1.8,4.07,0,0
2025,WR,Jamari Thrash,CLE,24,7,20.7,0,0,0,0,0,15,10,107,0,66.7,0,216,618,35.0,0,0,0,0,0,0,0,0,0,0,0,1.13,2.25,3.72,0,0
2025,RB,Jaydon Blue,DAL,21,4,20.4,0,0,0,129,1,1,1,5,0,100.0,0,45,256,17.6,0,0,0,0,0,0,0,0,0,0,0,4.42,5.1,5.1,1,0
2025,WR,Mason Tipton,NO,24,4,20.4,0,0,0,18,0,17,11,76,0,64.7,0,297,1002,29.6,0,0,0,0,0,0,0,0,0,0,0,2.57,5.1,5.1,0,0
2025,RB,Raheim Sanders,CLE,23,4,20.3,0,0,0,92,1,4,3,21,0,75.0,0,45,365,12.3,0,0,0,0,0,0,0,0,0,0,0,0.91,5.07,5.07,0,0
2025,TE,Johnny Mundt,PHI,30,8,20.1,0,0,0,0,0,19,9,111,0,47.4,0,370,1025,36.1,0,0,0,0,0,0,0,0,0,0,0,0.87,1.88,3.15,0,0
2025,K,Lucas Havrisik,,25,3,20.0,0,0,0,0,0,0,0,0,0,0.0,0,0,172,0.0,7,2,4,0,0,0,0,0,0,0,0,5.44,6.67,6.67,1,0
2025,WR,Ashton Dulin,IND,28,6,20.0,0,0,0,44,0,10,5,106,0,50.0,0,139,703,19.8,0,0,0,0,0,0,0,0,0,0,0,2.52,1.68,4.58,0,0
2025,TE,Cade Stover,HOU,25,5,19.9,0,0,0,3,0,16,12,76,0,75.0,0,230,535,43.0,0,0,0,0,0,0,0,0,0,0,0,1.57,3.43,4.5,0,0
2025,WR,Nick Westbrook-Ikhine,IND,28,7,19.9,0,0,0,0,0,20,11,89,0,55.0,0,380,813,46.7,0,0,0,0,0,0,0,0,0,0,0,1.28,1.83,3.85,0,0
2025,WR,Dante Pettis,BUF,29,3,19.7,0,0,0,0,0,11,9,127,0,81.8,1,62,479,12.9,0,0,0,0,0,0,0,0,0,0,0,3.52,6.57,6.57,1,0
2025,WR,Darius Cooper,PHI,23,5,18.2,0,0,0,0,0,11,9,92,0,81.8,0,132,706,18.7,0,0,0,0,0,0,0,0,0,0,0,1.74,2.98,4.2,0,0
2025,TE,Tanner Conner,NYG,27,6,18.1,0,0,0,0,0,15,9,91,0,60.0,0,181,529,34.2,0,0,0,0,0,0,0,0,0,0,0,0.83,2.58,3.5,0,0
2025,WR,Cody White,SEA,26,3,18.0,0,0,0,0,0,4,3,90,1,75.0,0,165,619,26.7,0,0,0,0,0,0,0,0,0,0,0,4.97,6.0,6.0,1,0
2025,WR,Ben Skowronek,PIT,28,4,17.9,0,0,0,0,0,6,4,69,1,66.7,0,151,956,15.8,0,0,0,0,0,0,0,0,0,0,0,3.32,4.47,4.47,1,0
2025,WR,Kameron Johnson,TB,23,3,17.7,0,0,0,13,0,7,4,64,1,57.1,0,105,1134,9.3,0,0,0,0,0,0,0,0,0,0,0,7.43,5.9,5.9,1,0
2025,RB,Will Shipley,PHI,23,10,17.5,0,0,0,49,0,12,9,56,0,75.0,1,90,861,10.5,0,0,0,0,0,0,0,0,0,0,0,1.66,0.25,3.35,0,0
2025,TE,Quintin Morris,JAX,26,5,17.5,0,0,0,0,0,9,6,55,1,66.7,0,188,866,21.7,0,0,0,0,0,0,0,0,0,0,0,2.16,2.5,4.0,0,0
2025,TE,Tyler Conklin,DET,30,5,17.3,0,0,0,2,0,10,7,101,0,70.0,0,146,871,16.8,0,0,0,0,0,0,0,0,0,0,0,2.28,2.53,4.0,0,0
2025,RB,Trayveon Williams,,27,5,17.1,0,0,0,36,0,9,8,55,0,88.9,0,69,363,19.0,0,0,0,0,0,0,0,0,0,0,0,3.16,1.9,4.05,0,0
2025,QB,Mason Rudolph,PIT,30,4,17.0,310,2,2,6,0,0,0,0,0,0.0,1,113,956,11.8,0,0,0,0,0,0,0,0,0,0,0,4.54,4.25,4.25,0,0
2025,TE,Nate Adkins,DEN,26,3,16.8,0,0,0,0,0,11,6,48,1,54.5,0,176,545,32.3,0,0,0,0,0,0,0,0,0,0,0,3.38,5.6,5.6,1,0
2025,TE,Jack Stoll,CLE,27,5,16.6,0,0,0,0,0,11,6,46,1,54.5,0,209,988,21.2,0,0,0,0,0,0,0,0,0,0,0,3.39,1.63,3.8,1,0
2025,WR,Efton Chism,NE,23,2,16.5,0,0,0,0,0,3,3,75,1,100.0,0,66,456,14.5,0,0,0,0,0,0,0,0,0,0,0,3.75,8.25,8.25,1,0
2025,WR,KeAndre Lambert-Smith,LAC,23,4,16.1,0,0,0,0,0,12,5,51,1,41.7,0,100,575,17.4,0,0,0,0,0,0,0,0,0,0,0,2.9,4.03,4.03,0,0
2025,WR,Shedrick Jackson,LV,25,3,15.9,0,0,0,3,0,5,4,56,1,80.0,0,17,186,9.1,0,0,0,0,0,0,0,0,0,0,0,3.04,5.3,5.3,0,0
2025,WR,Casey Washington,CAR,24,4,15.4,0,0,0,0,0,14,6,94,0,42.9,0,181,455,39.8,0,0,0,0,0,0,0,0,0,0,0,1.44,3.85,3.85,0,0
2025,RB,Braelon Allen,NYJ,21,4,15.3,0,0,0,76,1,3,2,17,0,66.7,1,58,243,23.9,0,0,0,0,0,0,0,0,0,0,0,2.98,3.83,3.83,0,0
2025,RB,Terrell Jennings,NE,24,4,15.2,0,0,0,73,1,1,1,9,0,100.0,0,39,529,7.4,0,0,0,0,0,0,0,0,0,0,0,4.41,3.8,3.8,1,0
2025,WR,Scotty Miller,CHI,28,4,15.2,0,0,0,0,0,14,9,62,0,64.3,0,142,736,19.3,0,0,0,0,0,0,0,0,0,0,0,1.46,3.8,3.8,0,0
2025,WR,Skyy Moore,GB,24,7,14.8,0,0,0,11,0,7,5,87,0,71.4,0,110,1123,9.8,0,0,0,0,0,0,0,0,0,0,0,1.09,1.4,2.93,0,0
2025,QB,Tanner McKee,PHI,25,4,14.76,274,1,1,8,0,0,0,0,0,0.0,0,25,798,3.1,0,0,0,0,0,0,0,0,0,0,0,5.43,3.69,3.69,1,0
2025,TE,Josh Whyle,GB,25,5,14.6,0,0,0,0,0,6,5,36,1,83.3,0,139,418,33.3,0,0,0,0,0,0,0,0,0,0,0,2.25,1.85,3.38,0,0
2025,WR,Malik Heath,ATL,25,4,14.6,0,0,0,0,0,7,6,86,0,85.7,0,212,707,30.0,0,0,0,0,0,0,0,0,0,0,0,1.71,3.65,3.65,0,0
2025,QB,Trey Lance,LAC,25,4,14.54,226,0,1,85,0,0,0,0,0,0.0,1,29,1072,2.7,0,0,0,0,0,0,0,0,0,0,0,3.38,3.64,3.64,0,0
2025,WR,Tylan Wallace,CLE,26,3,14.5,0,0,0,0,0,8,4,45,1,50.0,0,184,772,23.8,0,0,0,0,0,0,0,0,0,0,0,4.02,4.83,4.83,1,0
2025,WR,Ray-Ray McCloud,,28,4,13.9,0,0,0,0,0,15,7,69,0,46.7,0,211,403,52.4,0,0,0,0,0,0,0,0,0,0,0,2.99,3.48,3.48,0,0
2025,WR,Xavier Weaver,ARI,24,4,13.7,0,0,0,0,0,13,7,67,0,53.8,0,229,612,37.4,0,0,0,0,0,0,0,0,0,0,0,0.94,3.43,3.43,0,0
2025,WR,Arian Smith,NYJ,23,9,13.5,0,0,0,13,0,16,7,52,0,43.8,0,360,933,38.6,0,0,0,0,0,0,0,0,0,0,0,0.91,0.7,2.35,0,0
2025,WR,Noah Brown,,29,4,13.3,0,0,0,0,0,10,5,83,0,50.0,0,102,252,40.5,0,0,0,0,0,0,0,0,0,0,0,1.04,3.33,3.33,0,0
2025,TE,Anthony Firkser,DET,30,4,13.3,0,0,0,0,0,10,8,53,0,80.0,0,136,395,34.4,0,0,0,0,0,0,0,0,0,0,0,2.71,3.33,3.33,0,0
2025,RB,Austin Ekeler,,30,2,13.1,0,0,0,43,0,7,5,38,0,71.4,0,69,139,49.6,0,0,0,0,0,0,0,0,0,0,0,2.15,6.55,6.55,0,0
2025,TE,David Martin-Robinson,TEN,25,4,13.0,0,0,0,0,0,6,4,30,1,66.7,0,112,1002,11.2,0,0,0,0,0,0,0,0,0,0,0,2.24,3.25,3.25,0,0
2025,WR,Michael Bandy,DEN,27,3,13.0,0,0,0,0,0,4,4,50,1,100.0,1,15,203,7.4,0,0,0,0,0,0,0,0,0,0,0,3.49,4.33,4.33,0,0
2025,TE,Foster Moreau,HOU,28,5,12.9,0,0,0,0,0,10,7,59,0,70.0,0,253,716,35.3,0,0,0,0,0,0,0,0,0,0,0,0.8,2.33,2.85,0,0
2025,TE,Charlie Woerner,ATL,27,5,12.8,0,0,0,0,0,9,8,48,0,88.9,0,561,1033,54.3,0,0,0,0,0,0,0,0,0,0,0,1.69,1.85,3.08,0,0
2025,TE,Drew Ogletree,IND,27,3,12.7,0,0,0,0,0,6,4,27,1,66.7,0,226,950,23.8,0,0,0,0,0,0,0,0,0,0,0,3.23,4.23,4.23,0,0
2025,WR,James Proche,,28,4,12.5,0,0,0,0,0,12,6,65,0,50.0,0,146,519,28.1,0,0,0,0,0,0,0,0,0,0,0,2.38,3.13,3.13,0,0
2025,WR,Ryan Miller,NYG,25,3,12.4,0,0,0,0,0,4,2,34,1,50.0,0,123,857,14.4,0,0,0,0,0,0,0,0,0,0,0,3.49,4.13,4.13,0,0
2025,WR,Gage Larvadain,CLE,23,5,12.4,0,0,0,3,0,14,7,71,0,50.0,1,182,749,24.3,0,0,0,0,0,0,0,0,0,0,0,1.41,2.05,3.03,0,0
2025,QB,Joe Milton,DAL,25,4,12.32,183,1,2,50,0,0,0,0,0,0.0,1,24,1131,2.1,0,0,0,0,0,0,0,0,0,0,0,3.23,3.08,3.08,0,0
2025,TE,Stone Smartt,PHI,26,2,12.2,0,0,0,0,0,9,7,52,0,77.8,0,55,845,6.5,0,0,0,0,0,0,0,0,0,0,0,2.3,6.1,6.1,0,0
2025,K,Jude McAtamney,,25,3,12.0,0,0,0,0,0,0,0,0,0,0.0,0,0,215,0.0,9,3,2,0,0,0,0,0,0,0,0,2.16,4.0,4.0,0,0
2025,RB,Trevor Etienne,CAR,21,9,11.7,0,0,0,94,0,3,3,13,0,100.0,1,63,1061,5.9,0,0,0,0,0,0,0,0,0,0,0,1.63,-0.05,2.63,0,0
2025,RB,Najee Harris,,27,3,11.6,0,0,0,61,0,3,3,25,0,100.0,0,43,209,20.6,0,0,0,0,0,0,0,0,0,0,0,2.1,3.87,3.87,0,0
2025,WR,Dylan Drummond,ATL,25,3,11.2,0,0,0,0,0,11,7,42,0,63.6,0,112,496,22.6,0,0,0,0,0,0,0,0,0,0,0,1.72,3.73,3.73,0,0
2025,QB,Chris Oladokun,KC,27,3,11.2,235,1,0,18,0,0,0,0,0,0.0,2,74,88,84.1,0,0,0,0,0,0,0,0,0,0,0,3.97,3.73,3.73,0,0
2025,TE,Josiah Deguara,SF,28,2,11.1,0,0,0,0,0,5,3,21,1,60.0,0,78,738,10.6,0,0,0,0,0,0,0,0,0,0,0,3.95,5.55,5.55,0,0
2025,TE,Kylen Granson,TEN,27,4,11.0,0,0,0,0,0,9,7,40,0,77.8,0,195,988,19.7,0,0,0,0,0,0,0,0,0,0,0,2.46,2.75,2.75,0,0
2025,RB,Kene Nwangwu,NYJ,27,3,10.9,0,0,0,49,0,1,0,0,0,0.0,0,12,666,1.8,0,0,0,0,0,0,0,0,0,0,0,1.76,3.63,3.63,0,0
2025,RB,Phil Mafah,DAL,22,1,10.9,0,0,0,18,1,2,2,11,0,100.0,0,0,0,0.0,0,0,0,0,0,0,0,0,0,0,0,0.0,10.9,10.9,1,0
2025,QB,Andy Dalton,PHI,37,4,10.52,293,1,1,-2,0,0,0,0,0,0.0,2,97,1061,9.1,0,0,0,0,0,0,0,0,0,0,0,2.32,2.63,2.63,0,0
2025,WR,Ronnie Bell,NO,25,1,10.3,0,0,0,0,0,4,2,23,1,50.0,0,2,54,3.7,0,0,0,0,0,0,0,0,0,0,0,0.0,10.3,10.3,1,0
2025,WR,Robbie Chosen,,32,2,10.3,0,0,0,0,0,9,5,53,0,55.6,0,72,188,38.3,0,0,0,0,0,0,0,0,0,0,0,2.45,5.15,5.15,0,0
2025,RB,Hassan Haskins,,25,5,10.0,0,0,0,47,0,4,4,13,0,100.0,0,80,746,10.7,0,0,0,0,0,0,0,0,0,0,0,1.04,1.68,2.42,0,0
2025,QB,Kenny Pickett,CAR,27,5,9.72,188,1,2,22,0,0,0,0,0,0.0,1,68,931,7.3,0,0,0,0,0,0,0,0,0,0,0,3.5,0.31,2.85,0,0
2025,WR,Braxton Berrios,NYG,29,2,9.7,0,0,0,0,0,8,6,37,0,75.0,0,60,304,19.7,0,0,0,0,0,0,0,0,0,0,0,3.95,4.85,4.85,0,0
2025,RB,Brittain Brown,CHI,27,1,9.7,0,0,0,37,1,1,0,0,0,0.0,0,15,211,7.1,0,0,0,0,0,0,0,0,0,0,0,0.0,9.7,9.7,0,0
2025,RB,Zamir White,,25,5,9.6,0,0,0,32,0,6,4,24,0,66.7,0,60,326,18.4,0,0,0,0,0,0,0,0,0,0,0,1.27,1.58,2.35,0,0
2025,RB,DJ Giddens,IND,22,4,9.6,0,0,0,96,0,2,0,0,0,0.0,0,50,504,9.9,0,0,0,0,0,0,0,0,0,0,0,1.39,2.4,2.4,0,0
2025,WR,Cedrick Wilson,DET,29,5,9.4,0,0,0,0,0,9,5,44,0,55.6,0,170,531,32.0,0,0,0,0,0,0,0,0,0,0,0,0.46,1.7,2.05,0,0
2025,RB,Corey Kiner,ARI,23,4,9.3,0,0,0,58,0,3,2,15,0,66.7,0,16,242,6.6,0,0,0,0,0,0,0,0,0,0,0,1.8,2.33,2.33,0,0
2025,TE,Eric Saubert,SEA,31,4,9.1,0,0,0,0,0,7,4,31,0,57.1,0,254,619,41.0,0,0,0,0,0,0,0,0,0,0,0,0.43,2.28,2.28,0,0
2025,RB,AJ Dillon,CAR,27,6,9.1,0,0,0,60,0,3,3,21,0,100.0,1,48,422,11.4,0,0,0,0,0,0,0,0,0,0,0,0.37,1.3,1.73,0,0
2025,TE,Brenden Bates,CLE,25,3,8.8,0,0,0,0,0,5,4,48,0,80.0,0,115,498,23.1,0,0,0,0,0,0,0,0,0,0,0,1.1,2.93,2.93,0,0
2025,RB,Kaleb Johnson,PIT,22,10,8.8,0,0,0,69,0,2,1,9,0,50.0,0,51,816,6.3,0,0,0,0,0,0,0,0,0,0,0,0.86,0.12,1.88,0,0
2025,RB,Ty Chandler,NO,27,2,8.8,0,0,0,47,0,4,3,11,0,75.0,0,13,110,11.8,0,0,0,0,0,0,0,0,0,0,0,2.0,4.4,4.4,0,0
2025,TE,Albert Okwuegbunam,LV,27,1,8.6,0,0,0,0,0,6,5,36,0,83.3,0,31,120,25.8,0,0,0,0,0,0,0,0,0,0,0,0.0,8.6,8.6,0,0
2025,WR,Jalin Hyatt,NYG,23,2,8.5,0,0,0,0,0,14,5,35,0,35.7,0,171,845,20.2,0,0,0,0,0,0,0,0,0,0,0,0.45,4.25,4.25,0,0
2025,QB,Max Brosmer,MIN,24,7,8.22,328,0,4,11,0,0,0,0,0,0.0,1,154,831,18.5,0,0,0,0,0,0,0,0,0,0,0,1.16,0.41,1.88,0,0
2025,WR,Dee Eskridge,,28,3,8.2,0,0,0,0,0,7,4,62,0,57.1,1,88,763,11.5,0,0,0,0,0,0,0,0,0,0,0,1.25,2.73,2.73,0,0
2025,RB,British Brooks,HOU,25,2,7.8,0,0,0,78,0,0,0,0,0,0.0,0,53,966,5.5,0,0,0,0,0,0,0,0,0,0,0,2.4,3.9,3.9,0,0
2025,WR,Austin Trammell,JAX,27,2,7.6,0,0,0,0,0,10,3,46,0,30.0,0,91,470,19.4,0,0,0,0,0,0,0,0,0,0,0,1.5,3.8,3.8,0,0
2025,WR,Tom Kennedy,DET,29,1,7.6,0,0,0,0,0,4,4,36,0,100.0,0,47,327,14.4,0,0,0,0,0,0,0,0,0,0,0,0.0,7.6,7.6,0,0
2025,TE,Devin Culp,TB,25,1,7.6,0,0,0,0,0,1,1,6,1,100.0,0,56,860,6.5,0,0,0,0,0,0,0,0,0,0,0,0.0,7.6,7.6,0,0
2025,TE,Keleki Latu,BUF,23,2,7.5,0,0,0,0,0,4,4,35,0,100.0,0,34,272,12.5,0,0,0,0,0,0,0,0,0,0,0,2.35,3.75,3.75,0,0
2025,RB,Cam Akers,,26,2,7.18,32,1,0,19,0,1,0,0,0,0.0,0,9,404,2.2,0,0,0,0,0,0,0,0,0,0,0,1.69,3.59,3.59,0,0
2025,WR,Xavier Restrepo,TEN,23,2,7.1,0,0,0,0,0,7,3,41,0,42.9,0,30,135,22.2,0,0,0,0,0,0,0,0,0,0,0,1.05,3.55,3.55,0,0
2025,WR,Dareke Young,LV,26,2,6.8,0,0,0,0,0,3,2,48,0,66.7,0,53,579,9.2,0,0,0,0,0,0,0,0,0,0,0,1.2,3.4,3.4,0,0
2025,WR,Mason Kinsey,TEN,27,2,6.8,0,0,0,0,0,4,2,48,0,50.0,0,67,572,11.7,0,0,0,0,0,0,0,0,0,0,0,1.0,3.4,3.4,0,0
2025,RB,Khalil Herbert,SF,27,3,6.6,0,0,0,52,0,4,1,4,0,25.0,0,18,468,3.8,0,0,0,0,0,0,0,0,0,0,0,2.4,2.2,2.2,0,0
2025,TE,Durham Smythe,BAL,30,4,6.5,0,0,0,0,0,6,4,25,0,66.7,0,281,1099,25.6,0,0,0,0,0,0,0,0,0,0,0,0.35,1.63,1.63,0,0
2025,RB,Tahj Brooks,CIN,23,6,6.4,0,0,0,45,0,2,1,9,0,50.0,0,47,960,4.9,0,0,0,0,0,0,0,0,0,0,0,0.96,0.45,1.45,0,0
2025,RB,Evan Hull,ARI,24,6,6.4,0,0,0,48,0,1,1,6,0,100.0,0,69,331,20.8,0,0,0,0,0,0,0,0,0,0,0,0.61,0.73,1.45,0,0
2025,WR,Deven Thompkins,LV,25,2,6.2,0,0,0,5,0,3,3,27,0,100.0,0,17,404,4.2,0,0,0,0,0,0,0,0,0,0,0,1.7,3.1,3.1,0,0
2025,WR,Jalen Brooks,ARI,25,2,6.1,0,0,0,0,0,6,3,51,0,50.0,1,96,302,31.8,0,0,0,0,0,0,0,0,0,0,0,2.15,3.05,3.05,0,0
2025,WR,KhaDarel Hodge,,30,1,6.1,0,0,0,0,0,10,3,31,0,30.0,0,73,769,9.5,0,0,0,0,0,0,0,0,0,0,0,0.0,6.1,6.1,0,0
2025,WR,Charlie Jones,CIN,26,1,6.0,0,0,0,0,0,1,0,0,0,0.0,0,20,905,2.2,0,0,0,0,0,0,0,0,0,0,0,0.0,6.0,6.0,0,0
2025,TE,Ben Sims,MIA,25,3,6.0,0,0,0,0,0,6,3,30,0,50.0,0,61,604,10.1,0,0,0,0,0,0,0,0,0,0,0,0.62,2.0,2.0,0,0
2025,WR,Justin Watson,HOU,29,2,6.0,0,0,0,0,0,4,3,30,0,75.0,0,55,112,49.1,0,0,0,0,0,0,0,0,0,0,0,1.7,3.0,3.0,0,0
2025,TE,James Mitchell,CAR,26,2,5.8,0,0,0,0,0,3,3,28,0,100.0,0,47,321,14.6,0,0,0,0,0,0,0,0,0,0,0,0.8,2.9,2.9,0,0
2025,QB,Cooper Rush,ATL,31,4,5.72,303,0,4,-4,0,0,0,0,0,0.0,1,115,477,24.1,0,0,0,0,0,0,0,0,0,0,0,1.85,1.43,1.43,0,0
2025,WR,Tai Felton,MIN,22,3,5.5,0,0,0,0,0,3,3,25,0,100.0,0,37,934,4.0,0,0,0,0,0,0,0,0,0,0,0,0.17,1.83,1.83,0,0
2025,RB,Tyler Goodson,ATL,24,7,5.2,0,0,0,24,0,3,2,8,0,66.7,0,32,621,5.2,0,0,0,0,0,0,0,0,0,0,0,0.51,0.38,1.08,0,0
2025,WR,Trent Sherfield,BUF,29,3,5.1,0,0,0,0,0,5,3,21,0,60.0,0,186,797,23.3,0,0,0,0,0,0,0,0,0,0,0,0.57,1.7,1.7,0,0
2025,TE,Shane Zylstra,BUF,28,1,5.0,0,0,0,0,0,5,3,20,0,60.0,0,134,328,40.9,0,0,0,0,0,0,0,0,0,0,0,0.0,5.0,5.0,0,0
2025,RB,Reggie Gilliam,NE,28,2,4.8,0,0,0,4,0,2,2,24,0,100.0,0,220,1057,20.8,0,0,0,0,0,0,0,0,0,0,0,1.2,2.4,2.4,0,0
2025,TE,Tip Reiman,ARI,23,2,4.8,0,0,0,0,0,5,3,18,0,60.0,0,98,321,30.5,0,0,0,0,0,0,0,0,0,0,0,0.4,2.4,2.4,0,0
2025,QB,Aidan O'Connell,LV,27,1,4.78,102,0,0,7,0,0,0,0,0,0.0,0,0,42,0.0,0,0,0,0,0,0,0,0,0,0,0,0.0,4.78,4.78,0,0
2025,WR,Tahj Washington,MIA,24,2,4.7,0,0,0,0,0,5,3,37,0,60.0,1,24,342,7.0,0,0,0,0,0,0,0,0,0,0,0,2.25,2.35,2.35,0,0
2025,RB,Ronnie Rivers,LAR,26,2,4.6,0,0,0,46,0,0,0,0,0,0.0,0,16,677,2.4,0,0,0,0,0,0,0,0,0,0,0,1.8,2.3,2.3,0,0
2025,WR,Devin Duvernay,ARI,27,2,4.6,0,0,0,0,0,5,2,26,0,40.0,0,40,1099,3.6,0,0,0,0,0,0,0,0,0,0,0,1.1,2.3,2.3,0,0
2025,WR,Jordan Watkins,SF,23,2,4.6,0,0,0,0,0,3,2,26,0,66.7,0,25,359,7.0,0,0,0,0,0,0,0,0,0,0,0,0.6,2.3,2.3,0,0
2025,WR,Beaux Collins,NYG,22,2,4.5,0,0,0,0,0,6,2,25,0,33.3,0,84,602,14.0,0,0,0,0,0,0,0,0,0,0,0,0.55,2.25,2.25,0,0
2025,WR,Tay Martin,DET,27,2,4.3,0,0,0,0,0,2,2,23,0,100.0,0,30,181,16.6,0,0,0,0,0,0,0,0,0,0,0,0.25,2.15,2.15,0,0
2025,RB,Clyde Edwards-Helaire,,26,2,4.2,0,0,0,13,0,2,2,9,0,100.0,0,19,156,12.2,0,0,0,0,0,0,0,0,0,0,0,1.6,2.1,2.1,0,0
2025,WR,Nikko Remigio,KC,25,2,4.2,0,0,0,11,0,1,1,21,0,100.0,0,31,942,3.3,0,0,0,0,0,0,0,0,0,0,0,1.0,2.1,2.1,0,0
2025,RB,Nathan Carter,ATL,23,2,4.0,0,0,0,60,0,0,0,0,0,0.0,1,10,516,1.9,0,0,0,0,0,0,0,0,0,0,0,0.6,2.0,2.0,0,0
2025,WR,Jared Wayne,HOU,24,1,4.0,0,0,0,0,0,2,2,20,0,100.0,0,0,0,0.0,0,0,0,0,0,0,0,0,0,0,0,0.0,4.0,4.0,0,0
2025,RB,Julius Chestnut,TEN,24,6,4.0,0,0,0,40,0,2,0,0,0,0.0,0,40,1002,4.0,0,0,0,0,0,0,0,0,0,0,0,0.87,0.22,0.93,0,0
2025,WR,Jake Bobo,SEA,27,2,4.0,0,0,0,0,0,2,2,20,0,100.0,0,117,747,15.7,0,0,0,0,0,0,0,0,0,0,0,0.7,2.0,2.0,0,0
2025,WR,Britain Covey,PHI,28,1,4.0,0,0,0,0,0,4,2,20,0,50.0,0,5,318,1.6,0,0,0,0,0,0,0,0,0,0,0,0.0,4.0,4.0,0,0
2025,QB,Shane Buechele,BUF,27,1,3.92,88,0,0,4,0,0,0,0,0,0.0,0,0,43,0.0,0,0,0,0,0,0,0,0,0,0,0,0.0,3.92,3.92,0,0
2025,TE,Tucker Fisk,,26,2,3.9,0,0,0,0,0,4,2,19,0,50.0,0,233,682,34.2,0,0,0,0,0,0,0,0,0,0,0,0.25,1.95,1.95,0,0
2025,TE,Colson Yankoff,WAS,25,2,3.8,0,0,0,0,0,3,2,18,0,66.7,0,95,813,11.7,0,0,0,0,0,0,0,0,0,0,0,0.5,1.9,1.9,0,0
2025,RB,Dylan Laube,LV,25,5,3.7,0,0,0,9,0,4,3,18,0,75.0,1,27,931,2.9,0,0,0,0,0,0,0,0,0,0,0,1.85,0.0,1.43,0,0
2025,TE,Zaire Mitchell-Paden,NO,26,2,3.7,0,0,0,0,0,3,2,17,0,66.7,0,107,487,22.0,0,0,0,0,0,0,0,0,0,0,0,0.55,1.85,1.85,0,0
2025,RB,Dameon Pierce,PHI,25,3,3.6,0,0,0,36,0,1,0,0,0,0.0,0,23,288,8.0,0,0,0,0,0,0,0,0,0,0,0,0.67,1.2,1.2,0,0
2025,WR,Jonathan Mingo,DAL,24,1,3.5,0,0,0,0,0,5,1,25,0,20.0,0,56,450,12.4,0,0,0,0,0,0,0,0,0,0,0,0.0,3.5,3.5,0,0
2025,WR,Jakobie Keeney-James,,24,1,3.5,0,0,0,0,0,2,2,15,0,100.0,0,0,0,0.0,0,0,0,0,0,0,0,0,0,0,0,0.0,3.5,3.5,0,0
2025,TE,Lucas Krull,DEN,27,2,3.5,0,0,0,0,0,4,2,15,0,50.0,0,53,186,28.5,0,0,0,0,0,0,0,0,0,0,0,0.15,1.75,1.75,0,0
2025,WR,Jacoby Jones,WAS,24,1,3.5,0,0,0,0,0,1,1,25,0,100.0,0,11,67,16.4,0,0,0,0,0,0,0,0,0,0,0,0.0,3.5,3.5,0,0
2025,TE,Jelani Woods,NYJ,26,2,3.4,0,0,0,0,0,3,1,4,0,33.3,0,60,336,17.9,0,0,0,0,0,0,0,0,0,0,0,0.3,1.7,1.7,0,0
2025,TE,Ben Yurosek,MIN,23,2,3.4,0,0,0,0,0,3,2,14,0,66.7,0,90,633,14.2,0,0,0,0,0,0,0,0,0,0,0,0.2,1.7,1.7,0,0
2025,WR,Alex Bachman,,29,2,3.2,0,0,0,0,0,3,2,12,0,66.7,0,45,727,6.2,0,0,0,0,0,0,0,0,0,0,0,0.3,1.6,1.6,0,0
2025,WR,Velus Jones,SEA,28,1,3.2,0,0,0,32,0,0,0,0,0,0.0,0,8,474,1.7,0,0,0,0,0,0,0,0,0,0,0,0.0,3.2,3.2,0,0
2025,TE,Sal Cannella,,28,1,3.1,0,0,0,0,0,5,2,11,0,40.0,0,18,52,34.6,0,0,0,0,0,0,0,0,0,0,0,0.0,3.1,3.1,0,0
2025,TE,Moliki Matavao,NO,22,1,3.0,0,0,0,0,0,2,2,10,0,100.0,0,59,345,17.1,0,0,0,0,0,0,0,0,0,0,0,0.0,3.0,3.0,0,0
2025,QB,Clayton Tune,,26,2,2.98,42,0,1,23,0,0,0,0,0,0.0,0,8,47,17.0,0,0,0,0,0,0,0,0,0,0,0,2.17,1.49,1.49,0,0
2025,QB,Teddy Bridgewater,DET,32,3,2.88,62,0,0,4,0,0,0,0,0,0.0,0,35,1134,3.1,0,0,0,0,0,0,0,0,0,0,0,1.5,0.96,0.96,0,0
2025,WR,Andre Baccellia,,28,2,2.8,0,0,0,0,0,4,2,8,0,50.0,0,92,350,26.3,0,0,0,0,0,0,0,0,0,0,0,0.1,1.4,1.4,0,0
2025,TE,Harrison Bryant,,27,2,2.7,0,0,0,0,0,6,2,7,0,33.3,0,157,754,20.8,0,0,0,0,0,0,0,0,0,0,0,0.15,1.35,1.35,0,0
2025,WR,David Moore,CAR,30,2,2.7,0,0,0,12,0,1,1,5,0,100.0,0,81,276,29.3,0,0,0,0,0,0,0,0,0,0,0,0.15,1.35,1.35,0,0
2025,TE,Cam Grandy,CIN,25,2,2.7,0,0,0,0,0,2,2,7,0,100.0,0,28,317,8.8,0,0,0,0,0,0,0,0,0,0,0,0.25,1.35,1.35,0,0
2025,TE,Ross Dwelley,,30,2,2.7,0,0,0,0,0,5,2,7,0,40.0,0,100,636,15.7,0,0,0,0,0,0,0,0,0,0,0,0.05,1.35,1.35,0,0
2025,TE,Will Mallory,IND,26,1,2.6,0,0,0,0,0,1,1,16,0,100.0,0,16,123,13.0,0,0,0,0,0,0,0,0,0,0,0,0.0,2.6,2.6,0,0
2025,WR,Anthony Gould,IND,24,2,2.6,0,0,0,0,0,2,2,6,0,100.0,0,58,675,8.6,0,0,0,0,0,0,0,0,0,0,0,0.0,1.3,1.3,0,0
2025,QB,Tyson Bagent,CHI,25,2,2.58,47,0,0,7,0,0,0,0,0,0.0,0,14,1033,1.4,0,0,0,0,0,0,0,0,0,0,0,0.49,1.29,1.29,0,0
2025,RB,D'Ernest Johnson,,29,4,2.5,0,0,0,25,0,0,0,0,0,0.0,0,37,464,8.0,0,0,0,0,0,0,0,0,0,0,0,0.43,0.63,0.63,0,0
2025,WR,Tim Jones,JAX,27,1,2.5,0,0,0,0,0,1,1,15,0,100.0,0,26,245,10.6,0,0,0,0,0,0,0,0,0,0,0,0.0,2.5,2.5,0,0
2025,TE,Blake Whiteheart,CLE,25,2,2.4,0,0,0,0,0,6,2,4,0,33.3,0,211,1031,20.5,0,0,0,0,0,0,0,0,0,0,0,0.2,1.2,1.2,0,0
2025,WR,Jalen Royals,KC,22,1,2.4,0,0,0,0,0,3,2,4,0,66.7,0,43,503,8.5,0,0,0,0,0,0,0,0,0,0,0,0.0,2.4,2.4,0,0
2025,QB,Anthony Richardson,IND,23,2,2.16,9,0,0,-1,0,1,1,9,0,100.0,0,14,328,4.3,0,0,0,0,0,0,0,0,0,0,0,1.18,1.08,1.08,0,0
2025,TE,Payne Durham,TB,25,1,2.1,0,0,0,0,0,4,1,11,0,25.0,0,354,1134,31.2,0,0,0,0,0,0,0,0,0,0,0,0.0,2.1,2.1,0,0
2025,QB,Joshua Dobbs,,30,4,2.1,65,0,0,-5,0,0,0,0,0,0.0,0,30,1035,2.9,0,0,0,0,0,0,0,0,0,0,0,0.52,0.53,0.53,0,0
2025,RB,DeeJay Dallas,JAX,26,1,2.1,0,0,0,21,0,1,0,0,0,0.0,0,26,322,8.1,0,0,0,0,0,0,0,0,0,0,0,0.0,2.1,2.1,0,0
2025,TE,Pharaoh Brown,,31,1,2.1,0,0,0,0,0,2,2,1,0,100.0,0,47,407,11.5,0,0,0,0,0,0,0,0,0,0,0,0.0,2.1,2.1,0,0
2025,WR,Quentin Skinner,BUF,23,1,2.0,0,0,0,0,0,1,1,10,0,100.0,0,0,0,0.0,0,0,0,0,0,0,0,0,0,0,0,0.0,2.0,2.0,0,0
2025,RB,Jacardia Wright,SEA,24,1,2.0,0,0,0,20,0,0,0,0,0,0.0,0,5,57,8.8,0,0,0,0,0,0,0,0,0,0,0,0.0,2.0,2.0,0,0
2025,QB,Brandon Allen,NYG,32,1,1.88,72,0,1,0,0,0,0,0,0,0.0,0,0,1002,0.0,0,0,0,0,0,0,0,0,0,0,0,0.0,1.88,1.88,0,0
2025,WR,Bryce Oliver,TEN,25,1,1.8,0,0,0,0,0,1,1,8,0,100.0,0,11,123,8.9,0,0,0,0,0,0,0,0,0,0,0,0.0,1.8,1.8,0,0
2025,RB,Roschon Johnson,CHI,24,2,1.7,0,0,0,17,0,0,0,0,0,0.0,0,4,471,0.8,0,0,0,0,0,0,0,0,0,0,0,0.25,0.85,0.85,0,0
2025,TE,Chris Manhertz,NYG,33,1,1.7,0,0,0,0,0,2,1,7,0,50.0,0,185,1072,17.3,0,0,0,0,0,0,0,0,0,0,0,0.0,1.7,1.7,0,0
2025,WR,Derius Davis,LAC,24,4,1.5,0,0,0,5,0,3,2,10,0,66.7,1,37,685,5.4,0,0,0,0,0,0,0,0,0,0,0,1.36,0.38,0.38,0,0
2025,TE,Jared Wiley,KC,24,1,1.4,0,0,0,0,0,1,1,4,0,100.0,0,16,218,7.3,0,0,0,0,0,0,0,0,0,0,0,0.0,1.4,1.4,0,0
2025,QB,Zach Wilson,NO,26,2,1.38,32,0,0,1,0,0,0,0,0,0.0,0,23,869,2.6,0,0,0,0,0,0,0,0,0,0,0,0.89,0.69,0.69,0,0
2025,TE,Drake Dabney,GB,23,1,1.3,0,0,0,0,0,2,1,3,0,50.0,0,7,47,14.9,0,0,0,0,0,0,0,0,0,0,0,0.0,1.3,1.3,0,0
2025,WR,Samori Toure,PHI,27,1,1.3,0,0,0,0,0,3,1,3,0,33.3,0,0,0,0.0,0,0,0,0,0,0,0,0,0,0,0,0.0,1.3,1.3,0,0
2025,TE,Carter Runyon,LV,24,1,1.3,0,0,0,0,0,1,1,3,0,100.0,0,37,672,5.5,0,0,0,0,0,0,0,0,0,0,0,0.0,1.3,1.3,0,0
2025,TE,Robert Tonyan,PIT,31,1,1.1,0,0,0,0,0,1,1,1,0,100.0,0,131,1049,12.5,0,0,0,0,0,0,0,0,0,0,0,0.0,1.1,1.1,0,0
2025,RB,Jacob Saylors,DET,24,1,1.1,0,0,0,11,0,0,0,0,0,0.0,0,8,956,0.8,0,0,0,0,0,0,0,0,0,0,0,0.0,1.1,1.1,0,0
2025,RB,Josh Williams,TB,24,1,1.1,0,0,0,11,0,0,0,0,0,0.0,0,8,255,3.1,0,0,0,0,0,0,0,0,0,0,0,0.0,1.1,1.1,0,0
2025,TE,Nikola Kalinic,CHI,28,1,1.0,0,0,0,0,0,0,0,0,0,0.0,0,0,65,0.0,0,0,0,0,0,0,0,0,0,0,0,0.0,1.0,1.0,0,0
2025,RB,Isaac Guerendo,SF,25,1,1.0,0,0,0,0,0,0,0,0,0,0.0,0,0,943,0.0,0,0,0,0,0,0,0,0,0,0,0,0.0,1.0,1.0,0,0
2025,TE,Jack Westover,NE,26,1,1.0,0,0,0,0,0,2,1,0,0,50.0,0,216,1035,20.9,0,0,0,0,0,0,0,0,0,0,0,0.0,1.0,1.0,0,0
2025,RB,Amar Johnson,LAC,22,1,0.8,0,0,0,8,0,1,0,0,0,0.0,0,4,113,3.5,0,0,0,0,0,0,0,0,0,0,0,0.0,0.8,0.8,0,0
2025,RB,Kalel Mullings,TEN,22,2,0.7,0,0,0,7,0,0,0,0,0,0.0,0,12,528,2.3,0,0,0,0,0,0,0,0,0,0,0,0.05,0.35,0.35,0,0
2025,QB,Gardner Minshew,ARI,29,4,0.68,37,0,1,2,0,0,0,0,0,0.0,0,41,1006,4.1,0,0,0,0,0,0,0,0,0,0,0,0.71,0.17,0.17,0,0
2025,RB,Myles Gaskin,,28,1,0.6,0,0,0,6,0,0,0,0,0,0.0,0,0,0,0.0,0,0,0,0,0,0,0,0,0,0,0,0.0,0.6,0.6,0,0
2025,RB,Owen Wright,,26,1,0.6,0,0,0,6,0,0,0,0,0,0.0,0,7,262,2.7,0,0,0,0,0,0,0,0,0,0,0,0.0,0.6,0.6,0,0
2025,WR,Ke'Shawn Williams,CIN,23,4,0.5,0,0,0,10,0,1,1,5,0,100.0,1,21,611,3.4,0,0,0,0,0,0,0,0,0,0,0,1.32,0.13,0.13,0,0
2025,RB,Sione Vaki,DET,24,1,0.4,0,0,0,4,0,0,0,0,0,0.0,0,1,656,0.2,0,0,0,0,0,0,0,0,0,0,0,0.0,0.4,0.4,0,0
2025,RB,Craig Reynolds,,29,1,0.4,0,0,0,4,0,0,0,0,0,0.0,0,4,440,0.9,0,0,0,0,0,0,0,0,0,0,0,0.0,0.4,0.4,0,0
2025,TE,Feleipe Franks,CAR,27,2,0.4,0,0,0,4,0,0,0,0,0,0.0,0,13,1033,1.3,0,0,0,0,0,0,0,0,0,0,0,0.0,0.2,0.2,0,0
2025,RB,Kendall Milton,CIN,23,1,0.2,0,0,0,2,0,0,0,0,0,0.0,0,4,66,6.1,0,0,0,0,0,0,0,0,0,0,0,0.0,0.2,0.2,0,0
2025,QB,Drew Lock,SEA,28,2,0.1,15,0,0,-5,0,0,0,0,0,0.0,0,38,1064,3.6,0,0,0,0,0,0,0,0,0,0,0,0.45,0.05,0.05,0,0
2025,WR,Malik Cunningham,DET,26,1,0.1,0,0,0,1,0,0,0,0,0,0.0,0,1,62,1.6,0,0,0,0,0,0,0,0,0,0,0,0.0,0.1,0.1,0,0
2025,QB,Jalen Milroe,SEA,22,3,0.0,0,0,0,4,0,0,0,0,0,0.0,1,3,284,1.1,0,0,0,0,0,0,0,0,0,0,0,1.04,-0.53,-0.53,0,0
2025,WR,Xavier Gipson,NYG,24,3,0.0,0,0,0,0,0,2,2,6,0,100.0,2,9,305,3.0,0,0,0,0,0,0,0,0,0,0,0,1.36,-0.47,-0.47,0,0
2025,QB,Nick Mullens,JAX,30,4,0.0,19,0,0,-8,0,0,0,0,0,0.0,0,25,1089,2.3,0,0,0,0,0,0,0,0,0,0,0,0.28,-0.01,-0.01,0,0
